2023-11-25;Medio Pollo;5.00
2023-11-25;Posta De Gallina;1.00
2023-11-27;Pechuga Con Ala;2.00
2023-11-30;Chincaca;3.00
2023-11-30;Medio Pollo;3.00
2024-05-18;Huesos Corriente;1.00
2024-05-18;Pechuga Con Ala;2.00
2024-05-19;Chincaca;1.00
2024-05-19;Costilla Alta;4.00
2024-05-19;Higado De Pollo;5.00
2024-05-19;Posta de Pierna;3.00
2024-06-03;Conito;5.00
2024-06-03;Lomo de Cerdo;2.00
2024-06-03;Medio Pollo;3.00
2024-06-03;Menudo;5.00
2024-06-03;Pechuga Con Ala;7.00
2024-06-03;Posta de Corona;5.00
2024-06-03;Salchichon;5.00
2024-06-08;Pechuga Con Ala;6.00
2024-06-09;Pechuga Con Ala;5.00
2024-06-21;Crema Perfecta;3.00
2024-06-24;Lomo de Res;3.00
2024-06-24;Posta de Corona;3.00
2024-06-24;Queso;1.00
2024-07-02;Costilla de Cerdo;12.00
2024-07-02;Pechuga Con Ala;5.00
2024-07-02;Queso;3.00
2024-07-02;Salchichon;4.00
2024-07-03;Lomo de Res;10.00
2024-07-04;Centrolac leche entera 472 ml;4.00
2024-07-04;Conito;10.00
2024-07-04;Costilla de Cerdo;2.00
2024-07-04;Crema Perfecta;1.00
2024-07-04;Lomo de Res;3.00
2024-07-04;Posta de Corona;4.00
2024-07-07;Muslo Especial;10.00
2024-11-26;Centrolac leche entera 472 ml;2.39
2024-11-26;"Centrolac milk whole 1000 ml ";1.35
2024-11-26;Chincaca;2.34
2024-11-26;Chorizo Criollo;2.74
2024-11-26;Conito;2.22
2024-11-26;Costilla Alta;1.29
2024-11-26;Costilla de Cerdo;1.49
2024-11-26;Crema Perfecta;1.96
2024-11-26;Higado De Pollo;3.90
2024-11-26;Huesos Corriente;1.61
2024-11-26;Lomo de Cerdo;1.31
2024-11-26;Lomo de Res;1.84
2024-11-26;Medio Pollo;1.03
2024-11-26;Menudo;1.63
2024-11-26;Mortadela;3.37
2024-11-26;Muslo;1.12
2024-11-26;Muslo Especial;2.09
2024-11-26;Pechuga Con Ala;2.46
2024-11-26;Pechuga Especial;2.33
2024-11-26;Pierna Entera;1.82
2024-11-26;Pierna Especial;3.83
2024-11-26;Posta de Cerdo;2.80
2024-11-26;Posta de Corona;2.68
2024-11-26;Posta De Gallina;1.94
2024-11-26;Posta de Pierna;1.42
2024-11-26;Producto de Prueba;3.99
2024-11-26;Punta de Cacho;1.31
2024-11-26;Queso;3.40
2024-11-26;Salchicha;3.56
2024-11-26;Salchichon;3.79
2024-11-26;Sesina;1.73
2024-11-26;Titiles;2.77
2024-11-27;Centrolac leche entera 472 ml;2.35
2024-11-27;"Centrolac milk whole 1000 ml ";1.02
2024-11-27;Chincaca;2.49
2024-11-27;Chorizo Criollo;3.95
2024-11-27;Conito;3.86
2024-11-27;Costilla Alta;2.29
2024-11-27;Costilla de Cerdo;1.25
2024-11-27;Crema Perfecta;3.13
2024-11-27;Higado De Pollo;2.18
2024-11-27;Huesos Corriente;3.49
2024-11-27;Lomo de Cerdo;1.86
2024-11-27;Lomo de Res;1.13
2024-11-27;Medio Pollo;3.28
2024-11-27;Menudo;3.23
2024-11-27;Mortadela;1.24
2024-11-27;Muslo;1.99
2024-11-27;Muslo Especial;2.61
2024-11-27;Pechuga Con Ala;3.70
2024-11-27;Pechuga Especial;1.37
2024-11-27;Pierna Entera;2.30
2024-11-27;Pierna Especial;1.52
2024-11-27;Posta de Cerdo;3.55
2024-11-27;Posta de Corona;3.78
2024-11-27;Posta De Gallina;3.06
2024-11-27;Posta de Pierna;3.64
2024-11-27;Producto de Prueba;1.24
2024-11-27;Punta de Cacho;3.36
2024-11-27;Queso;2.11
2024-11-27;Salchicha;1.80
2024-11-27;Salchichon;2.40
2024-11-27;Sesina;2.69
2024-11-27;Titiles;2.59
2024-11-28;Centrolac leche entera 472 ml;1.73
2024-11-28;"Centrolac milk whole 1000 ml ";3.78
2024-11-28;Chincaca;1.28
2024-11-28;Chorizo Criollo;1.22
2024-11-28;Conito;2.78
2024-11-28;Costilla Alta;3.36
2024-11-28;Costilla de Cerdo;1.95
2024-11-28;Crema Perfecta;1.28
2024-11-28;Higado De Pollo;2.98
2024-11-28;Huesos Corriente;3.69
2024-11-28;Lomo de Cerdo;3.28
2024-11-28;Lomo de Res;2.96
2024-11-28;Medio Pollo;1.79
2024-11-28;Menudo;1.27
2024-11-28;Mortadela;2.59
2024-11-28;Muslo;3.91
2024-11-28;Muslo Especial;1.12
2024-11-28;Pechuga Con Ala;1.46
2024-11-28;Pechuga Especial;3.57
2024-11-28;Pierna Entera;2.86
2024-11-28;Pierna Especial;1.04
2024-11-28;Posta de Cerdo;3.64
2024-11-28;Posta de Corona;3.03
2024-11-28;Posta De Gallina;1.63
2024-11-28;Posta de Pierna;2.32
2024-11-28;Producto de Prueba;3.23
2024-11-28;Punta de Cacho;1.38
2024-11-28;Queso;3.15
2024-11-28;Salchicha;1.61
2024-11-28;Salchichon;3.62
2024-11-28;Sesina;3.81
2024-11-28;Titiles;1.27
2024-11-29;Centrolac leche entera 472 ml;3.12
2024-11-29;"Centrolac milk whole 1000 ml ";1.09
2024-11-29;Chincaca;2.98
2024-11-29;Chorizo Criollo;1.66
2024-11-29;Conito;3.34
2024-11-29;Costilla Alta;3.99
2024-11-29;Costilla de Cerdo;3.19
2024-11-29;Crema Perfecta;2.80
2024-11-29;Higado De Pollo;2.06
2024-11-29;Huesos Corriente;1.79
2024-11-29;Lomo de Cerdo;3.90
2024-11-29;Lomo de Res;1.63
2024-11-29;Medio Pollo;3.07
2024-11-29;Menudo;2.70
2024-11-29;Mortadela;2.97
2024-11-29;Muslo;3.29
2024-11-29;Muslo Especial;2.45
2024-11-29;Pechuga Con Ala;1.49
2024-11-29;Pechuga Especial;2.82
2024-11-29;Pierna Entera;3.87
2024-11-29;Pierna Especial;1.04
2024-11-29;Posta de Cerdo;2.45
2024-11-29;Posta de Corona;1.87
2024-11-29;Posta De Gallina;1.81
2024-11-29;Posta de Pierna;3.57
2024-11-29;Producto de Prueba;3.81
2024-11-29;Punta de Cacho;3.71
2024-11-29;Queso;2.44
2024-11-29;Salchicha;3.98
2024-11-29;Salchichon;3.92
2024-11-29;Sesina;3.30
2024-11-29;Titiles;1.28
2024-11-30;Centrolac leche entera 472 ml;2.94
2024-11-30;"Centrolac milk whole 1000 ml ";3.54
2024-11-30;Chincaca;3.15
2024-11-30;Chorizo Criollo;3.81
2024-11-30;Conito;3.46
2024-11-30;Costilla Alta;3.40
2024-11-30;Costilla de Cerdo;4.20
2024-11-30;Crema Perfecta;3.43
2024-11-30;Higado De Pollo;6.19
2024-11-30;Huesos Corriente;3.95
2024-11-30;Lomo de Cerdo;1.66
2024-11-30;Lomo de Res;3.06
2024-11-30;Medio Pollo;1.07
2024-11-30;Menudo;3.49
2024-11-30;Mortadela;1.82
2024-11-30;Muslo;1.54
2024-11-30;Muslo Especial;3.74
2024-11-30;Pechuga Con Ala;1.03
2024-11-30;Pechuga Especial;2.49
2024-11-30;Pierna Entera;3.13
2024-11-30;Pierna Especial;3.35
2024-11-30;Posta de Cerdo;3.44
2024-11-30;Posta de Corona;1.84
2024-11-30;Posta De Gallina;3.50
2024-11-30;Posta de Pierna;2.87
2024-11-30;Producto de Prueba;3.73
2024-11-30;Punta de Cacho;1.80
2024-11-30;Queso;2.39
2024-11-30;Salchicha;1.21
2024-11-30;Salchichon;1.23
2024-11-30;Sesina;2.41
2024-11-30;Titiles;2.35
2024-12-01;Centrolac leche entera 472 ml;1.48
2024-12-01;"Centrolac milk whole 1000 ml ";2.89
2024-12-01;Chincaca;2.80
2024-12-01;Chorizo Criollo;2.16
2024-12-01;Conito;3.65
2024-12-01;Costilla Alta;3.40
2024-12-01;Costilla de Cerdo;3.24
2024-12-01;Crema Perfecta;2.73
2024-12-01;Higado De Pollo;1.44
2024-12-01;Huesos Corriente;1.74
2024-12-01;Lomo de Cerdo;3.64
2024-12-01;Lomo de Res;2.34
2024-12-01;Medio Pollo;3.86
2024-12-01;Menudo;1.05
2024-12-01;Mortadela;3.25
2024-12-01;Muslo;3.69
2024-12-01;Muslo Especial;3.19
2024-12-01;Pechuga Con Ala;2.74
2024-12-01;Pechuga Especial;1.69
2024-12-01;Pierna Entera;3.45
2024-12-01;Pierna Especial;3.15
2024-12-01;Posta de Cerdo;2.11
2024-12-01;Posta de Corona;2.25
2024-12-01;Posta De Gallina;3.12
2024-12-01;Posta de Pierna;3.34
2024-12-01;Producto de Prueba;3.42
2024-12-01;Punta de Cacho;3.95
2024-12-01;Queso;3.06
2024-12-01;Salchicha;2.34
2024-12-01;Salchichon;2.21
2024-12-01;Sesina;3.24
2024-12-01;Titiles;1.56
2024-12-02;Centrolac leche entera 472 ml;1.41
2024-12-02;"Centrolac milk whole 1000 ml ";2.51
2024-12-02;Chincaca;3.15
2024-12-02;Chorizo Criollo;1.49
2024-12-02;Conito;1.69
2024-12-02;Costilla Alta;1.41
2024-12-02;Costilla de Cerdo;1.17
2024-12-02;Crema Perfecta;2.39
2024-12-02;Higado De Pollo;3.70
2024-12-02;Huesos Corriente;3.32
2024-12-02;Lomo de Cerdo;1.62
2024-12-02;Lomo de Res;3.30
2024-12-02;Medio Pollo;2.35
2024-12-02;Menudo;1.44
2024-12-02;Mortadela;3.37
2024-12-02;Muslo;3.39
2024-12-02;Muslo Especial;1.12
2024-12-02;Pechuga Con Ala;1.44
2024-12-02;Pechuga Especial;3.22
2024-12-02;Pierna Entera;2.83
2024-12-02;Pierna Especial;1.92
2024-12-02;Posta de Cerdo;3.49
2024-12-02;Posta de Corona;2.39
2024-12-02;Posta De Gallina;1.12
2024-12-02;Posta de Pierna;3.96
2024-12-02;Producto de Prueba;1.26
2024-12-02;Punta de Cacho;1.94
2024-12-02;Queso;3.07
2024-12-02;Salchicha;2.97
2024-12-02;Salchichon;2.78
2024-12-02;Sesina;3.17
2024-12-02;Titiles;2.81
2024-12-03;Centrolac leche entera 472 ml;2.60
2024-12-03;"Centrolac milk whole 1000 ml ";3.86
2024-12-03;Chincaca;3.08
2024-12-03;Chorizo Criollo;2.45
2024-12-03;Conito;2.76
2024-12-03;Costilla Alta;1.07
2024-12-03;Costilla de Cerdo;1.37
2024-12-03;Crema Perfecta;2.76
2024-12-03;Higado De Pollo;4.00
2024-12-03;Huesos Corriente;1.04
2024-12-03;Lomo de Cerdo;1.45
2024-12-03;Lomo de Res;3.09
2024-12-03;Medio Pollo;3.53
2024-12-03;Menudo;3.25
2024-12-03;Mortadela;3.02
2024-12-03;Muslo;3.41
2024-12-03;Muslo Especial;1.44
2024-12-03;Pechuga Con Ala;2.68
2024-12-03;Pechuga Especial;3.93
2024-12-03;Pierna Entera;3.89
2024-12-03;Pierna Especial;2.80
2024-12-03;Posta de Cerdo;3.68
2024-12-03;Posta de Corona;1.40
2024-12-03;Posta De Gallina;2.84
2024-12-03;Posta de Pierna;2.26
2024-12-03;Producto de Prueba;3.47
2024-12-03;Punta de Cacho;1.77
2024-12-03;Queso;2.09
2024-12-03;Salchicha;2.96
2024-12-03;Salchichon;2.02
2024-12-03;Sesina;3.90
2024-12-03;Titiles;2.51
2024-12-04;Centrolac leche entera 472 ml;3.84
2024-12-04;"Centrolac milk whole 1000 ml ";3.40
2024-12-04;Chincaca;3.33
2024-12-04;Chorizo Criollo;2.68
2024-12-04;Conito;3.00
2024-12-04;Costilla Alta;3.15
2024-12-04;Costilla de Cerdo;1.72
2024-12-04;Crema Perfecta;1.10
2024-12-04;Higado De Pollo;3.42
2024-12-04;Huesos Corriente;3.29
2024-12-04;Lomo de Cerdo;1.93
2024-12-04;Lomo de Res;2.10
2024-12-04;Medio Pollo;2.64
2024-12-04;Menudo;2.55
2024-12-04;Mortadela;1.29
2024-12-04;Muslo;3.36
2024-12-04;Muslo Especial;3.45
2024-12-04;Pechuga Con Ala;3.91
2024-12-04;Pechuga Especial;1.39
2024-12-04;Pierna Entera;1.55
2024-12-04;Pierna Especial;1.77
2024-12-04;Posta de Cerdo;2.68
2024-12-04;Posta de Corona;1.04
2024-12-04;Posta De Gallina;3.08
2024-12-04;Posta de Pierna;2.19
2024-12-04;Producto de Prueba;3.93
2024-12-04;Punta de Cacho;2.40
2024-12-04;Queso;1.36
2024-12-04;Salchicha;1.36
2024-12-04;Salchichon;2.50
2024-12-04;Sesina;4.00
2024-12-04;Titiles;2.23
2024-12-05;Centrolac leche entera 472 ml;2.15
2024-12-05;"Centrolac milk whole 1000 ml ";1.35
2024-12-05;Chincaca;1.55
2024-12-05;Chorizo Criollo;3.56
2024-12-05;Conito;3.28
2024-12-05;Costilla Alta;1.62
2024-12-05;Costilla de Cerdo;2.84
2024-12-05;Crema Perfecta;2.41
2024-12-05;Higado De Pollo;1.60
2024-12-05;Huesos Corriente;3.77
2024-12-05;Lomo de Cerdo;3.51
2024-12-05;Lomo de Res;3.58
2024-12-05;Medio Pollo;3.78
2024-12-05;Menudo;2.41
2024-12-05;Mortadela;1.29
2024-12-05;Muslo;1.99
2024-12-05;Muslo Especial;1.90
2024-12-05;Pechuga Con Ala;2.26
2024-12-05;Pechuga Especial;3.85
2024-12-05;Pierna Entera;3.70
2024-12-05;Pierna Especial;1.19
2024-12-05;Posta de Cerdo;1.11
2024-12-05;Posta de Corona;3.60
2024-12-05;Posta De Gallina;1.26
2024-12-05;Posta de Pierna;1.52
2024-12-05;Producto de Prueba;1.67
2024-12-05;Punta de Cacho;2.62
2024-12-05;Queso;2.25
2024-12-05;Salchicha;2.79
2024-12-05;Salchichon;1.70
2024-12-05;Sesina;3.86
2024-12-05;Titiles;2.15
2024-12-06;Centrolac leche entera 472 ml;3.46
2024-12-06;"Centrolac milk whole 1000 ml ";2.19
2024-12-06;Chincaca;1.53
2024-12-06;Chorizo Criollo;1.65
2024-12-06;Conito;3.48
2024-12-06;Costilla Alta;1.09
2024-12-06;Costilla de Cerdo;3.06
2024-12-06;Crema Perfecta;1.17
2024-12-06;Higado De Pollo;2.71
2024-12-06;Huesos Corriente;3.14
2024-12-06;Lomo de Cerdo;2.84
2024-12-06;Lomo de Res;1.85
2024-12-06;Medio Pollo;2.16
2024-12-06;Menudo;3.99
2024-12-06;Mortadela;3.62
2024-12-06;Muslo;3.47
2024-12-06;Muslo Especial;2.86
2024-12-06;Pechuga Con Ala;1.02
2024-12-06;Pechuga Especial;1.47
2024-12-06;Pierna Entera;3.44
2024-12-06;Pierna Especial;1.60
2024-12-06;Posta de Cerdo;1.79
2024-12-06;Posta de Corona;1.70
2024-12-06;Posta De Gallina;2.62
2024-12-06;Posta de Pierna;3.05
2024-12-06;Producto de Prueba;3.62
2024-12-06;Punta de Cacho;1.43
2024-12-06;Queso;2.38
2024-12-06;Salchicha;2.91
2024-12-06;Salchichon;2.08
2024-12-06;Sesina;1.81
2024-12-06;Titiles;3.86
2024-12-07;Centrolac leche entera 472 ml;3.43
2024-12-07;"Centrolac milk whole 1000 ml ";2.24
2024-12-07;Chincaca;3.97
2024-12-07;Chorizo Criollo;1.59
2024-12-07;Conito;1.46
2024-12-07;Costilla Alta;3.77
2024-12-07;Costilla de Cerdo;3.54
2024-12-07;Crema Perfecta;3.65
2024-12-07;Higado De Pollo;3.00
2024-12-07;Huesos Corriente;2.14
2024-12-07;Lomo de Cerdo;3.05
2024-12-07;Lomo de Res;1.52
2024-12-07;Medio Pollo;1.05
2024-12-07;Menudo;3.84
2024-12-07;Mortadela;2.67
2024-12-07;Muslo;3.27
2024-12-07;Muslo Especial;2.92
2024-12-07;Pechuga Con Ala;1.91
2024-12-07;Pechuga Especial;2.86
2024-12-07;Pierna Entera;1.22
2024-12-07;Pierna Especial;2.13
2024-12-07;Posta de Cerdo;2.60
2024-12-07;Posta de Corona;1.78
2024-12-07;Posta De Gallina;2.45
2024-12-07;Posta de Pierna;1.58
2024-12-07;Producto de Prueba;3.37
2024-12-07;Punta de Cacho;2.44
2024-12-07;Queso;2.47
2024-12-07;Salchicha;1.19
2024-12-07;Salchichon;3.95
2024-12-07;Sesina;3.98
2024-12-07;Titiles;1.16
2024-12-08;Centrolac leche entera 472 ml;2.75
2024-12-08;"Centrolac milk whole 1000 ml ";2.93
2024-12-08;Chincaca;2.56
2024-12-08;Chorizo Criollo;3.56
2024-12-08;Conito;2.65
2024-12-08;Costilla Alta;1.77
2024-12-08;Costilla de Cerdo;1.99
2024-12-08;Crema Perfecta;1.50
2024-12-08;Higado De Pollo;1.56
2024-12-08;Huesos Corriente;3.81
2024-12-08;Lomo de Cerdo;3.72
2024-12-08;Lomo de Res;1.12
2024-12-08;Medio Pollo;2.54
2024-12-08;Menudo;3.21
2024-12-08;Mortadela;3.38
2024-12-08;Muslo;1.57
2024-12-08;Muslo Especial;3.02
2024-12-08;Pechuga Con Ala;1.31
2024-12-08;Pechuga Especial;3.71
2024-12-08;Pierna Entera;1.99
2024-12-08;Pierna Especial;3.34
2024-12-08;Posta de Cerdo;2.77
2024-12-08;Posta de Corona;1.89
2024-12-08;Posta De Gallina;2.00
2024-12-08;Posta de Pierna;1.21
2024-12-08;Producto de Prueba;3.79
2024-12-08;Punta de Cacho;1.30
2024-12-08;Queso;1.09
2024-12-08;Salchicha;3.55
2024-12-08;Salchichon;2.83
2024-12-08;Sesina;2.83
2024-12-08;Titiles;2.57
2024-12-09;Centrolac leche entera 472 ml;3.03
2024-12-09;"Centrolac milk whole 1000 ml ";3.14
2024-12-09;Chincaca;2.92
2024-12-09;Chorizo Criollo;3.17
2024-12-09;Conito;2.14
2024-12-09;Costilla Alta;3.81
2024-12-09;Costilla de Cerdo;2.58
2024-12-09;Crema Perfecta;1.98
2024-12-09;Higado De Pollo;2.00
2024-12-09;Huesos Corriente;3.77
2024-12-09;Lomo de Cerdo;3.18
2024-12-09;Lomo de Res;2.67
2024-12-09;Medio Pollo;2.54
2024-12-09;Menudo;2.74
2024-12-09;Mortadela;3.94
2024-12-09;Muslo;2.17
2024-12-09;Muslo Especial;2.51
2024-12-09;Pechuga Con Ala;3.65
2024-12-09;Pechuga Especial;3.92
2024-12-09;Pierna Entera;3.75
2024-12-09;Pierna Especial;2.42
2024-12-09;Posta de Cerdo;1.91
2024-12-09;Posta de Corona;1.02
2024-12-09;Posta De Gallina;3.30
2024-12-09;Posta de Pierna;1.52
2024-12-09;Producto de Prueba;1.74
2024-12-09;Punta de Cacho;2.18
2024-12-09;Queso;2.03
2024-12-09;Salchicha;1.47
2024-12-09;Salchichon;3.13
2024-12-09;Sesina;2.84
2024-12-09;Titiles;2.55
2024-12-10;Centrolac leche entera 472 ml;3.74
2024-12-10;"Centrolac milk whole 1000 ml ";3.39
2024-12-10;Chincaca;1.96
2024-12-10;Chorizo Criollo;1.12
2024-12-10;Conito;1.76
2024-12-10;Costilla Alta;1.21
2024-12-10;Costilla de Cerdo;2.25
2024-12-10;Crema Perfecta;1.95
2024-12-10;Higado De Pollo;2.90
2024-12-10;Huesos Corriente;2.30
2024-12-10;Lomo de Cerdo;2.46
2024-12-10;Lomo de Res;2.63
2024-12-10;Medio Pollo;1.24
2024-12-10;Menudo;1.72
2024-12-10;Mortadela;2.25
2024-12-10;Muslo;1.42
2024-12-10;Muslo Especial;1.10
2024-12-10;Pechuga Con Ala;1.30
2024-12-10;Pechuga Especial;2.56
2024-12-10;Pierna Entera;3.05
2024-12-10;Pierna Especial;1.12
2024-12-10;Posta de Cerdo;3.20
2024-12-10;Posta de Corona;1.72
2024-12-10;Posta De Gallina;2.65
2024-12-10;Posta de Pierna;2.37
2024-12-10;Producto de Prueba;2.88
2024-12-10;Punta de Cacho;3.42
2024-12-10;Queso;1.30
2024-12-10;Salchicha;1.86
2024-12-10;Salchichon;1.60
2024-12-10;Sesina;3.58
2024-12-10;Titiles;1.84
2024-12-11;Centrolac leche entera 472 ml;1.21
2024-12-11;"Centrolac milk whole 1000 ml ";1.94
2024-12-11;Chincaca;2.80
2024-12-11;Chorizo Criollo;2.52
2024-12-11;Conito;3.96
2024-12-11;Costilla Alta;1.40
2024-12-11;Costilla de Cerdo;1.48
2024-12-11;Crema Perfecta;3.24
2024-12-11;Higado De Pollo;3.85
2024-12-11;Huesos Corriente;3.04
2024-12-11;Lomo de Cerdo;1.34
2024-12-11;Lomo de Res;3.78
2024-12-11;Medio Pollo;3.90
2024-12-11;Menudo;1.37
2024-12-11;Mortadela;2.80
2024-12-11;Muslo;1.95
2024-12-11;Muslo Especial;1.72
2024-12-11;Pechuga Con Ala;1.22
2024-12-11;Pechuga Especial;3.05
2024-12-11;Pierna Entera;3.28
2024-12-11;Pierna Especial;3.54
2024-12-11;Posta de Cerdo;1.01
2024-12-11;Posta de Corona;1.73
2024-12-11;Posta De Gallina;1.63
2024-12-11;Posta de Pierna;3.66
2024-12-11;Producto de Prueba;3.88
2024-12-11;Punta de Cacho;1.42
2024-12-11;Queso;2.85
2024-12-11;Salchicha;1.25
2024-12-11;Salchichon;2.82
2024-12-11;Sesina;2.22
2024-12-11;Titiles;1.98
2024-12-12;Centrolac leche entera 472 ml;2.20
2024-12-12;"Centrolac milk whole 1000 ml ";1.59
2024-12-12;Chincaca;3.30
2024-12-12;Chorizo Criollo;3.26
2024-12-12;Conito;2.46
2024-12-12;Costilla Alta;2.64
2024-12-12;Costilla de Cerdo;2.96
2024-12-12;Crema Perfecta;1.65
2024-12-12;Higado De Pollo;2.26
2024-12-12;Huesos Corriente;1.71
2024-12-12;Lomo de Cerdo;3.63
2024-12-12;Lomo de Res;3.46
2024-12-12;Medio Pollo;1.08
2024-12-12;Menudo;3.59
2024-12-12;Mortadela;1.47
2024-12-12;Muslo;3.08
2024-12-12;Muslo Especial;1.26
2024-12-12;Pechuga Con Ala;1.37
2024-12-12;Pechuga Especial;1.84
2024-12-12;Pierna Entera;1.68
2024-12-12;Pierna Especial;2.08
2024-12-12;Posta de Cerdo;2.39
2024-12-12;Posta de Corona;3.67
2024-12-12;Posta De Gallina;2.05
2024-12-12;Posta de Pierna;2.97
2024-12-12;Producto de Prueba;1.27
2024-12-12;Punta de Cacho;2.97
2024-12-12;Queso;3.64
2024-12-12;Salchicha;3.69
2024-12-12;Salchichon;1.87
2024-12-12;Sesina;1.64
2024-12-12;Titiles;3.65
2024-12-13;Centrolac leche entera 472 ml;1.36
2024-12-13;"Centrolac milk whole 1000 ml ";2.38
2024-12-13;Chincaca;1.43
2024-12-13;Chorizo Criollo;1.91
2024-12-13;Conito;2.28
2024-12-13;Costilla Alta;1.60
2024-12-13;Costilla de Cerdo;3.04
2024-12-13;Crema Perfecta;2.62
2024-12-13;Higado De Pollo;3.45
2024-12-13;Huesos Corriente;3.13
2024-12-13;Lomo de Cerdo;2.97
2024-12-13;Lomo de Res;3.86
2024-12-13;Medio Pollo;1.01
2024-12-13;Menudo;3.93
2024-12-13;Mortadela;1.89
2024-12-13;Muslo;1.46
2024-12-13;Muslo Especial;1.68
2024-12-13;Pechuga Con Ala;2.07
2024-12-13;Pechuga Especial;2.74
2024-12-13;Pierna Entera;3.38
2024-12-13;Pierna Especial;3.83
2024-12-13;Posta de Cerdo;3.63
2024-12-13;Posta de Corona;2.37
2024-12-13;Posta De Gallina;1.84
2024-12-13;Posta de Pierna;3.96
2024-12-13;Producto de Prueba;3.94
2024-12-13;Punta de Cacho;2.52
2024-12-13;Queso;3.02
2024-12-13;Salchicha;2.62
2024-12-13;Salchichon;2.02
2024-12-13;Sesina;2.20
2024-12-13;Titiles;3.02
2024-12-14;Centrolac leche entera 472 ml;2.94
2024-12-14;"Centrolac milk whole 1000 ml ";2.24
2024-12-14;Chincaca;3.98
2024-12-14;Chorizo Criollo;1.65
2024-12-14;Conito;2.30
2024-12-14;Costilla Alta;3.47
2024-12-14;Costilla de Cerdo;3.02
2024-12-14;Crema Perfecta;1.70
2024-12-14;Higado De Pollo;1.38
2024-12-14;Huesos Corriente;3.39
2024-12-14;Lomo de Cerdo;3.08
2024-12-14;Lomo de Res;2.32
2024-12-14;Medio Pollo;3.05
2024-12-14;Menudo;2.50
2024-12-14;Mortadela;1.27
2024-12-14;Muslo;2.51
2024-12-14;Muslo Especial;2.69
2024-12-14;Pechuga Con Ala;1.72
2024-12-14;Pechuga Especial;1.60
2024-12-14;Pierna Entera;3.07
2024-12-14;Pierna Especial;2.87
2024-12-14;Posta de Cerdo;3.35
2024-12-14;Posta de Corona;2.48
2024-12-14;Posta De Gallina;1.77
2024-12-14;Posta de Pierna;3.88
2024-12-14;Producto de Prueba;1.36
2024-12-14;Punta de Cacho;2.54
2024-12-14;Queso;3.50
2024-12-14;Salchicha;2.11
2024-12-14;Salchichon;3.21
2024-12-14;Sesina;1.61
2024-12-14;Titiles;3.73
2024-12-15;Centrolac leche entera 472 ml;3.60
2024-12-15;"Centrolac milk whole 1000 ml ";2.03
2024-12-15;Chincaca;1.62
2024-12-15;Chorizo Criollo;1.82
2024-12-15;Conito;1.12
2024-12-15;Costilla Alta;2.41
2024-12-15;Costilla de Cerdo;3.02
2024-12-15;Crema Perfecta;1.42
2024-12-15;Higado De Pollo;1.34
2024-12-15;Huesos Corriente;2.84
2024-12-15;Lomo de Cerdo;2.01
2024-12-15;Lomo de Res;1.37
2024-12-15;Medio Pollo;1.79
2024-12-15;Menudo;3.99
2024-12-15;Mortadela;1.35
2024-12-15;Muslo;2.53
2024-12-15;Muslo Especial;1.60
2024-12-15;Pechuga Con Ala;3.94
2024-12-15;Pechuga Especial;2.60
2024-12-15;Pierna Entera;3.13
2024-12-15;Pierna Especial;2.86
2024-12-15;Posta de Cerdo;2.89
2024-12-15;Posta de Corona;3.79
2024-12-15;Posta De Gallina;3.09
2024-12-15;Posta de Pierna;1.28
2024-12-15;Producto de Prueba;1.13
2024-12-15;Punta de Cacho;2.59
2024-12-15;Queso;3.40
2024-12-15;Salchicha;3.40
2024-12-15;Salchichon;2.81
2024-12-15;Sesina;1.53
2024-12-15;Titiles;2.05
2024-12-16;Centrolac leche entera 472 ml;3.56
2024-12-16;"Centrolac milk whole 1000 ml ";2.96
2024-12-16;Chincaca;2.08
2024-12-16;Chorizo Criollo;3.93
2024-12-16;Conito;2.85
2024-12-16;Costilla Alta;1.24
2024-12-16;Costilla de Cerdo;3.11
2024-12-16;Crema Perfecta;1.25
2024-12-16;Higado De Pollo;2.22
2024-12-16;Huesos Corriente;3.62
2024-12-16;Lomo de Cerdo;2.46
2024-12-16;Lomo de Res;1.29
2024-12-16;Medio Pollo;1.31
2024-12-16;Menudo;2.14
2024-12-16;Mortadela;2.66
2024-12-16;Muslo;3.18
2024-12-16;Muslo Especial;3.87
2024-12-16;Pechuga Con Ala;3.99
2024-12-16;Pechuga Especial;2.95
2024-12-16;Pierna Entera;3.49
2024-12-16;Pierna Especial;1.26
2024-12-16;Posta de Cerdo;2.83
2024-12-16;Posta de Corona;2.59
2024-12-16;Posta De Gallina;1.98
2024-12-16;Posta de Pierna;2.32
2024-12-16;Producto de Prueba;3.17
2024-12-16;Punta de Cacho;1.80
2024-12-16;Queso;2.36
2024-12-16;Salchicha;3.48
2024-12-16;Salchichon;1.65
2024-12-16;Sesina;3.15
2024-12-16;Titiles;2.04
2024-12-17;Centrolac leche entera 472 ml;1.42
2024-12-17;"Centrolac milk whole 1000 ml ";1.60
2024-12-17;Chincaca;2.80
2024-12-17;Chorizo Criollo;1.77
2024-12-17;Conito;3.34
2024-12-17;Costilla Alta;3.88
2024-12-17;Costilla de Cerdo;2.10
2024-12-17;Crema Perfecta;1.46
2024-12-17;Higado De Pollo;3.93
2024-12-17;Huesos Corriente;3.97
2024-12-17;Lomo de Cerdo;3.05
2024-12-17;Lomo de Res;3.44
2024-12-17;Medio Pollo;1.35
2024-12-17;Menudo;1.82
2024-12-17;Mortadela;1.20
2024-12-17;Muslo;3.94
2024-12-17;Muslo Especial;1.65
2024-12-17;Pechuga Con Ala;3.82
2024-12-17;Pechuga Especial;1.98
2024-12-17;Pierna Entera;3.37
2024-12-17;Pierna Especial;3.87
2024-12-17;Posta de Cerdo;3.23
2024-12-17;Posta de Corona;3.90
2024-12-17;Posta De Gallina;1.33
2024-12-17;Posta de Pierna;3.40
2024-12-17;Producto de Prueba;1.35
2024-12-17;Punta de Cacho;1.92
2024-12-17;Queso;1.80
2024-12-17;Salchicha;3.50
2024-12-17;Salchichon;2.38
2024-12-17;Sesina;1.70
2024-12-17;Titiles;2.34
2024-12-18;Centrolac leche entera 472 ml;1.88
2024-12-18;"Centrolac milk whole 1000 ml ";2.68
2024-12-18;Chincaca;1.59
2024-12-18;Chorizo Criollo;2.02
2024-12-18;Conito;1.63
2024-12-18;Costilla Alta;2.80
2024-12-18;Costilla de Cerdo;1.97
2024-12-18;Crema Perfecta;3.47
2024-12-18;Higado De Pollo;2.34
2024-12-18;Huesos Corriente;3.44
2024-12-18;Lomo de Cerdo;1.80
2024-12-18;Lomo de Res;1.39
2024-12-18;Medio Pollo;1.72
2024-12-18;Menudo;1.92
2024-12-18;Mortadela;2.54
2024-12-18;Muslo;2.50
2024-12-18;Muslo Especial;1.93
2024-12-18;Pechuga Con Ala;2.46
2024-12-18;Pechuga Especial;2.46
2024-12-18;Pierna Entera;1.62
2024-12-18;Pierna Especial;1.88
2024-12-18;Posta de Cerdo;3.49
2024-12-18;Posta de Corona;1.70
2024-12-18;Posta De Gallina;3.67
2024-12-18;Posta de Pierna;3.31
2024-12-18;Producto de Prueba;2.17
2024-12-18;Punta de Cacho;3.72
2024-12-18;Queso;2.97
2024-12-18;Salchicha;1.59
2024-12-18;Salchichon;3.91
2024-12-18;Sesina;3.34
2024-12-18;Titiles;1.88
2024-12-19;Centrolac leche entera 472 ml;1.38
2024-12-19;"Centrolac milk whole 1000 ml ";1.07
2024-12-19;Chincaca;2.06
2024-12-19;Chorizo Criollo;2.67
2024-12-19;Conito;2.30
2024-12-19;Costilla Alta;1.31
2024-12-19;Costilla de Cerdo;2.63
2024-12-19;Crema Perfecta;1.46
2024-12-19;Higado De Pollo;2.57
2024-12-19;Huesos Corriente;2.93
2024-12-19;Lomo de Cerdo;2.32
2024-12-19;Lomo de Res;3.33
2024-12-19;Medio Pollo;1.32
2024-12-19;Menudo;2.39
2024-12-19;Mortadela;3.43
2024-12-19;Muslo;2.96
2024-12-19;Muslo Especial;3.87
2024-12-19;Pechuga Con Ala;1.21
2024-12-19;Pechuga Especial;2.34
2024-12-19;Pierna Entera;1.24
2024-12-19;Pierna Especial;2.89
2024-12-19;Posta de Cerdo;1.65
2024-12-19;Posta de Corona;1.41
2024-12-19;Posta De Gallina;1.42
2024-12-19;Posta de Pierna;2.65
2024-12-19;Producto de Prueba;2.40
2024-12-19;Punta de Cacho;3.04
2024-12-19;Queso;1.46
2024-12-19;Salchicha;1.34
2024-12-19;Salchichon;1.08
2024-12-19;Sesina;2.77
2024-12-19;Titiles;3.66
2024-12-20;Centrolac leche entera 472 ml;3.19
2024-12-20;"Centrolac milk whole 1000 ml ";1.58
2024-12-20;Chincaca;2.16
2024-12-20;Chorizo Criollo;1.86
2024-12-20;Conito;3.89
2024-12-20;Costilla Alta;3.31
2024-12-20;Costilla de Cerdo;1.81
2024-12-20;Crema Perfecta;1.76
2024-12-20;Higado De Pollo;2.11
2024-12-20;Huesos Corriente;2.74
2024-12-20;Lomo de Cerdo;3.58
2024-12-20;Lomo de Res;1.96
2024-12-20;Medio Pollo;1.63
2024-12-20;Menudo;2.56
2024-12-20;Mortadela;3.55
2024-12-20;Muslo;3.69
2024-12-20;Muslo Especial;3.82
2024-12-20;Pechuga Con Ala;3.53
2024-12-20;Pechuga Especial;1.94
2024-12-20;Pierna Entera;1.39
2024-12-20;Pierna Especial;3.53
2024-12-20;Posta de Cerdo;1.24
2024-12-20;Posta de Corona;2.00
2024-12-20;Posta De Gallina;2.22
2024-12-20;Posta de Pierna;3.55
2024-12-20;Producto de Prueba;3.09
2024-12-20;Punta de Cacho;1.87
2024-12-20;Queso;1.34
2024-12-20;Salchicha;2.19
2024-12-20;Salchichon;3.59
2024-12-20;Sesina;2.65
2024-12-20;Titiles;2.63
2024-12-21;Centrolac leche entera 472 ml;1.75
2024-12-21;"Centrolac milk whole 1000 ml ";3.11
2024-12-21;Chincaca;1.52
2024-12-21;Chorizo Criollo;3.90
2024-12-21;Conito;2.59
2024-12-21;Costilla Alta;2.27
2024-12-21;Costilla de Cerdo;3.36
2024-12-21;Crema Perfecta;3.49
2024-12-21;Higado De Pollo;2.14
2024-12-21;Huesos Corriente;1.67
2024-12-21;Lomo de Cerdo;3.09
2024-12-21;Lomo de Res;3.33
2024-12-21;Medio Pollo;1.03
2024-12-21;Menudo;3.08
2024-12-21;Mortadela;1.31
2024-12-21;Muslo;1.28
2024-12-21;Muslo Especial;3.35
2024-12-21;Pechuga Con Ala;1.38
2024-12-21;Pechuga Especial;1.41
2024-12-21;Pierna Entera;3.18
2024-12-21;Pierna Especial;3.28
2024-12-21;Posta de Cerdo;2.63
2024-12-21;Posta de Corona;3.55
2024-12-21;Posta De Gallina;3.59
2024-12-21;Posta de Pierna;3.53
2024-12-21;Producto de Prueba;3.45
2024-12-21;Punta de Cacho;2.96
2024-12-21;Queso;2.91
2024-12-21;Salchicha;2.35
2024-12-21;Salchichon;2.19
2024-12-21;Sesina;3.23
2024-12-21;Titiles;3.46
2024-12-22;Centrolac leche entera 472 ml;3.70
2024-12-22;"Centrolac milk whole 1000 ml ";3.20
2024-12-22;Chincaca;3.81
2024-12-22;Chorizo Criollo;2.69
2024-12-22;Conito;3.09
2024-12-22;Costilla Alta;3.98
2024-12-22;Costilla de Cerdo;1.96
2024-12-22;Crema Perfecta;1.19
2024-12-22;Higado De Pollo;2.15
2024-12-22;Huesos Corriente;3.33
2024-12-22;Lomo de Cerdo;2.91
2024-12-22;Lomo de Res;2.56
2024-12-22;Medio Pollo;2.50
2024-12-22;Menudo;2.90
2024-12-22;Mortadela;2.82
2024-12-22;Muslo;3.99
2024-12-22;Muslo Especial;3.95
2024-12-22;Pechuga Con Ala;2.42
2024-12-22;Pechuga Especial;2.46
2024-12-22;Pierna Entera;1.87
2024-12-22;Pierna Especial;3.30
2024-12-22;Posta de Cerdo;1.06
2024-12-22;Posta de Corona;1.92
2024-12-22;Posta De Gallina;3.16
2024-12-22;Posta de Pierna;3.69
2024-12-22;Producto de Prueba;3.91
2024-12-22;Punta de Cacho;1.05
2024-12-22;Queso;2.88
2024-12-22;Salchicha;2.40
2024-12-22;Salchichon;2.26
2024-12-22;Sesina;3.14
2024-12-22;Titiles;1.59
2024-12-23;Centrolac leche entera 472 ml;3.85
2024-12-23;"Centrolac milk whole 1000 ml ";2.24
2024-12-23;Chincaca;1.98
2024-12-23;Chorizo Criollo;2.19
2024-12-23;Conito;3.37
2024-12-23;Costilla Alta;2.49
2024-12-23;Costilla de Cerdo;3.26
2024-12-23;Crema Perfecta;2.58
2024-12-23;Higado De Pollo;2.87
2024-12-23;Huesos Corriente;1.29
2024-12-23;Lomo de Cerdo;2.75
2024-12-23;Lomo de Res;2.81
2024-12-23;Medio Pollo;3.70
2024-12-23;Menudo;1.23
2024-12-23;Mortadela;2.13
2024-12-23;Muslo;1.59
2024-12-23;Muslo Especial;2.33
2024-12-23;Pechuga Con Ala;1.63
2024-12-23;Pechuga Especial;2.04
2024-12-23;Pierna Entera;3.95
2024-12-23;Pierna Especial;3.52
2024-12-23;Posta de Cerdo;1.09
2024-12-23;Posta de Corona;3.21
2024-12-23;Posta De Gallina;3.62
2024-12-23;Posta de Pierna;2.39
2024-12-23;Producto de Prueba;2.64
2024-12-23;Punta de Cacho;1.32
2024-12-23;Queso;3.59
2024-12-23;Salchicha;2.13
2024-12-23;Salchichon;3.77
2024-12-23;Sesina;2.29
2024-12-23;Titiles;3.83
2024-12-24;Centrolac leche entera 472 ml;3.56
2024-12-24;"Centrolac milk whole 1000 ml ";1.77
2024-12-24;Chincaca;3.81
2024-12-24;Chorizo Criollo;1.36
2024-12-24;Conito;1.96
2024-12-24;Costilla Alta;3.41
2024-12-24;Costilla de Cerdo;2.78
2024-12-24;Crema Perfecta;1.88
2024-12-24;Higado De Pollo;2.82
2024-12-24;Huesos Corriente;2.76
2024-12-24;Lomo de Cerdo;2.20
2024-12-24;Lomo de Res;2.63
2024-12-24;Medio Pollo;1.60
2024-12-24;Menudo;1.37
2024-12-24;Mortadela;2.61
2024-12-24;Muslo;3.83
2024-12-24;Muslo Especial;2.39
2024-12-24;Pechuga Con Ala;2.46
2024-12-24;Pechuga Especial;1.34
2024-12-24;Pierna Entera;3.99
2024-12-24;Pierna Especial;4.00
2024-12-24;Posta de Cerdo;1.67
2024-12-24;Posta de Corona;2.13
2024-12-24;Posta De Gallina;2.46
2024-12-24;Posta de Pierna;3.99
2024-12-24;Producto de Prueba;2.92
2024-12-24;Punta de Cacho;1.10
2024-12-24;Queso;3.01
2024-12-24;Salchicha;2.40
2024-12-24;Salchichon;2.85
2024-12-24;Sesina;1.89
2024-12-24;Titiles;1.07
2024-12-25;Centrolac leche entera 472 ml;3.24
2024-12-25;"Centrolac milk whole 1000 ml ";1.77
2024-12-25;Chincaca;2.61
2024-12-25;Chorizo Criollo;2.79
2024-12-25;Conito;1.82
2024-12-25;Costilla Alta;1.07
2024-12-25;Costilla de Cerdo;2.15
2024-12-25;Crema Perfecta;1.16
2024-12-25;Higado De Pollo;1.95
2024-12-25;Huesos Corriente;2.28
2024-12-25;Lomo de Cerdo;1.67
2024-12-25;Lomo de Res;2.67
2024-12-25;Medio Pollo;2.02
2024-12-25;Menudo;2.83
2024-12-25;Mortadela;1.91
2024-12-25;Muslo;3.31
2024-12-25;Muslo Especial;3.26
2024-12-25;Pechuga Con Ala;3.32
2024-12-25;Pechuga Especial;3.09
2024-12-25;Pierna Entera;2.46
2024-12-25;Pierna Especial;2.94
2024-12-25;Posta de Cerdo;3.23
2024-12-25;Posta de Corona;2.36
2024-12-25;Posta De Gallina;1.37
2024-12-25;Posta de Pierna;2.96
2024-12-25;Producto de Prueba;3.06
2024-12-25;Punta de Cacho;3.31
2024-12-25;Queso;1.23
2024-12-25;Salchicha;2.78
2024-12-25;Salchichon;2.50
2024-12-25;Sesina;1.22
2024-12-25;Titiles;1.25
2024-12-26;Centrolac leche entera 472 ml;3.51
2024-12-26;"Centrolac milk whole 1000 ml ";2.29
2024-12-26;Chincaca;3.84
2024-12-26;Chorizo Criollo;2.95
2024-12-26;Conito;2.23
2024-12-26;Costilla Alta;1.47
2024-12-26;Costilla de Cerdo;1.70
2024-12-26;Crema Perfecta;2.70
2024-12-26;Higado De Pollo;3.84
2024-12-26;Huesos Corriente;3.56
2024-12-26;Lomo de Cerdo;1.74
2024-12-26;Lomo de Res;1.11
2024-12-26;Medio Pollo;1.79
2024-12-26;Menudo;1.74
2024-12-26;Mortadela;2.09
2024-12-26;Muslo;1.48
2024-12-26;Muslo Especial;1.94
2024-12-26;Pechuga Con Ala;1.71
2024-12-26;Pechuga Especial;3.28
2024-12-26;Pierna Entera;3.16
2024-12-26;Pierna Especial;3.72
2024-12-26;Posta de Cerdo;3.13
2024-12-26;Posta de Corona;1.11
2024-12-26;Posta De Gallina;1.84
2024-12-26;Posta de Pierna;2.32
2024-12-26;Producto de Prueba;2.35
2024-12-26;Punta de Cacho;2.42
2024-12-26;Queso;3.61
2024-12-26;Salchicha;2.77
2024-12-26;Salchichon;1.75
2024-12-26;Sesina;2.81
2024-12-26;Titiles;2.00
2024-12-27;Centrolac leche entera 472 ml;1.26
2024-12-27;"Centrolac milk whole 1000 ml ";3.36
2024-12-27;Chincaca;1.86
2024-12-27;Chorizo Criollo;1.84
2024-12-27;Conito;2.32
2024-12-27;Costilla Alta;1.68
2024-12-27;Costilla de Cerdo;2.83
2024-12-27;Crema Perfecta;1.83
2024-12-27;Higado De Pollo;1.40
2024-12-27;Huesos Corriente;1.40
2024-12-27;Lomo de Cerdo;2.25
2024-12-27;Lomo de Res;2.17
2024-12-27;Medio Pollo;2.84
2024-12-27;Menudo;3.72
2024-12-27;Mortadela;1.35
2024-12-27;Muslo;2.46
2024-12-27;Muslo Especial;2.39
2024-12-27;Pechuga Con Ala;2.70
2024-12-27;Pechuga Especial;2.26
2024-12-27;Pierna Entera;2.56
2024-12-27;Pierna Especial;3.03
2024-12-27;Posta de Cerdo;2.67
2024-12-27;Posta de Corona;3.65
2024-12-27;Posta De Gallina;2.16
2024-12-27;Posta de Pierna;2.55
2024-12-27;Producto de Prueba;1.92
2024-12-27;Punta de Cacho;2.78
2024-12-27;Queso;3.50
2024-12-27;Salchicha;2.04
2024-12-27;Salchichon;1.03
2024-12-27;Sesina;2.12
2024-12-27;Titiles;2.73
2024-12-28;Centrolac leche entera 472 ml;3.71
2024-12-28;"Centrolac milk whole 1000 ml ";1.55
2024-12-28;Chincaca;3.64
2024-12-28;Chorizo Criollo;3.21
2024-12-28;Conito;3.95
2024-12-28;Costilla Alta;2.75
2024-12-28;Costilla de Cerdo;3.97
2024-12-28;Crema Perfecta;2.33
2024-12-28;Higado De Pollo;1.19
2024-12-28;Huesos Corriente;1.14
2024-12-28;Lomo de Cerdo;2.48
2024-12-28;Lomo de Res;2.29
2024-12-28;Medio Pollo;1.19
2024-12-28;Menudo;1.48
2024-12-28;Mortadela;2.94
2024-12-28;Muslo;3.58
2024-12-28;Muslo Especial;3.52
2024-12-28;Pechuga Con Ala;2.07
2024-12-28;Pechuga Especial;2.67
2024-12-28;Pierna Entera;2.27
2024-12-28;Pierna Especial;2.52
2024-12-28;Posta de Cerdo;2.52
2024-12-28;Posta de Corona;1.99
2024-12-28;Posta De Gallina;1.74
2024-12-28;Posta de Pierna;3.74
2024-12-28;Producto de Prueba;1.67
2024-12-28;Punta de Cacho;2.04
2024-12-28;Queso;3.91
2024-12-28;Salchicha;3.63
2024-12-28;Salchichon;3.66
2024-12-28;Sesina;1.80
2024-12-28;Titiles;3.21
2024-12-29;Centrolac leche entera 472 ml;3.75
2024-12-29;"Centrolac milk whole 1000 ml ";3.25
2024-12-29;Chincaca;3.21
2024-12-29;Chorizo Criollo;1.98
2024-12-29;Conito;1.91
2024-12-29;Costilla Alta;1.33
2024-12-29;Costilla de Cerdo;2.34
2024-12-29;Crema Perfecta;3.46
2024-12-29;Higado De Pollo;3.01
2024-12-29;Huesos Corriente;3.23
2024-12-29;Lomo de Cerdo;1.36
2024-12-29;Lomo de Res;3.55
2024-12-29;Medio Pollo;2.88
2024-12-29;Menudo;1.32
2024-12-29;Mortadela;3.06
2024-12-29;Muslo;3.92
2024-12-29;Muslo Especial;1.72
2024-12-29;Pechuga Con Ala;3.60
2024-12-29;Pechuga Especial;1.01
2024-12-29;Pierna Entera;2.76
2024-12-29;Pierna Especial;1.05
2024-12-29;Posta de Cerdo;3.73
2024-12-29;Posta de Corona;1.57
2024-12-29;Posta De Gallina;2.14
2024-12-29;Posta de Pierna;1.53
2024-12-29;Producto de Prueba;2.91
2024-12-29;Punta de Cacho;3.96
2024-12-29;Queso;2.75
2024-12-29;Salchicha;2.79
2024-12-29;Salchichon;3.85
2024-12-29;Sesina;2.02
2024-12-29;Titiles;1.33
2024-12-30;Centrolac leche entera 472 ml;3.29
2024-12-30;"Centrolac milk whole 1000 ml ";1.65
2024-12-30;Chincaca;1.77
2024-12-30;Chorizo Criollo;3.13
2024-12-30;Conito;2.97
2024-12-30;Costilla Alta;2.21
2024-12-30;Costilla de Cerdo;1.24
2024-12-30;Crema Perfecta;1.85
2024-12-30;Higado De Pollo;1.01
2024-12-30;Huesos Corriente;3.55
2024-12-30;Lomo de Cerdo;1.54
2024-12-30;Lomo de Res;1.54
2024-12-30;Medio Pollo;3.04
2024-12-30;Menudo;2.13
2024-12-30;Mortadela;2.40
2024-12-30;Muslo;2.81
2024-12-30;Muslo Especial;2.73
2024-12-30;Pechuga Con Ala;1.50
2024-12-30;Pechuga Especial;3.72
2024-12-30;Pierna Entera;2.64
2024-12-30;Pierna Especial;2.96
2024-12-30;Posta de Cerdo;3.78
2024-12-30;Posta de Corona;1.37
2024-12-30;Posta De Gallina;2.87
2024-12-30;Posta de Pierna;1.96
2024-12-30;Producto de Prueba;1.97
2024-12-30;Punta de Cacho;3.85
2024-12-30;Queso;1.34
2024-12-30;Salchicha;1.10
2024-12-30;Salchichon;2.56
2024-12-30;Sesina;3.50
2024-12-30;Titiles;3.48
2024-12-31;Centrolac leche entera 472 ml;2.70
2024-12-31;"Centrolac milk whole 1000 ml ";2.54
2024-12-31;Chincaca;3.63
2024-12-31;Chorizo Criollo;2.05
2024-12-31;Conito;3.45
2024-12-31;Costilla Alta;1.56
2024-12-31;Costilla de Cerdo;2.98
2024-12-31;Crema Perfecta;2.75
2024-12-31;Higado De Pollo;3.44
2024-12-31;Huesos Corriente;3.57
2024-12-31;Lomo de Cerdo;3.52
2024-12-31;Lomo de Res;3.66
2024-12-31;Medio Pollo;1.77
2024-12-31;Menudo;2.45
2024-12-31;Mortadela;2.13
2024-12-31;Muslo;2.98
2024-12-31;Muslo Especial;2.96
2024-12-31;Pechuga Con Ala;1.74
2024-12-31;Pechuga Especial;1.43
2024-12-31;Pierna Entera;2.63
2024-12-31;Pierna Especial;3.85
2024-12-31;Posta de Cerdo;1.17
2024-12-31;Posta de Corona;1.94
2024-12-31;Posta De Gallina;3.29
2024-12-31;Posta de Pierna;2.12
2024-12-31;Producto de Prueba;3.69
2024-12-31;Punta de Cacho;2.40
2024-12-31;Queso;3.29
2024-12-31;Salchicha;1.73
2024-12-31;Salchichon;3.08
2024-12-31;Sesina;1.79
2024-12-31;Titiles;2.31
2025-01-01;Centrolac leche entera 472 ml;1.93
2025-01-01;"Centrolac milk whole 1000 ml ";3.10
2025-01-01;Chincaca;3.29
2025-01-01;Chorizo Criollo;2.29
2025-01-01;Conito;3.74
2025-01-01;Costilla Alta;3.21
2025-01-01;Costilla de Cerdo;2.03
2025-01-01;Crema Perfecta;2.96
2025-01-01;Higado De Pollo;1.25
2025-01-01;Huesos Corriente;3.60
2025-01-01;Lomo de Cerdo;2.48
2025-01-01;Lomo de Res;3.80
2025-01-01;Medio Pollo;1.73
2025-01-01;Menudo;3.02
2025-01-01;Mortadela;3.83
2025-01-01;Muslo;3.79
2025-01-01;Muslo Especial;2.44
2025-01-01;Pechuga Con Ala;3.72
2025-01-01;Pechuga Especial;1.60
2025-01-01;Pierna Entera;3.66
2025-01-01;Pierna Especial;2.96
2025-01-01;Posta de Cerdo;2.78
2025-01-01;Posta de Corona;3.21
2025-01-01;Posta De Gallina;3.23
2025-01-01;Posta de Pierna;3.89
2025-01-01;Producto de Prueba;1.10
2025-01-01;Punta de Cacho;1.86
2025-01-01;Queso;3.36
2025-01-01;Salchicha;3.26
2025-01-01;Salchichon;2.99
2025-01-01;Sesina;1.89
2025-01-01;Titiles;1.79
2025-01-02;Centrolac leche entera 472 ml;1.40
2025-01-02;"Centrolac milk whole 1000 ml ";3.93
2025-01-02;Chincaca;1.28
2025-01-02;Chorizo Criollo;3.90
2025-01-02;Conito;3.72
2025-01-02;Costilla Alta;2.95
2025-01-02;Costilla de Cerdo;1.07
2025-01-02;Crema Perfecta;1.36
2025-01-02;Higado De Pollo;3.53
2025-01-02;Huesos Corriente;2.49
2025-01-02;Lomo de Cerdo;3.22
2025-01-02;Lomo de Res;2.13
2025-01-02;Medio Pollo;1.28
2025-01-02;Menudo;3.58
2025-01-02;Mortadela;1.14
2025-01-02;Muslo;2.93
2025-01-02;Muslo Especial;3.17
2025-01-02;Pechuga Con Ala;2.07
2025-01-02;Pechuga Especial;3.59
2025-01-02;Pierna Entera;3.81
2025-01-02;Pierna Especial;1.84
2025-01-02;Posta de Cerdo;2.88
2025-01-02;Posta de Corona;3.63
2025-01-02;Posta De Gallina;2.58
2025-01-02;Posta de Pierna;2.23
2025-01-02;Producto de Prueba;2.72
2025-01-02;Punta de Cacho;1.48
2025-01-02;Queso;3.66
2025-01-02;Salchicha;1.40
2025-01-02;Salchichon;2.38
2025-01-02;Sesina;2.22
2025-01-02;Titiles;1.09
2025-01-03;Centrolac leche entera 472 ml;1.34
2025-01-03;"Centrolac milk whole 1000 ml ";3.33
2025-01-03;Chincaca;2.33
2025-01-03;Chorizo Criollo;1.61
2025-01-03;Conito;1.47
2025-01-03;Costilla Alta;2.08
2025-01-03;Costilla de Cerdo;3.99
2025-01-03;Crema Perfecta;3.23
2025-01-03;Higado De Pollo;1.65
2025-01-03;Huesos Corriente;2.72
2025-01-03;Lomo de Cerdo;3.28
2025-01-03;Lomo de Res;1.38
2025-01-03;Medio Pollo;1.35
2025-01-03;Menudo;2.82
2025-01-03;Mortadela;2.43
2025-01-03;Muslo;3.47
2025-01-03;Muslo Especial;2.21
2025-01-03;Pechuga Con Ala;3.81
2025-01-03;Pechuga Especial;3.88
2025-01-03;Pierna Entera;1.81
2025-01-03;Pierna Especial;2.45
2025-01-03;Posta de Cerdo;1.95
2025-01-03;Posta de Corona;1.12
2025-01-03;Posta De Gallina;2.86
2025-01-03;Posta de Pierna;2.82
2025-01-03;Producto de Prueba;3.26
2025-01-03;Punta de Cacho;1.82
2025-01-03;Queso;2.67
2025-01-03;Salchicha;2.25
2025-01-03;Salchichon;3.28
2025-01-03;Sesina;2.79
2025-01-03;Titiles;3.20
2025-01-04;Centrolac leche entera 472 ml;2.52
2025-01-04;"Centrolac milk whole 1000 ml ";2.17
2025-01-04;Chincaca;2.75
2025-01-04;Chorizo Criollo;3.04
2025-01-04;Conito;3.80
2025-01-04;Costilla Alta;1.39
2025-01-04;Costilla de Cerdo;2.09
2025-01-04;Crema Perfecta;2.18
2025-01-04;Higado De Pollo;1.04
2025-01-04;Huesos Corriente;3.95
2025-01-04;Lomo de Cerdo;1.54
2025-01-04;Lomo de Res;2.12
2025-01-04;Medio Pollo;2.38
2025-01-04;Menudo;2.45
2025-01-04;Mortadela;1.55
2025-01-04;Muslo;3.98
2025-01-04;Muslo Especial;2.56
2025-01-04;Pechuga Con Ala;3.25
2025-01-04;Pechuga Especial;1.16
2025-01-04;Pierna Entera;3.13
2025-01-04;Pierna Especial;1.15
2025-01-04;Posta de Cerdo;2.90
2025-01-04;Posta de Corona;1.63
2025-01-04;Posta De Gallina;2.28
2025-01-04;Posta de Pierna;3.17
2025-01-04;Producto de Prueba;3.95
2025-01-04;Punta de Cacho;2.75
2025-01-04;Queso;3.35
2025-01-04;Salchicha;3.64
2025-01-04;Salchichon;2.94
2025-01-04;Sesina;3.76
2025-01-04;Titiles;2.20
2025-01-05;Centrolac leche entera 472 ml;1.05
2025-01-05;"Centrolac milk whole 1000 ml ";3.34
2025-01-05;Chincaca;2.61
2025-01-05;Chorizo Criollo;2.05
2025-01-05;Conito;1.74
2025-01-05;Costilla Alta;1.98
2025-01-05;Costilla de Cerdo;2.26
2025-01-05;Crema Perfecta;2.13
2025-01-05;Higado De Pollo;1.29
2025-01-05;Huesos Corriente;3.93
2025-01-05;Lomo de Cerdo;3.61
2025-01-05;Lomo de Res;3.25
2025-01-05;Medio Pollo;3.79
2025-01-05;Menudo;1.38
2025-01-05;Mortadela;3.52
2025-01-05;Muslo;2.52
2025-01-05;Muslo Especial;2.90
2025-01-05;Pechuga Con Ala;1.91
2025-01-05;Pechuga Especial;1.09
2025-01-05;Pierna Entera;1.39
2025-01-05;Pierna Especial;2.94
2025-01-05;Posta de Cerdo;1.35
2025-01-05;Posta de Corona;1.25
2025-01-05;Posta De Gallina;3.70
2025-01-05;Posta de Pierna;3.27
2025-01-05;Producto de Prueba;2.34
2025-01-05;Punta de Cacho;2.83
2025-01-05;Queso;1.82
2025-01-05;Salchicha;2.15
2025-01-05;Salchichon;3.72
2025-01-05;Sesina;2.57
2025-01-05;Titiles;1.49
2025-01-06;Centrolac leche entera 472 ml;1.36
2025-01-06;"Centrolac milk whole 1000 ml ";1.13
2025-01-06;Chincaca;3.77
2025-01-06;Chorizo Criollo;1.57
2025-01-06;Conito;1.85
2025-01-06;Costilla Alta;1.92
2025-01-06;Costilla de Cerdo;2.37
2025-01-06;Crema Perfecta;1.11
2025-01-06;Higado De Pollo;2.02
2025-01-06;Huesos Corriente;1.68
2025-01-06;Lomo de Cerdo;2.54
2025-01-06;Lomo de Res;3.19
2025-01-06;Medio Pollo;2.71
2025-01-06;Menudo;3.63
2025-01-06;Mortadela;2.76
2025-01-06;Muslo;3.45
2025-01-06;Muslo Especial;2.67
2025-01-06;Pechuga Con Ala;1.27
2025-01-06;Pechuga Especial;2.73
2025-01-06;Pierna Entera;2.10
2025-01-06;Pierna Especial;1.87
2025-01-06;Posta de Cerdo;3.16
2025-01-06;Posta de Corona;3.35
2025-01-06;Posta De Gallina;3.53
2025-01-06;Posta de Pierna;3.08
2025-01-06;Producto de Prueba;2.55
2025-01-06;Punta de Cacho;3.47
2025-01-06;Queso;2.54
2025-01-06;Salchicha;2.04
2025-01-06;Salchichon;1.33
2025-01-06;Sesina;2.30
2025-01-06;Titiles;3.70
2025-01-07;Centrolac leche entera 472 ml;2.49
2025-01-07;"Centrolac milk whole 1000 ml ";3.79
2025-01-07;Chincaca;3.59
2025-01-07;Chorizo Criollo;2.77
2025-01-07;Conito;3.28
2025-01-07;Costilla Alta;3.49
2025-01-07;Costilla de Cerdo;2.54
2025-01-07;Crema Perfecta;2.43
2025-01-07;Higado De Pollo;3.24
2025-01-07;Huesos Corriente;3.12
2025-01-07;Lomo de Cerdo;2.93
2025-01-07;Lomo de Res;2.65
2025-01-07;Medio Pollo;1.77
2025-01-07;Menudo;1.79
2025-01-07;Mortadela;3.50
2025-01-07;Muslo;3.25
2025-01-07;Muslo Especial;2.33
2025-01-07;Pechuga Con Ala;1.27
2025-01-07;Pechuga Especial;2.84
2025-01-07;Pierna Entera;1.30
2025-01-07;Pierna Especial;3.79
2025-01-07;Posta de Cerdo;1.07
2025-01-07;Posta de Corona;3.37
2025-01-07;Posta De Gallina;3.59
2025-01-07;Posta de Pierna;2.97
2025-01-07;Producto de Prueba;3.57
2025-01-07;Punta de Cacho;3.41
2025-01-07;Queso;3.46
2025-01-07;Salchicha;1.58
2025-01-07;Salchichon;3.03
2025-01-07;Sesina;2.64
2025-01-07;Titiles;3.39
2025-01-08;Centrolac leche entera 472 ml;3.17
2025-01-08;"Centrolac milk whole 1000 ml ";2.90
2025-01-08;Chincaca;1.42
2025-01-08;Chorizo Criollo;1.40
2025-01-08;Conito;3.87
2025-01-08;Costilla Alta;2.63
2025-01-08;Costilla de Cerdo;1.95
2025-01-08;Crema Perfecta;2.90
2025-01-08;Higado De Pollo;1.41
2025-01-08;Huesos Corriente;1.70
2025-01-08;Lomo de Cerdo;2.96
2025-01-08;Lomo de Res;1.82
2025-01-08;Medio Pollo;3.53
2025-01-08;Menudo;3.05
2025-01-08;Mortadela;3.88
2025-01-08;Muslo;3.81
2025-01-08;Muslo Especial;3.54
2025-01-08;Pechuga Con Ala;1.68
2025-01-08;Pechuga Especial;3.09
2025-01-08;Pierna Entera;1.28
2025-01-08;Pierna Especial;2.30
2025-01-08;Posta de Cerdo;1.70
2025-01-08;Posta de Corona;2.34
2025-01-08;Posta De Gallina;1.42
2025-01-08;Posta de Pierna;3.83
2025-01-08;Producto de Prueba;2.59
2025-01-08;Punta de Cacho;2.68
2025-01-08;Queso;2.39
2025-01-08;Salchicha;1.90
2025-01-08;Salchichon;3.25
2025-01-08;Sesina;3.06
2025-01-08;Titiles;1.87
2025-01-09;Centrolac leche entera 472 ml;3.55
2025-01-09;"Centrolac milk whole 1000 ml ";1.86
2025-01-09;Chincaca;2.39
2025-01-09;Chorizo Criollo;3.33
2025-01-09;Conito;2.83
2025-01-09;Costilla Alta;3.56
2025-01-09;Costilla de Cerdo;3.75
2025-01-09;Crema Perfecta;3.02
2025-01-09;Higado De Pollo;2.82
2025-01-09;Huesos Corriente;3.26
2025-01-09;Lomo de Cerdo;1.10
2025-01-09;Lomo de Res;2.60
2025-01-09;Medio Pollo;1.46
2025-01-09;Menudo;3.11
2025-01-09;Mortadela;2.20
2025-01-09;Muslo;1.13
2025-01-09;Muslo Especial;1.31
2025-01-09;Pechuga Con Ala;1.92
2025-01-09;Pechuga Especial;1.82
2025-01-09;Pierna Entera;1.73
2025-01-09;Pierna Especial;1.09
2025-01-09;Posta de Cerdo;3.90
2025-01-09;Posta de Corona;1.69
2025-01-09;Posta De Gallina;3.64
2025-01-09;Posta de Pierna;1.63
2025-01-09;Producto de Prueba;3.51
2025-01-09;Punta de Cacho;2.61
2025-01-09;Queso;3.81
2025-01-09;Salchicha;1.80
2025-01-09;Salchichon;3.42
2025-01-09;Sesina;3.53
2025-01-09;Titiles;1.11
2025-01-10;Centrolac leche entera 472 ml;2.02
2025-01-10;"Centrolac milk whole 1000 ml ";2.56
2025-01-10;Chincaca;1.06
2025-01-10;Chorizo Criollo;3.21
2025-01-10;Conito;1.87
2025-01-10;Costilla Alta;1.19
2025-01-10;Costilla de Cerdo;1.81
2025-01-10;Crema Perfecta;3.08
2025-01-10;Higado De Pollo;2.81
2025-01-10;Huesos Corriente;1.74
2025-01-10;Lomo de Cerdo;1.39
2025-01-10;Lomo de Res;3.13
2025-01-10;Medio Pollo;2.00
2025-01-10;Menudo;3.50
2025-01-10;Mortadela;2.19
2025-01-10;Muslo;2.80
2025-01-10;Muslo Especial;2.95
2025-01-10;Pechuga Con Ala;2.54
2025-01-10;Pechuga Especial;2.86
2025-01-10;Pierna Entera;2.13
2025-01-10;Pierna Especial;3.66
2025-01-10;Posta de Cerdo;2.88
2025-01-10;Posta de Corona;3.83
2025-01-10;Posta De Gallina;3.95
2025-01-10;Posta de Pierna;1.51
2025-01-10;Producto de Prueba;2.44
2025-01-10;Punta de Cacho;2.21
2025-01-10;Queso;2.32
2025-01-10;Salchicha;2.63
2025-01-10;Salchichon;2.76
2025-01-10;Sesina;1.54
2025-01-10;Titiles;2.85
2025-01-11;Centrolac leche entera 472 ml;2.52
2025-01-11;"Centrolac milk whole 1000 ml ";1.50
2025-01-11;Chincaca;1.63
2025-01-11;Chorizo Criollo;3.48
2025-01-11;Conito;1.41
2025-01-11;Costilla Alta;2.78
2025-01-11;Costilla de Cerdo;3.26
2025-01-11;Crema Perfecta;1.06
2025-01-11;Higado De Pollo;1.95
2025-01-11;Huesos Corriente;3.39
2025-01-11;Lomo de Cerdo;1.44
2025-01-11;Lomo de Res;3.79
2025-01-11;Medio Pollo;1.16
2025-01-11;Menudo;1.43
2025-01-11;Mortadela;2.23
2025-01-11;Muslo;1.22
2025-01-11;Muslo Especial;3.82
2025-01-11;Pechuga Con Ala;2.17
2025-01-11;Pechuga Especial;1.66
2025-01-11;Pierna Entera;2.91
2025-01-11;Pierna Especial;3.72
2025-01-11;Posta de Cerdo;2.74
2025-01-11;Posta de Corona;2.74
2025-01-11;Posta De Gallina;3.76
2025-01-11;Posta de Pierna;2.72
2025-01-11;Producto de Prueba;2.91
2025-01-11;Punta de Cacho;2.57
2025-01-11;Queso;1.34
2025-01-11;Salchicha;3.05
2025-01-11;Salchichon;3.70
2025-01-11;Sesina;3.37
2025-01-11;Titiles;2.64
2025-01-12;Centrolac leche entera 472 ml;1.23
2025-01-12;"Centrolac milk whole 1000 ml ";1.91
2025-01-12;Chincaca;1.24
2025-01-12;Chorizo Criollo;3.60
2025-01-12;Conito;2.13
2025-01-12;Costilla Alta;3.32
2025-01-12;Costilla de Cerdo;2.41
2025-01-12;Crema Perfecta;2.32
2025-01-12;Higado De Pollo;2.20
2025-01-12;Huesos Corriente;2.33
2025-01-12;Lomo de Cerdo;3.66
2025-01-12;Lomo de Res;1.58
2025-01-12;Medio Pollo;3.13
2025-01-12;Menudo;3.24
2025-01-12;Mortadela;1.78
2025-01-12;Muslo;3.83
2025-01-12;Muslo Especial;2.39
2025-01-12;Pechuga Con Ala;1.34
2025-01-12;Pechuga Especial;3.24
2025-01-12;Pierna Entera;2.45
2025-01-12;Pierna Especial;1.69
2025-01-12;Posta de Cerdo;1.12
2025-01-12;Posta de Corona;2.86
2025-01-12;Posta De Gallina;2.19
2025-01-12;Posta de Pierna;3.64
2025-01-12;Producto de Prueba;2.11
2025-01-12;Punta de Cacho;3.39
2025-01-12;Queso;1.17
2025-01-12;Salchicha;1.10
2025-01-12;Salchichon;2.68
2025-01-12;Sesina;3.66
2025-01-12;Titiles;1.38
2025-01-13;Centrolac leche entera 472 ml;2.95
2025-01-13;"Centrolac milk whole 1000 ml ";2.56
2025-01-13;Chincaca;1.93
2025-01-13;Chorizo Criollo;3.53
2025-01-13;Conito;1.25
2025-01-13;Costilla Alta;3.87
2025-01-13;Costilla de Cerdo;2.97
2025-01-13;Crema Perfecta;2.15
2025-01-13;Higado De Pollo;1.10
2025-01-13;Huesos Corriente;3.65
2025-01-13;Lomo de Cerdo;2.34
2025-01-13;Lomo de Res;3.84
2025-01-13;Medio Pollo;2.63
2025-01-13;Menudo;2.62
2025-01-13;Mortadela;2.58
2025-01-13;Muslo;1.38
2025-01-13;Muslo Especial;2.94
2025-01-13;Pechuga Con Ala;2.06
2025-01-13;Pechuga Especial;2.98
2025-01-13;Pierna Entera;1.29
2025-01-13;Pierna Especial;3.04
2025-01-13;Posta de Cerdo;1.65
2025-01-13;Posta de Corona;2.74
2025-01-13;Posta De Gallina;3.41
2025-01-13;Posta de Pierna;2.08
2025-01-13;Producto de Prueba;3.06
2025-01-13;Punta de Cacho;1.68
2025-01-13;Queso;2.93
2025-01-13;Salchicha;2.04
2025-01-13;Salchichon;1.91
2025-01-13;Sesina;1.07
2025-01-13;Titiles;1.62
2025-01-14;Centrolac leche entera 472 ml;2.95
2025-01-14;"Centrolac milk whole 1000 ml ";3.34
2025-01-14;Chincaca;2.00
2025-01-14;Chorizo Criollo;1.60
2025-01-14;Conito;2.21
2025-01-14;Costilla Alta;1.76
2025-01-14;Costilla de Cerdo;1.13
2025-01-14;Crema Perfecta;2.56
2025-01-14;Higado De Pollo;2.62
2025-01-14;Huesos Corriente;1.55
2025-01-14;Lomo de Cerdo;3.57
2025-01-14;Lomo de Res;1.56
2025-01-14;Medio Pollo;2.56
2025-01-14;Menudo;3.60
2025-01-14;Mortadela;2.10
2025-01-14;Muslo;1.14
2025-01-14;Muslo Especial;2.89
2025-01-14;Pechuga Con Ala;3.03
2025-01-14;Pechuga Especial;2.48
2025-01-14;Pierna Entera;1.26
2025-01-14;Pierna Especial;3.52
2025-01-14;Posta de Cerdo;2.42
2025-01-14;Posta de Corona;2.47
2025-01-14;Posta De Gallina;3.40
2025-01-14;Posta de Pierna;3.87
2025-01-14;Producto de Prueba;3.93
2025-01-14;Punta de Cacho;2.65
2025-01-14;Queso;3.66
2025-01-14;Salchicha;3.05
2025-01-14;Salchichon;2.63
2025-01-14;Sesina;3.37
2025-01-14;Titiles;1.25
2025-01-15;Centrolac leche entera 472 ml;3.49
2025-01-15;"Centrolac milk whole 1000 ml ";2.98
2025-01-15;Chincaca;1.93
2025-01-15;Chorizo Criollo;1.25
2025-01-15;Conito;1.05
2025-01-15;Costilla Alta;2.77
2025-01-15;Costilla de Cerdo;3.34
2025-01-15;Crema Perfecta;2.22
2025-01-15;Higado De Pollo;2.53
2025-01-15;Huesos Corriente;3.09
2025-01-15;Lomo de Cerdo;2.24
2025-01-15;Lomo de Res;2.08
2025-01-15;Medio Pollo;3.08
2025-01-15;Menudo;2.69
2025-01-15;Mortadela;2.74
2025-01-15;Muslo;3.63
2025-01-15;Muslo Especial;2.14
2025-01-15;Pechuga Con Ala;3.22
2025-01-15;Pechuga Especial;2.15
2025-01-15;Pierna Entera;3.46
2025-01-15;Pierna Especial;2.51
2025-01-15;Posta de Cerdo;2.77
2025-01-15;Posta de Corona;3.74
2025-01-15;Posta De Gallina;1.85
2025-01-15;Posta de Pierna;2.28
2025-01-15;Producto de Prueba;1.41
2025-01-15;Punta de Cacho;1.71
2025-01-15;Queso;2.33
2025-01-15;Salchicha;3.78
2025-01-15;Salchichon;3.31
2025-01-15;Sesina;1.93
2025-01-15;Titiles;1.71
2025-01-16;Centrolac leche entera 472 ml;1.11
2025-01-16;"Centrolac milk whole 1000 ml ";2.63
2025-01-16;Chincaca;2.41
2025-01-16;Chorizo Criollo;1.64
2025-01-16;Conito;2.02
2025-01-16;Costilla Alta;2.52
2025-01-16;Costilla de Cerdo;2.38
2025-01-16;Crema Perfecta;2.82
2025-01-16;Higado De Pollo;1.33
2025-01-16;Huesos Corriente;1.43
2025-01-16;Lomo de Cerdo;2.20
2025-01-16;Lomo de Res;2.15
2025-01-16;Medio Pollo;2.00
2025-01-16;Menudo;1.92
2025-01-16;Mortadela;2.49
2025-01-16;Muslo;2.75
2025-01-16;Muslo Especial;3.96
2025-01-16;Pechuga Con Ala;2.98
2025-01-16;Pechuga Especial;2.90
2025-01-16;Pierna Entera;1.03
2025-01-16;Pierna Especial;2.79
2025-01-16;Posta de Cerdo;3.08
2025-01-16;Posta de Corona;3.61
2025-01-16;Posta De Gallina;3.51
2025-01-16;Posta de Pierna;2.22
2025-01-16;Producto de Prueba;3.58
2025-01-16;Punta de Cacho;1.25
2025-01-16;Queso;3.05
2025-01-16;Salchicha;2.70
2025-01-16;Salchichon;2.93
2025-01-16;Sesina;2.02
2025-01-16;Titiles;2.43
2025-01-17;Centrolac leche entera 472 ml;1.72
2025-01-17;"Centrolac milk whole 1000 ml ";2.59
2025-01-17;Chincaca;3.41
2025-01-17;Chorizo Criollo;1.78
2025-01-17;Conito;3.12
2025-01-17;Costilla Alta;3.32
2025-01-17;Costilla de Cerdo;1.24
2025-01-17;Crema Perfecta;3.99
2025-01-17;Higado De Pollo;3.14
2025-01-17;Huesos Corriente;2.92
2025-01-17;Lomo de Cerdo;2.69
2025-01-17;Lomo de Res;3.36
2025-01-17;Medio Pollo;2.50
2025-01-17;Menudo;2.44
2025-01-17;Mortadela;3.30
2025-01-17;Muslo;1.31
2025-01-17;Muslo Especial;1.83
2025-01-17;Pechuga Con Ala;1.75
2025-01-17;Pechuga Especial;1.43
2025-01-17;Pierna Entera;3.80
2025-01-17;Pierna Especial;3.42
2025-01-17;Posta de Cerdo;3.59
2025-01-17;Posta de Corona;2.40
2025-01-17;Posta De Gallina;1.43
2025-01-17;Posta de Pierna;1.75
2025-01-17;Producto de Prueba;2.58
2025-01-17;Punta de Cacho;2.33
2025-01-17;Queso;2.55
2025-01-17;Salchicha;3.51
2025-01-17;Salchichon;1.67
2025-01-17;Sesina;1.44
2025-01-17;Titiles;2.67
2025-01-18;Centrolac leche entera 472 ml;2.24
2025-01-18;"Centrolac milk whole 1000 ml ";3.69
2025-01-18;Chincaca;3.48
2025-01-18;Chorizo Criollo;1.83
2025-01-18;Conito;1.46
2025-01-18;Costilla Alta;3.31
2025-01-18;Costilla de Cerdo;2.96
2025-01-18;Crema Perfecta;2.40
2025-01-18;Higado De Pollo;1.28
2025-01-18;Huesos Corriente;2.48
2025-01-18;Lomo de Cerdo;2.00
2025-01-18;Lomo de Res;2.56
2025-01-18;Medio Pollo;3.12
2025-01-18;Menudo;3.82
2025-01-18;Mortadela;1.56
2025-01-18;Muslo;1.86
2025-01-18;Muslo Especial;2.36
2025-01-18;Pechuga Con Ala;2.36
2025-01-18;Pechuga Especial;1.65
2025-01-18;Pierna Entera;3.81
2025-01-18;Pierna Especial;1.67
2025-01-18;Posta de Cerdo;1.99
2025-01-18;Posta de Corona;2.49
2025-01-18;Posta De Gallina;1.71
2025-01-18;Posta de Pierna;1.60
2025-01-18;Producto de Prueba;1.37
2025-01-18;Punta de Cacho;3.79
2025-01-18;Queso;3.41
2025-01-18;Salchicha;3.70
2025-01-18;Salchichon;2.00
2025-01-18;Sesina;3.92
2025-01-18;Titiles;3.07
2025-01-19;Centrolac leche entera 472 ml;3.93
2025-01-19;"Centrolac milk whole 1000 ml ";2.32
2025-01-19;Chincaca;1.02
2025-01-19;Chorizo Criollo;1.55
2025-01-19;Conito;3.84
2025-01-19;Costilla Alta;3.39
2025-01-19;Costilla de Cerdo;2.10
2025-01-19;Crema Perfecta;1.05
2025-01-19;Higado De Pollo;3.34
2025-01-19;Huesos Corriente;1.54
2025-01-19;Lomo de Cerdo;3.84
2025-01-19;Lomo de Res;3.71
2025-01-19;Medio Pollo;1.27
2025-01-19;Menudo;3.37
2025-01-19;Mortadela;1.86
2025-01-19;Muslo;2.77
2025-01-19;Muslo Especial;3.51
2025-01-19;Pechuga Con Ala;3.67
2025-01-19;Pechuga Especial;3.70
2025-01-19;Pierna Entera;3.29
2025-01-19;Pierna Especial;1.79
2025-01-19;Posta de Cerdo;2.21
2025-01-19;Posta de Corona;2.19
2025-01-19;Posta De Gallina;2.44
2025-01-19;Posta de Pierna;3.34
2025-01-19;Producto de Prueba;3.32
2025-01-19;Punta de Cacho;2.85
2025-01-19;Queso;2.07
2025-01-19;Salchicha;2.49
2025-01-19;Salchichon;3.12
2025-01-19;Sesina;2.21
2025-01-19;Titiles;1.55
2025-01-20;Centrolac leche entera 472 ml;1.39
2025-01-20;"Centrolac milk whole 1000 ml ";2.98
2025-01-20;Chincaca;3.34
2025-01-20;Chorizo Criollo;3.59
2025-01-20;Conito;3.63
2025-01-20;Costilla Alta;3.11
2025-01-20;Costilla de Cerdo;2.77
2025-01-20;Crema Perfecta;3.94
2025-01-20;Higado De Pollo;2.80
2025-01-20;Huesos Corriente;1.31
2025-01-20;Lomo de Cerdo;3.54
2025-01-20;Lomo de Res;1.80
2025-01-20;Medio Pollo;3.66
2025-01-20;Menudo;2.91
2025-01-20;Mortadela;2.64
2025-01-20;Muslo;2.92
2025-01-20;Muslo Especial;3.68
2025-01-20;Pechuga Con Ala;2.48
2025-01-20;Pechuga Especial;3.90
2025-01-20;Pierna Entera;1.51
2025-01-20;Pierna Especial;1.28
2025-01-20;Posta de Cerdo;3.17
2025-01-20;Posta de Corona;3.35
2025-01-20;Posta De Gallina;3.98
2025-01-20;Posta de Pierna;1.98
2025-01-20;Producto de Prueba;3.96
2025-01-20;Punta de Cacho;3.58
2025-01-20;Queso;3.59
2025-01-20;Salchicha;2.51
2025-01-20;Salchichon;3.08
2025-01-20;Sesina;2.78
2025-01-20;Titiles;1.73
2025-01-21;Centrolac leche entera 472 ml;1.62
2025-01-21;"Centrolac milk whole 1000 ml ";3.12
2025-01-21;Chincaca;1.31
2025-01-21;Chorizo Criollo;1.55
2025-01-21;Conito;2.52
2025-01-21;Costilla Alta;3.71
2025-01-21;Costilla de Cerdo;3.85
2025-01-21;Crema Perfecta;1.42
2025-01-21;Higado De Pollo;2.38
2025-01-21;Huesos Corriente;1.42
2025-01-21;Lomo de Cerdo;3.38
2025-01-21;Lomo de Res;3.77
2025-01-21;Medio Pollo;2.28
2025-01-21;Menudo;2.44
2025-01-21;Mortadela;3.15
2025-01-21;Muslo;2.16
2025-01-21;Muslo Especial;3.57
2025-01-21;Pechuga Con Ala;3.87
2025-01-21;Pechuga Especial;1.47
2025-01-21;Pierna Entera;3.76
2025-01-21;Pierna Especial;3.34
2025-01-21;Posta de Cerdo;2.31
2025-01-21;Posta de Corona;3.38
2025-01-21;Posta De Gallina;1.79
2025-01-21;Posta de Pierna;2.01
2025-01-21;Producto de Prueba;1.19
2025-01-21;Punta de Cacho;1.13
2025-01-21;Queso;3.65
2025-01-21;Salchicha;3.36
2025-01-21;Salchichon;2.95
2025-01-21;Sesina;3.38
2025-01-21;Titiles;1.16
2025-01-22;Centrolac leche entera 472 ml;2.54
2025-01-22;"Centrolac milk whole 1000 ml ";3.73
2025-01-22;Chincaca;1.10
2025-01-22;Chorizo Criollo;2.93
2025-01-22;Conito;1.01
2025-01-22;Costilla Alta;3.08
2025-01-22;Costilla de Cerdo;3.84
2025-01-22;Crema Perfecta;3.94
2025-01-22;Higado De Pollo;2.76
2025-01-22;Huesos Corriente;3.68
2025-01-22;Lomo de Cerdo;1.96
2025-01-22;Lomo de Res;3.74
2025-01-22;Medio Pollo;1.99
2025-01-22;Menudo;2.48
2025-01-22;Mortadela;2.59
2025-01-22;Muslo;1.31
2025-01-22;Muslo Especial;2.92
2025-01-22;Pechuga Con Ala;2.93
2025-01-22;Pechuga Especial;2.43
2025-01-22;Pierna Entera;1.59
2025-01-22;Pierna Especial;1.46
2025-01-22;Posta de Cerdo;1.42
2025-01-22;Posta de Corona;3.13
2025-01-22;Posta De Gallina;2.42
2025-01-22;Posta de Pierna;1.93
2025-01-22;Producto de Prueba;3.98
2025-01-22;Punta de Cacho;3.08
2025-01-22;Queso;3.71
2025-01-22;Salchicha;3.41
2025-01-22;Salchichon;1.82
2025-01-22;Sesina;2.12
2025-01-22;Titiles;1.37
2025-01-23;Centrolac leche entera 472 ml;3.64
2025-01-23;"Centrolac milk whole 1000 ml ";3.95
2025-01-23;Chincaca;1.37
2025-01-23;Chorizo Criollo;1.42
2025-01-23;Conito;2.86
2025-01-23;Costilla Alta;2.22
2025-01-23;Costilla de Cerdo;1.02
2025-01-23;Crema Perfecta;1.55
2025-01-23;Higado De Pollo;1.81
2025-01-23;Huesos Corriente;1.09
2025-01-23;Lomo de Cerdo;3.18
2025-01-23;Lomo de Res;1.70
2025-01-23;Medio Pollo;3.77
2025-01-23;Menudo;2.11
2025-01-23;Mortadela;3.89
2025-01-23;Muslo;2.80
2025-01-23;Muslo Especial;2.05
2025-01-23;Pechuga Con Ala;3.29
2025-01-23;Pechuga Especial;1.25
2025-01-23;Pierna Entera;3.18
2025-01-23;Pierna Especial;2.05
2025-01-23;Posta de Cerdo;1.10
2025-01-23;Posta de Corona;2.99
2025-01-23;Posta De Gallina;3.89
2025-01-23;Posta de Pierna;1.09
2025-01-23;Producto de Prueba;3.06
2025-01-23;Punta de Cacho;1.95
2025-01-23;Queso;2.62
2025-01-23;Salchicha;2.04
2025-01-23;Salchichon;3.28
2025-01-23;Sesina;2.36
2025-01-23;Titiles;1.58
2025-01-24;Centrolac leche entera 472 ml;2.84
2025-01-24;"Centrolac milk whole 1000 ml ";1.42
2025-01-24;Chincaca;2.81
2025-01-24;Chorizo Criollo;2.61
2025-01-24;Conito;1.59
2025-01-24;Costilla Alta;1.10
2025-01-24;Costilla de Cerdo;1.85
2025-01-24;Crema Perfecta;3.69
2025-01-24;Higado De Pollo;3.42
2025-01-24;Huesos Corriente;3.37
2025-01-24;Lomo de Cerdo;2.39
2025-01-24;Lomo de Res;1.90
2025-01-24;Medio Pollo;3.08
2025-01-24;Menudo;2.82
2025-01-24;Mortadela;3.56
2025-01-24;Muslo;1.01
2025-01-24;Muslo Especial;1.53
2025-01-24;Pechuga Con Ala;2.91
2025-01-24;Pechuga Especial;2.43
2025-01-24;Pierna Entera;2.45
2025-01-24;Pierna Especial;3.01
2025-01-24;Posta de Cerdo;1.34
2025-01-24;Posta de Corona;1.02
2025-01-24;Posta De Gallina;1.38
2025-01-24;Posta de Pierna;3.46
2025-01-24;Producto de Prueba;3.78
2025-01-24;Punta de Cacho;1.82
2025-01-24;Queso;1.80
2025-01-24;Salchicha;2.39
2025-01-24;Salchichon;2.37
2025-01-24;Sesina;2.23
2025-01-24;Titiles;1.10
2025-01-25;Centrolac leche entera 472 ml;3.76
2025-01-25;"Centrolac milk whole 1000 ml ";1.10
2025-01-25;Chincaca;2.30
2025-01-25;Chorizo Criollo;1.93
2025-01-25;Conito;1.54
2025-01-25;Costilla Alta;1.35
2025-01-25;Costilla de Cerdo;1.57
2025-01-25;Crema Perfecta;2.11
2025-01-25;Higado De Pollo;2.32
2025-01-25;Huesos Corriente;2.69
2025-01-25;Lomo de Cerdo;2.60
2025-01-25;Lomo de Res;2.33
2025-01-25;Medio Pollo;2.30
2025-01-25;Menudo;3.41
2025-01-25;Mortadela;1.42
2025-01-25;Muslo;2.53
2025-01-25;Muslo Especial;2.43
2025-01-25;Pechuga Con Ala;1.58
2025-01-25;Pechuga Especial;1.77
2025-01-25;Pierna Entera;3.25
2025-01-25;Pierna Especial;3.26
2025-01-25;Posta de Cerdo;1.67
2025-01-25;Posta de Corona;1.47
2025-01-25;Posta De Gallina;2.18
2025-01-25;Posta de Pierna;2.55
2025-01-25;Producto de Prueba;3.84
2025-01-25;Punta de Cacho;2.20
2025-01-25;Queso;1.93
2025-01-25;Salchicha;3.67
2025-01-25;Salchichon;2.64
2025-01-25;Sesina;1.56
2025-01-25;Titiles;1.13
2025-01-26;Centrolac leche entera 472 ml;1.92
2025-01-26;"Centrolac milk whole 1000 ml ";2.45
2025-01-26;Chincaca;3.15
2025-01-26;Chorizo Criollo;2.11
2025-01-26;Conito;3.49
2025-01-26;Costilla Alta;1.22
2025-01-26;Costilla de Cerdo;1.07
2025-01-26;Crema Perfecta;3.25
2025-01-26;Higado De Pollo;1.96
2025-01-26;Huesos Corriente;1.20
2025-01-26;Lomo de Cerdo;1.55
2025-01-26;Lomo de Res;2.06
2025-01-26;Medio Pollo;3.90
2025-01-26;Menudo;2.12
2025-01-26;Mortadela;2.45
2025-01-26;Muslo;1.19
2025-01-26;Muslo Especial;1.94
2025-01-26;Pechuga Con Ala;2.23
2025-01-26;Pechuga Especial;2.32
2025-01-26;Pierna Entera;2.57
2025-01-26;Pierna Especial;3.23
2025-01-26;Posta de Cerdo;3.21
2025-01-26;Posta de Corona;1.84
2025-01-26;Posta De Gallina;2.42
2025-01-26;Posta de Pierna;4.00
2025-01-26;Producto de Prueba;3.78
2025-01-26;Punta de Cacho;1.80
2025-01-26;Queso;1.35
2025-01-26;Salchicha;1.88
2025-01-26;Salchichon;1.12
2025-01-26;Sesina;2.67
2025-01-26;Titiles;1.56
2025-01-27;Centrolac leche entera 472 ml;3.82
2025-01-27;"Centrolac milk whole 1000 ml ";3.63
2025-01-27;Chincaca;2.88
2025-01-27;Chorizo Criollo;3.20
2025-01-27;Conito;3.17
2025-01-27;Costilla Alta;3.51
2025-01-27;Costilla de Cerdo;1.92
2025-01-27;Crema Perfecta;1.51
2025-01-27;Higado De Pollo;1.57
2025-01-27;Huesos Corriente;1.42
2025-01-27;Lomo de Cerdo;1.71
2025-01-27;Lomo de Res;1.11
2025-01-27;Medio Pollo;3.85
2025-01-27;Menudo;1.95
2025-01-27;Mortadela;3.46
2025-01-27;Muslo;1.98
2025-01-27;Muslo Especial;3.10
2025-01-27;Pechuga Con Ala;2.86
2025-01-27;Pechuga Especial;3.72
2025-01-27;Pierna Entera;2.55
2025-01-27;Pierna Especial;3.82
2025-01-27;Posta de Cerdo;2.61
2025-01-27;Posta de Corona;3.59
2025-01-27;Posta De Gallina;3.90
2025-01-27;Posta de Pierna;3.11
2025-01-27;Producto de Prueba;3.77
2025-01-27;Punta de Cacho;1.95
2025-01-27;Queso;2.92
2025-01-27;Salchicha;1.19
2025-01-27;Salchichon;1.19
2025-01-27;Sesina;3.34
2025-01-27;Titiles;2.38
2025-01-28;Centrolac leche entera 472 ml;1.39
2025-01-28;"Centrolac milk whole 1000 ml ";2.31
2025-01-28;Chincaca;2.71
2025-01-28;Chorizo Criollo;2.17
2025-01-28;Conito;3.66
2025-01-28;Costilla Alta;1.00
2025-01-28;Costilla de Cerdo;3.85
2025-01-28;Crema Perfecta;3.66
2025-01-28;Higado De Pollo;1.56
2025-01-28;Huesos Corriente;1.40
2025-01-28;Lomo de Cerdo;2.04
2025-01-28;Lomo de Res;1.48
2025-01-28;Medio Pollo;2.36
2025-01-28;Menudo;2.11
2025-01-28;Mortadela;2.46
2025-01-28;Muslo;3.20
2025-01-28;Muslo Especial;3.86
2025-01-28;Pechuga Con Ala;1.07
2025-01-28;Pechuga Especial;3.31
2025-01-28;Pierna Entera;3.90
2025-01-28;Pierna Especial;3.33
2025-01-28;Posta de Cerdo;3.16
2025-01-28;Posta de Corona;2.10
2025-01-28;Posta De Gallina;1.33
2025-01-28;Posta de Pierna;1.36
2025-01-28;Producto de Prueba;2.00
2025-01-28;Punta de Cacho;1.99
2025-01-28;Queso;3.84
2025-01-28;Salchicha;1.68
2025-01-28;Salchichon;3.41
2025-01-28;Sesina;1.82
2025-01-28;Titiles;1.03
2025-01-29;Centrolac leche entera 472 ml;2.10
2025-01-29;"Centrolac milk whole 1000 ml ";1.63
2025-01-29;Chincaca;2.84
2025-01-29;Chorizo Criollo;1.63
2025-01-29;Conito;1.04
2025-01-29;Costilla Alta;3.73
2025-01-29;Costilla de Cerdo;2.88
2025-01-29;Crema Perfecta;1.28
2025-01-29;Higado De Pollo;3.34
2025-01-29;Huesos Corriente;2.96
2025-01-29;Lomo de Cerdo;2.69
2025-01-29;Lomo de Res;1.02
2025-01-29;Medio Pollo;3.25
2025-01-29;Menudo;1.91
2025-01-29;Mortadela;3.52
2025-01-29;Muslo;3.33
2025-01-29;Muslo Especial;1.44
2025-01-29;Pechuga Con Ala;3.52
2025-01-29;Pechuga Especial;3.44
2025-01-29;Pierna Entera;1.62
2025-01-29;Pierna Especial;3.64
2025-01-29;Posta de Cerdo;2.62
2025-01-29;Posta de Corona;2.41
2025-01-29;Posta De Gallina;3.40
2025-01-29;Posta de Pierna;1.14
2025-01-29;Producto de Prueba;2.71
2025-01-29;Punta de Cacho;1.03
2025-01-29;Queso;2.54
2025-01-29;Salchicha;1.08
2025-01-29;Salchichon;1.57
2025-01-29;Sesina;2.19
2025-01-29;Titiles;1.59
2025-01-30;Centrolac leche entera 472 ml;3.92
2025-01-30;"Centrolac milk whole 1000 ml ";1.25
2025-01-30;Chincaca;2.74
2025-01-30;Chorizo Criollo;3.77
2025-01-30;Conito;1.99
2025-01-30;Costilla Alta;1.66
2025-01-30;Costilla de Cerdo;1.62
2025-01-30;Crema Perfecta;3.31
2025-01-30;Higado De Pollo;3.59
2025-01-30;Huesos Corriente;1.42
2025-01-30;Lomo de Cerdo;3.48
2025-01-30;Lomo de Res;1.90
2025-01-30;Medio Pollo;1.64
2025-01-30;Menudo;2.29
2025-01-30;Mortadela;2.63
2025-01-30;Muslo;3.08
2025-01-30;Muslo Especial;3.98
2025-01-30;Pechuga Con Ala;1.59
2025-01-30;Pechuga Especial;2.35
2025-01-30;Pierna Entera;2.93
2025-01-30;Pierna Especial;3.75
2025-01-30;Posta de Cerdo;2.96
2025-01-30;Posta de Corona;1.75
2025-01-30;Posta De Gallina;1.15
2025-01-30;Posta de Pierna;2.68
2025-01-30;Producto de Prueba;2.31
2025-01-30;Punta de Cacho;1.92
2025-01-30;Queso;3.21
2025-01-30;Salchicha;3.71
2025-01-30;Salchichon;2.96
2025-01-30;Sesina;3.70
2025-01-30;Titiles;1.99
2025-01-31;Centrolac leche entera 472 ml;3.71
2025-01-31;"Centrolac milk whole 1000 ml ";1.26
2025-01-31;Chincaca;2.10
2025-01-31;Chorizo Criollo;2.52
2025-01-31;Conito;3.26
2025-01-31;Costilla Alta;2.25
2025-01-31;Costilla de Cerdo;1.32
2025-01-31;Crema Perfecta;2.68
2025-01-31;Higado De Pollo;1.17
2025-01-31;Huesos Corriente;1.01
2025-01-31;Lomo de Cerdo;1.61
2025-01-31;Lomo de Res;2.41
2025-01-31;Medio Pollo;1.79
2025-01-31;Menudo;2.16
2025-01-31;Mortadela;3.22
2025-01-31;Muslo;2.64
2025-01-31;Muslo Especial;3.21
2025-01-31;Pechuga Con Ala;1.51
2025-01-31;Pechuga Especial;2.25
2025-01-31;Pierna Entera;3.04
2025-01-31;Pierna Especial;1.21
2025-01-31;Posta de Cerdo;2.48
2025-01-31;Posta de Corona;2.63
2025-01-31;Posta De Gallina;1.72
2025-01-31;Posta de Pierna;3.33
2025-01-31;Producto de Prueba;3.97
2025-01-31;Punta de Cacho;2.04
2025-01-31;Queso;1.17
2025-01-31;Salchicha;2.98
2025-01-31;Salchichon;1.82
2025-01-31;Sesina;3.04
2025-01-31;Titiles;1.78
2025-02-01;Centrolac leche entera 472 ml;3.52
2025-02-01;"Centrolac milk whole 1000 ml ";1.57
2025-02-01;Chincaca;2.01
2025-02-01;Chorizo Criollo;1.37
2025-02-01;Conito;3.55
2025-02-01;Costilla Alta;1.36
2025-02-01;Costilla de Cerdo;1.21
2025-02-01;Crema Perfecta;1.30
2025-02-01;Higado De Pollo;3.04
2025-02-01;Huesos Corriente;3.53
2025-02-01;Lomo de Cerdo;3.50
2025-02-01;Lomo de Res;1.57
2025-02-01;Medio Pollo;1.48
2025-02-01;Menudo;3.95
2025-02-01;Mortadela;3.87
2025-02-01;Muslo;3.76
2025-02-01;Muslo Especial;2.36
2025-02-01;Pechuga Con Ala;3.98
2025-02-01;Pechuga Especial;1.10
2025-02-01;Pierna Entera;1.86
2025-02-01;Pierna Especial;2.24
2025-02-01;Posta de Cerdo;1.57
2025-02-01;Posta de Corona;1.66
2025-02-01;Posta De Gallina;3.77
2025-02-01;Posta de Pierna;3.19
2025-02-01;Producto de Prueba;3.69
2025-02-01;Punta de Cacho;2.04
2025-02-01;Queso;1.01
2025-02-01;Salchicha;2.01
2025-02-01;Salchichon;3.44
2025-02-01;Sesina;2.50
2025-02-01;Titiles;1.19
2025-02-02;Centrolac leche entera 472 ml;1.87
2025-02-02;"Centrolac milk whole 1000 ml ";2.36
2025-02-02;Chincaca;2.11
2025-02-02;Chorizo Criollo;2.98
2025-02-02;Conito;3.02
2025-02-02;Costilla Alta;1.47
2025-02-02;Costilla de Cerdo;2.04
2025-02-02;Crema Perfecta;1.21
2025-02-02;Higado De Pollo;1.10
2025-02-02;Huesos Corriente;2.60
2025-02-02;Lomo de Cerdo;3.78
2025-02-02;Lomo de Res;1.75
2025-02-02;Medio Pollo;3.76
2025-02-02;Menudo;2.84
2025-02-02;Mortadela;1.47
2025-02-02;Muslo;3.65
2025-02-02;Muslo Especial;1.46
2025-02-02;Pechuga Con Ala;1.07
2025-02-02;Pechuga Especial;2.47
2025-02-02;Pierna Entera;3.37
2025-02-02;Pierna Especial;3.86
2025-02-02;Posta de Cerdo;3.08
2025-02-02;Posta de Corona;2.25
2025-02-02;Posta De Gallina;3.01
2025-02-02;Posta de Pierna;1.54
2025-02-02;Producto de Prueba;1.93
2025-02-02;Punta de Cacho;2.56
2025-02-02;Queso;1.16
2025-02-02;Salchicha;2.00
2025-02-02;Salchichon;2.56
2025-02-02;Sesina;2.47
2025-02-02;Titiles;2.61
2025-02-03;Centrolac leche entera 472 ml;2.69
2025-02-03;"Centrolac milk whole 1000 ml ";3.49
2025-02-03;Chincaca;1.69
2025-02-03;Chorizo Criollo;1.22
2025-02-03;Conito;2.81
2025-02-03;Costilla Alta;1.75
2025-02-03;Costilla de Cerdo;1.11
2025-02-03;Crema Perfecta;3.13
2025-02-03;Higado De Pollo;2.94
2025-02-03;Huesos Corriente;3.12
2025-02-03;Lomo de Cerdo;2.78
2025-02-03;Lomo de Res;2.30
2025-02-03;Medio Pollo;2.32
2025-02-03;Menudo;1.91
2025-02-03;Mortadela;3.14
2025-02-03;Muslo;3.48
2025-02-03;Muslo Especial;1.30
2025-02-03;Pechuga Con Ala;2.35
2025-02-03;Pechuga Especial;2.29
2025-02-03;Pierna Entera;2.95
2025-02-03;Pierna Especial;3.38
2025-02-03;Posta de Cerdo;2.01
2025-02-03;Posta de Corona;3.40
2025-02-03;Posta De Gallina;3.62
2025-02-03;Posta de Pierna;3.08
2025-02-03;Producto de Prueba;2.91
2025-02-03;Punta de Cacho;2.84
2025-02-03;Queso;3.88
2025-02-03;Salchicha;2.43
2025-02-03;Salchichon;2.50
2025-02-03;Sesina;3.23
2025-02-03;Titiles;1.91
2025-02-04;Centrolac leche entera 472 ml;3.39
2025-02-04;"Centrolac milk whole 1000 ml ";3.41
2025-02-04;Chincaca;3.55
2025-02-04;Chorizo Criollo;2.82
2025-02-04;Conito;2.78
2025-02-04;Costilla Alta;3.63
2025-02-04;Costilla de Cerdo;3.91
2025-02-04;Crema Perfecta;2.82
2025-02-04;Higado De Pollo;3.83
2025-02-04;Huesos Corriente;2.99
2025-02-04;Lomo de Cerdo;2.11
2025-02-04;Lomo de Res;2.95
2025-02-04;Medio Pollo;2.15
2025-02-04;Menudo;1.35
2025-02-04;Mortadela;2.46
2025-02-04;Muslo;3.74
2025-02-04;Muslo Especial;3.13
2025-02-04;Pechuga Con Ala;1.40
2025-02-04;Pechuga Especial;3.78
2025-02-04;Pierna Entera;1.09
2025-02-04;Pierna Especial;2.09
2025-02-04;Posta de Cerdo;1.97
2025-02-04;Posta de Corona;2.99
2025-02-04;Posta De Gallina;2.07
2025-02-04;Posta de Pierna;2.83
2025-02-04;Producto de Prueba;1.59
2025-02-04;Punta de Cacho;1.20
2025-02-04;Queso;2.39
2025-02-04;Salchicha;2.20
2025-02-04;Salchichon;3.07
2025-02-04;Sesina;2.91
2025-02-04;Titiles;3.74
2025-02-05;Centrolac leche entera 472 ml;2.26
2025-02-05;"Centrolac milk whole 1000 ml ";2.41
2025-02-05;Chincaca;3.33
2025-02-05;Chorizo Criollo;3.67
2025-02-05;Conito;1.85
2025-02-05;Costilla Alta;2.90
2025-02-05;Costilla de Cerdo;3.78
2025-02-05;Crema Perfecta;1.74
2025-02-05;Higado De Pollo;2.09
2025-02-05;Huesos Corriente;2.12
2025-02-05;Lomo de Cerdo;1.87
2025-02-05;Lomo de Res;1.77
2025-02-05;Medio Pollo;2.96
2025-02-05;Menudo;3.60
2025-02-05;Mortadela;2.41
2025-02-05;Muslo;2.45
2025-02-05;Muslo Especial;1.22
2025-02-05;Pechuga Con Ala;3.90
2025-02-05;Pechuga Especial;1.26
2025-02-05;Pierna Entera;1.34
2025-02-05;Pierna Especial;1.91
2025-02-05;Posta de Cerdo;2.12
2025-02-05;Posta de Corona;3.65
2025-02-05;Posta De Gallina;3.58
2025-02-05;Posta de Pierna;1.65
2025-02-05;Producto de Prueba;3.75
2025-02-05;Punta de Cacho;3.80
2025-02-05;Queso;3.85
2025-02-05;Salchicha;2.69
2025-02-05;Salchichon;1.08
2025-02-05;Sesina;3.92
2025-02-05;Titiles;1.10
2025-02-06;Centrolac leche entera 472 ml;1.41
2025-02-06;"Centrolac milk whole 1000 ml ";2.05
2025-02-06;Chincaca;1.20
2025-02-06;Chorizo Criollo;1.43
2025-02-06;Conito;1.29
2025-02-06;Costilla Alta;1.41
2025-02-06;Costilla de Cerdo;1.95
2025-02-06;Crema Perfecta;3.87
2025-02-06;Higado De Pollo;3.13
2025-02-06;Huesos Corriente;1.32
2025-02-06;Lomo de Cerdo;2.33
2025-02-06;Lomo de Res;3.72
2025-02-06;Medio Pollo;3.03
2025-02-06;Menudo;1.46
2025-02-06;Mortadela;2.05
2025-02-06;Muslo;3.06
2025-02-06;Muslo Especial;2.58
2025-02-06;Pechuga Con Ala;2.35
2025-02-06;Pechuga Especial;3.91
2025-02-06;Pierna Entera;1.21
2025-02-06;Pierna Especial;1.81
2025-02-06;Posta de Cerdo;1.32
2025-02-06;Posta de Corona;2.63
2025-02-06;Posta De Gallina;3.10
2025-02-06;Posta de Pierna;3.13
2025-02-06;Producto de Prueba;2.53
2025-02-06;Punta de Cacho;1.81
2025-02-06;Queso;3.16
2025-02-06;Salchicha;1.23
2025-02-06;Salchichon;3.88
2025-02-06;Sesina;3.46
2025-02-06;Titiles;1.36
2025-02-07;Centrolac leche entera 472 ml;3.19
2025-02-07;"Centrolac milk whole 1000 ml ";2.24
2025-02-07;Chincaca;1.53
2025-02-07;Chorizo Criollo;3.95
2025-02-07;Conito;2.44
2025-02-07;Costilla Alta;2.64
2025-02-07;Costilla de Cerdo;3.25
2025-02-07;Crema Perfecta;3.86
2025-02-07;Higado De Pollo;3.26
2025-02-07;Huesos Corriente;1.02
2025-02-07;Lomo de Cerdo;1.12
2025-02-07;Lomo de Res;3.57
2025-02-07;Medio Pollo;1.82
2025-02-07;Menudo;1.48
2025-02-07;Mortadela;1.99
2025-02-07;Muslo;1.58
2025-02-07;Muslo Especial;3.42
2025-02-07;Pechuga Con Ala;1.19
2025-02-07;Pechuga Especial;1.26
2025-02-07;Pierna Entera;3.74
2025-02-07;Pierna Especial;2.08
2025-02-07;Posta de Cerdo;2.85
2025-02-07;Posta de Corona;1.42
2025-02-07;Posta De Gallina;3.55
2025-02-07;Posta de Pierna;1.98
2025-02-07;Producto de Prueba;2.70
2025-02-07;Punta de Cacho;2.66
2025-02-07;Queso;3.17
2025-02-07;Salchicha;3.37
2025-02-07;Salchichon;1.46
2025-02-07;Sesina;1.86
2025-02-07;Titiles;2.21
2025-02-08;Centrolac leche entera 472 ml;1.50
2025-02-08;"Centrolac milk whole 1000 ml ";3.90
2025-02-08;Chincaca;3.27
2025-02-08;Chorizo Criollo;1.81
2025-02-08;Conito;1.72
2025-02-08;Costilla Alta;3.20
2025-02-08;Costilla de Cerdo;1.22
2025-02-08;Crema Perfecta;3.06
2025-02-08;Higado De Pollo;2.81
2025-02-08;Huesos Corriente;3.15
2025-02-08;Lomo de Cerdo;1.46
2025-02-08;Lomo de Res;3.99
2025-02-08;Medio Pollo;1.79
2025-02-08;Menudo;2.85
2025-02-08;Mortadela;2.10
2025-02-08;Muslo;3.52
2025-02-08;Muslo Especial;1.66
2025-02-08;Pechuga Con Ala;1.38
2025-02-08;Pechuga Especial;3.68
2025-02-08;Pierna Entera;3.74
2025-02-08;Pierna Especial;3.47
2025-02-08;Posta de Cerdo;3.56
2025-02-08;Posta de Corona;2.24
2025-02-08;Posta De Gallina;1.95
2025-02-08;Posta de Pierna;2.37
2025-02-08;Producto de Prueba;3.64
2025-02-08;Punta de Cacho;3.30
2025-02-08;Queso;3.46
2025-02-08;Salchicha;2.65
2025-02-08;Salchichon;2.65
2025-02-08;Sesina;3.46
2025-02-08;Titiles;2.65
2025-02-09;Centrolac leche entera 472 ml;1.49
2025-02-09;"Centrolac milk whole 1000 ml ";3.45
2025-02-09;Chincaca;3.06
2025-02-09;Chorizo Criollo;1.58
2025-02-09;Conito;1.82
2025-02-09;Costilla Alta;2.27
2025-02-09;Costilla de Cerdo;1.59
2025-02-09;Crema Perfecta;2.75
2025-02-09;Higado De Pollo;3.59
2025-02-09;Huesos Corriente;2.99
2025-02-09;Lomo de Cerdo;2.26
2025-02-09;Lomo de Res;2.92
2025-02-09;Medio Pollo;1.77
2025-02-09;Menudo;3.81
2025-02-09;Mortadela;1.30
2025-02-09;Muslo;1.38
2025-02-09;Muslo Especial;2.17
2025-02-09;Pechuga Con Ala;1.10
2025-02-09;Pechuga Especial;3.16
2025-02-09;Pierna Entera;1.10
2025-02-09;Pierna Especial;2.03
2025-02-09;Posta de Cerdo;2.19
2025-02-09;Posta de Corona;1.24
2025-02-09;Posta De Gallina;1.31
2025-02-09;Posta de Pierna;3.77
2025-02-09;Producto de Prueba;3.13
2025-02-09;Punta de Cacho;2.92
2025-02-09;Queso;1.71
2025-02-09;Salchicha;1.55
2025-02-09;Salchichon;3.95
2025-02-09;Sesina;1.57
2025-02-09;Titiles;1.14
2025-02-10;Centrolac leche entera 472 ml;2.66
2025-02-10;"Centrolac milk whole 1000 ml ";3.30
2025-02-10;Chincaca;2.96
2025-02-10;Chorizo Criollo;1.51
2025-02-10;Conito;1.04
2025-02-10;Costilla Alta;1.68
2025-02-10;Costilla de Cerdo;1.19
2025-02-10;Crema Perfecta;1.08
2025-02-10;Higado De Pollo;1.36
2025-02-10;Huesos Corriente;2.31
2025-02-10;Lomo de Cerdo;3.58
2025-02-10;Lomo de Res;1.09
2025-02-10;Medio Pollo;2.11
2025-02-10;Menudo;3.30
2025-02-10;Mortadela;1.89
2025-02-10;Muslo;3.47
2025-02-10;Muslo Especial;2.39
2025-02-10;Pechuga Con Ala;1.14
2025-02-10;Pechuga Especial;3.43
2025-02-10;Pierna Entera;2.38
2025-02-10;Pierna Especial;2.03
2025-02-10;Posta de Cerdo;3.12
2025-02-10;Posta de Corona;1.88
2025-02-10;Posta De Gallina;3.58
2025-02-10;Posta de Pierna;2.74
2025-02-10;Producto de Prueba;2.75
2025-02-10;Punta de Cacho;3.54
2025-02-10;Queso;1.78
2025-02-10;Salchicha;2.30
2025-02-10;Salchichon;3.94
2025-02-10;Sesina;3.28
2025-02-10;Titiles;3.54
2025-02-11;Centrolac leche entera 472 ml;1.17
2025-02-11;"Centrolac milk whole 1000 ml ";2.64
2025-02-11;Chincaca;2.76
2025-02-11;Chorizo Criollo;1.26
2025-02-11;Conito;3.57
2025-02-11;Costilla Alta;2.20
2025-02-11;Costilla de Cerdo;1.46
2025-02-11;Crema Perfecta;1.09
2025-02-11;Higado De Pollo;1.51
2025-02-11;Huesos Corriente;2.71
2025-02-11;Lomo de Cerdo;2.25
2025-02-11;Lomo de Res;1.55
2025-02-11;Medio Pollo;2.54
2025-02-11;Menudo;1.76
2025-02-11;Mortadela;3.77
2025-02-11;Muslo;3.68
2025-02-11;Muslo Especial;2.49
2025-02-11;Pechuga Con Ala;3.11
2025-02-11;Pechuga Especial;2.80
2025-02-11;Pierna Entera;1.41
2025-02-11;Pierna Especial;1.07
2025-02-11;Posta de Cerdo;2.95
2025-02-11;Posta de Corona;3.98
2025-02-11;Posta De Gallina;1.18
2025-02-11;Posta de Pierna;1.51
2025-02-11;Producto de Prueba;3.07
2025-02-11;Punta de Cacho;1.24
2025-02-11;Queso;3.87
2025-02-11;Salchicha;2.02
2025-02-11;Salchichon;2.69
2025-02-11;Sesina;2.17
2025-02-11;Titiles;1.87
2025-02-12;Centrolac leche entera 472 ml;2.33
2025-02-12;"Centrolac milk whole 1000 ml ";1.64
2025-02-12;Chincaca;2.23
2025-02-12;Chorizo Criollo;2.32
2025-02-12;Conito;1.94
2025-02-12;Costilla Alta;1.55
2025-02-12;Costilla de Cerdo;3.03
2025-02-12;Crema Perfecta;1.93
2025-02-12;Higado De Pollo;2.86
2025-02-12;Huesos Corriente;1.71
2025-02-12;Lomo de Cerdo;1.50
2025-02-12;Lomo de Res;1.28
2025-02-12;Medio Pollo;3.58
2025-02-12;Menudo;1.82
2025-02-12;Mortadela;1.11
2025-02-12;Muslo;3.38
2025-02-12;Muslo Especial;2.77
2025-02-12;Pechuga Con Ala;1.93
2025-02-12;Pechuga Especial;2.90
2025-02-12;Pierna Entera;3.58
2025-02-12;Pierna Especial;1.23
2025-02-12;Posta de Cerdo;2.16
2025-02-12;Posta de Corona;1.36
2025-02-12;Posta De Gallina;3.27
2025-02-12;Posta de Pierna;1.02
2025-02-12;Producto de Prueba;2.36
2025-02-12;Punta de Cacho;3.47
2025-02-12;Queso;1.94
2025-02-12;Salchicha;2.55
2025-02-12;Salchichon;1.43
2025-02-12;Sesina;2.49
2025-02-12;Titiles;2.38
2025-02-13;Centrolac leche entera 472 ml;3.51
2025-02-13;"Centrolac milk whole 1000 ml ";1.29
2025-02-13;Chincaca;1.11
2025-02-13;Chorizo Criollo;2.55
2025-02-13;Conito;1.12
2025-02-13;Costilla Alta;2.56
2025-02-13;Costilla de Cerdo;2.77
2025-02-13;Crema Perfecta;2.06
2025-02-13;Higado De Pollo;1.01
2025-02-13;Huesos Corriente;3.13
2025-02-13;Lomo de Cerdo;1.35
2025-02-13;Lomo de Res;2.28
2025-02-13;Medio Pollo;3.09
2025-02-13;Menudo;1.33
2025-02-13;Mortadela;3.07
2025-02-13;Muslo;2.94
2025-02-13;Muslo Especial;3.90
2025-02-13;Pechuga Con Ala;3.91
2025-02-13;Pechuga Especial;2.52
2025-02-13;Pierna Entera;1.04
2025-02-13;Pierna Especial;1.59
2025-02-13;Posta de Cerdo;1.04
2025-02-13;Posta de Corona;2.91
2025-02-13;Posta De Gallina;2.96
2025-02-13;Posta de Pierna;2.04
2025-02-13;Producto de Prueba;2.81
2025-02-13;Punta de Cacho;2.70
2025-02-13;Queso;3.35
2025-02-13;Salchicha;1.48
2025-02-13;Salchichon;1.07
2025-02-13;Sesina;2.69
2025-02-13;Titiles;3.44
2025-02-14;Centrolac leche entera 472 ml;1.46
2025-02-14;"Centrolac milk whole 1000 ml ";3.48
2025-02-14;Chincaca;1.06
2025-02-14;Chorizo Criollo;3.68
2025-02-14;Conito;2.40
2025-02-14;Costilla Alta;1.56
2025-02-14;Costilla de Cerdo;1.48
2025-02-14;Crema Perfecta;3.28
2025-02-14;Higado De Pollo;2.53
2025-02-14;Huesos Corriente;1.20
2025-02-14;Lomo de Cerdo;3.36
2025-02-14;Lomo de Res;1.19
2025-02-14;Medio Pollo;3.64
2025-02-14;Menudo;1.83
2025-02-14;Mortadela;1.09
2025-02-14;Muslo;2.30
2025-02-14;Muslo Especial;1.92
2025-02-14;Pechuga Con Ala;3.66
2025-02-14;Pechuga Especial;3.63
2025-02-14;Pierna Entera;3.91
2025-02-14;Pierna Especial;2.27
2025-02-14;Posta de Cerdo;1.25
2025-02-14;Posta de Corona;4.00
2025-02-14;Posta De Gallina;1.11
2025-02-14;Posta de Pierna;2.54
2025-02-14;Producto de Prueba;3.63
2025-02-14;Punta de Cacho;3.17
2025-02-14;Queso;3.30
2025-02-14;Salchicha;3.93
2025-02-14;Salchichon;3.00
2025-02-14;Sesina;1.22
2025-02-14;Titiles;1.10
2025-02-15;Centrolac leche entera 472 ml;2.69
2025-02-15;"Centrolac milk whole 1000 ml ";2.09
2025-02-15;Chincaca;2.05
2025-02-15;Chorizo Criollo;1.31
2025-02-15;Conito;2.12
2025-02-15;Costilla Alta;3.01
2025-02-15;Costilla de Cerdo;3.63
2025-02-15;Crema Perfecta;3.13
2025-02-15;Higado De Pollo;2.01
2025-02-15;Huesos Corriente;2.13
2025-02-15;Lomo de Cerdo;1.04
2025-02-15;Lomo de Res;3.54
2025-02-15;Medio Pollo;3.49
2025-02-15;Menudo;1.42
2025-02-15;Mortadela;3.66
2025-02-15;Muslo;1.93
2025-02-15;Muslo Especial;2.94
2025-02-15;Pechuga Con Ala;1.68
2025-02-15;Pechuga Especial;1.29
2025-02-15;Pierna Entera;2.92
2025-02-15;Pierna Especial;2.43
2025-02-15;Posta de Cerdo;1.99
2025-02-15;Posta de Corona;2.49
2025-02-15;Posta De Gallina;3.80
2025-02-15;Posta de Pierna;3.25
2025-02-15;Producto de Prueba;2.01
2025-02-15;Punta de Cacho;1.39
2025-02-15;Queso;1.12
2025-02-15;Salchicha;3.88
2025-02-15;Salchichon;3.35
2025-02-15;Sesina;1.21
2025-02-15;Titiles;3.54
2025-02-16;Centrolac leche entera 472 ml;3.03
2025-02-16;"Centrolac milk whole 1000 ml ";2.22
2025-02-16;Chincaca;2.79
2025-02-16;Chorizo Criollo;2.11
2025-02-16;Conito;1.81
2025-02-16;Costilla Alta;2.09
2025-02-16;Costilla de Cerdo;1.78
2025-02-16;Crema Perfecta;2.08
2025-02-16;Higado De Pollo;2.19
2025-02-16;Huesos Corriente;2.54
2025-02-16;Lomo de Cerdo;2.86
2025-02-16;Lomo de Res;2.27
2025-02-16;Medio Pollo;2.24
2025-02-16;Menudo;1.20
2025-02-16;Mortadela;2.39
2025-02-16;Muslo;2.47
2025-02-16;Muslo Especial;3.69
2025-02-16;Pechuga Con Ala;1.26
2025-02-16;Pechuga Especial;1.98
2025-02-16;Pierna Entera;3.91
2025-02-16;Pierna Especial;3.38
2025-02-16;Posta de Cerdo;2.01
2025-02-16;Posta de Corona;1.42
2025-02-16;Posta De Gallina;3.51
2025-02-16;Posta de Pierna;2.32
2025-02-16;Producto de Prueba;3.08
2025-02-16;Punta de Cacho;1.96
2025-02-16;Queso;1.64
2025-02-16;Salchicha;3.83
2025-02-16;Salchichon;2.82
2025-02-16;Sesina;3.28
2025-02-16;Titiles;3.94
2025-02-17;Centrolac leche entera 472 ml;2.46
2025-02-17;"Centrolac milk whole 1000 ml ";3.10
2025-02-17;Chincaca;3.21
2025-02-17;Chorizo Criollo;2.89
2025-02-17;Conito;2.80
2025-02-17;Costilla Alta;1.63
2025-02-17;Costilla de Cerdo;2.78
2025-02-17;Crema Perfecta;1.85
2025-02-17;Higado De Pollo;1.15
2025-02-17;Huesos Corriente;2.42
2025-02-17;Lomo de Cerdo;2.67
2025-02-17;Lomo de Res;2.54
2025-02-17;Medio Pollo;1.59
2025-02-17;Menudo;3.69
2025-02-17;Mortadela;3.69
2025-02-17;Muslo;2.17
2025-02-17;Muslo Especial;3.75
2025-02-17;Pechuga Con Ala;1.15
2025-02-17;Pechuga Especial;2.44
2025-02-17;Pierna Entera;3.16
2025-02-17;Pierna Especial;1.97
2025-02-17;Posta de Cerdo;1.14
2025-02-17;Posta de Corona;1.80
2025-02-17;Posta De Gallina;1.57
2025-02-17;Posta de Pierna;1.29
2025-02-17;Producto de Prueba;3.72
2025-02-17;Punta de Cacho;3.66
2025-02-17;Queso;3.06
2025-02-17;Salchicha;3.55
2025-02-17;Salchichon;3.20
2025-02-17;Sesina;1.57
2025-02-17;Titiles;2.66
2025-02-18;Centrolac leche entera 472 ml;3.54
2025-02-18;"Centrolac milk whole 1000 ml ";1.78
2025-02-18;Chincaca;3.06
2025-02-18;Chorizo Criollo;3.02
2025-02-18;Conito;1.37
2025-02-18;Costilla Alta;1.93
2025-02-18;Costilla de Cerdo;1.33
2025-02-18;Crema Perfecta;1.65
2025-02-18;Higado De Pollo;2.26
2025-02-18;Huesos Corriente;1.78
2025-02-18;Lomo de Cerdo;3.00
2025-02-18;Lomo de Res;1.87
2025-02-18;Medio Pollo;3.58
2025-02-18;Menudo;1.50
2025-02-18;Mortadela;1.19
2025-02-18;Muslo;1.23
2025-02-18;Muslo Especial;2.94
2025-02-18;Pechuga Con Ala;1.87
2025-02-18;Pechuga Especial;2.52
2025-02-18;Pierna Entera;1.34
2025-02-18;Pierna Especial;1.16
2025-02-18;Posta de Cerdo;1.64
2025-02-18;Posta de Corona;2.51
2025-02-18;Posta De Gallina;3.63
2025-02-18;Posta de Pierna;1.50
2025-02-18;Producto de Prueba;1.93
2025-02-18;Punta de Cacho;1.56
2025-02-18;Queso;1.34
2025-02-18;Salchicha;1.87
2025-02-18;Salchichon;2.66
2025-02-18;Sesina;1.25
2025-02-18;Titiles;2.09
2025-02-19;Centrolac leche entera 472 ml;2.58
2025-02-19;"Centrolac milk whole 1000 ml ";2.58
2025-02-19;Chincaca;3.43
2025-02-19;Chorizo Criollo;1.84
2025-02-19;Conito;2.57
2025-02-19;Costilla Alta;2.31
2025-02-19;Costilla de Cerdo;2.65
2025-02-19;Crema Perfecta;3.70
2025-02-19;Higado De Pollo;3.97
2025-02-19;Huesos Corriente;3.36
2025-02-19;Lomo de Cerdo;2.68
2025-02-19;Lomo de Res;1.69
2025-02-19;Medio Pollo;1.33
2025-02-19;Menudo;2.74
2025-02-19;Mortadela;1.54
2025-02-19;Muslo;2.25
2025-02-19;Muslo Especial;1.04
2025-02-19;Pechuga Con Ala;2.33
2025-02-19;Pechuga Especial;3.13
2025-02-19;Pierna Entera;3.12
2025-02-19;Pierna Especial;2.34
2025-02-19;Posta de Cerdo;1.41
2025-02-19;Posta de Corona;3.64
2025-02-19;Posta De Gallina;3.32
2025-02-19;Posta de Pierna;1.62
2025-02-19;Producto de Prueba;1.93
2025-02-19;Punta de Cacho;3.24
2025-02-19;Queso;2.72
2025-02-19;Salchicha;1.32
2025-02-19;Salchichon;1.11
2025-02-19;Sesina;3.49
2025-02-19;Titiles;2.56
2025-02-20;Centrolac leche entera 472 ml;2.83
2025-02-20;"Centrolac milk whole 1000 ml ";2.81
2025-02-20;Chincaca;2.44
2025-02-20;Chorizo Criollo;3.08
2025-02-20;Conito;2.57
2025-02-20;Costilla Alta;1.31
2025-02-20;Costilla de Cerdo;1.59
2025-02-20;Crema Perfecta;2.94
2025-02-20;Higado De Pollo;2.11
2025-02-20;Huesos Corriente;2.36
2025-02-20;Lomo de Cerdo;3.70
2025-02-20;Lomo de Res;1.32
2025-02-20;Medio Pollo;3.26
2025-02-20;Menudo;3.42
2025-02-20;Mortadela;3.51
2025-02-20;Muslo;2.60
2025-02-20;Muslo Especial;2.56
2025-02-20;Pechuga Con Ala;2.74
2025-02-20;Pechuga Especial;2.39
2025-02-20;Pierna Entera;1.36
2025-02-20;Pierna Especial;1.90
2025-02-20;Posta de Cerdo;3.10
2025-02-20;Posta de Corona;2.51
2025-02-20;Posta De Gallina;3.75
2025-02-20;Posta de Pierna;2.81
2025-02-20;Producto de Prueba;2.17
2025-02-20;Punta de Cacho;3.67
2025-02-20;Queso;1.94
2025-02-20;Salchicha;1.53
2025-02-20;Salchichon;1.36
2025-02-20;Sesina;2.06
2025-02-20;Titiles;1.57
2025-02-21;Centrolac leche entera 472 ml;2.17
2025-02-21;"Centrolac milk whole 1000 ml ";2.82
2025-02-21;Chincaca;3.21
2025-02-21;Chorizo Criollo;3.15
2025-02-21;Conito;1.58
2025-02-21;Costilla Alta;2.72
2025-02-21;Costilla de Cerdo;3.61
2025-02-21;Crema Perfecta;2.85
2025-02-21;Higado De Pollo;3.53
2025-02-21;Huesos Corriente;2.44
2025-02-21;Lomo de Cerdo;1.61
2025-02-21;Lomo de Res;1.79
2025-02-21;Medio Pollo;3.28
2025-02-21;Menudo;1.73
2025-02-21;Mortadela;2.48
2025-02-21;Muslo;3.63
2025-02-21;Muslo Especial;3.53
2025-02-21;Pechuga Con Ala;2.23
2025-02-21;Pechuga Especial;2.27
2025-02-21;Pierna Entera;2.61
2025-02-21;Pierna Especial;2.67
2025-02-21;Posta de Cerdo;1.55
2025-02-21;Posta de Corona;3.11
2025-02-21;Posta De Gallina;2.16
2025-02-21;Posta de Pierna;2.73
2025-02-21;Producto de Prueba;2.25
2025-02-21;Punta de Cacho;2.62
2025-02-21;Queso;1.73
2025-02-21;Salchicha;2.61
2025-02-21;Salchichon;3.92
2025-02-21;Sesina;1.40
2025-02-21;Titiles;3.80
2025-02-22;Centrolac leche entera 472 ml;2.16
2025-02-22;"Centrolac milk whole 1000 ml ";2.73
2025-02-22;Chincaca;2.21
2025-02-22;Chorizo Criollo;2.27
2025-02-22;Conito;1.35
2025-02-22;Costilla Alta;1.36
2025-02-22;Costilla de Cerdo;3.43
2025-02-22;Crema Perfecta;3.99
2025-02-22;Higado De Pollo;2.35
2025-02-22;Huesos Corriente;2.30
2025-02-22;Lomo de Cerdo;4.00
2025-02-22;Lomo de Res;3.45
2025-02-22;Medio Pollo;2.49
2025-02-22;Menudo;2.63
2025-02-22;Mortadela;1.73
2025-02-22;Muslo;1.97
2025-02-22;Muslo Especial;1.31
2025-02-22;Pechuga Con Ala;1.37
2025-02-22;Pechuga Especial;2.28
2025-02-22;Pierna Entera;1.09
2025-02-22;Pierna Especial;2.33
2025-02-22;Posta de Cerdo;3.99
2025-02-22;Posta de Corona;3.01
2025-02-22;Posta De Gallina;1.18
2025-02-22;Posta de Pierna;1.52
2025-02-22;Producto de Prueba;1.69
2025-02-22;Punta de Cacho;1.59
2025-02-22;Queso;2.83
2025-02-22;Salchicha;2.65
2025-02-22;Salchichon;3.03
2025-02-22;Sesina;2.49
2025-02-22;Titiles;1.86
2025-02-23;Centrolac leche entera 472 ml;1.93
2025-02-23;"Centrolac milk whole 1000 ml ";3.13
2025-02-23;Chincaca;2.44
2025-02-23;Chorizo Criollo;2.26
2025-02-23;Conito;2.58
2025-02-23;Costilla Alta;3.66
2025-02-23;Costilla de Cerdo;1.54
2025-02-23;Crema Perfecta;2.99
2025-02-23;Higado De Pollo;1.33
2025-02-23;Huesos Corriente;1.40
2025-02-23;Lomo de Cerdo;1.79
2025-02-23;Lomo de Res;1.19
2025-02-23;Medio Pollo;3.09
2025-02-23;Menudo;3.08
2025-02-23;Mortadela;3.56
2025-02-23;Muslo;3.09
2025-02-23;Muslo Especial;2.02
2025-02-23;Pechuga Con Ala;3.35
2025-02-23;Pechuga Especial;3.86
2025-02-23;Pierna Entera;3.92
2025-02-23;Pierna Especial;3.65
2025-02-23;Posta de Cerdo;1.25
2025-02-23;Posta de Corona;3.87
2025-02-23;Posta De Gallina;2.21
2025-02-23;Posta de Pierna;1.52
2025-02-23;Producto de Prueba;1.77
2025-02-23;Punta de Cacho;2.96
2025-02-23;Queso;2.75
2025-02-23;Salchicha;3.17
2025-02-23;Salchichon;1.64
2025-02-23;Sesina;1.71
2025-02-23;Titiles;1.66
2025-02-24;Centrolac leche entera 472 ml;2.17
2025-02-24;"Centrolac milk whole 1000 ml ";3.63
2025-02-24;Chincaca;1.87
2025-02-24;Chorizo Criollo;2.60
2025-02-24;Conito;2.97
2025-02-24;Costilla Alta;2.51
2025-02-24;Costilla de Cerdo;1.70
2025-02-24;Crema Perfecta;3.91
2025-02-24;Higado De Pollo;3.35
2025-02-24;Huesos Corriente;1.18
2025-02-24;Lomo de Cerdo;1.34
2025-02-24;Lomo de Res;3.89
2025-02-24;Medio Pollo;3.48
2025-02-24;Menudo;2.79
2025-02-24;Mortadela;3.87
2025-02-24;Muslo;2.62
2025-02-24;Muslo Especial;1.39
2025-02-24;Pechuga Con Ala;1.01
2025-02-24;Pechuga Especial;2.87
2025-02-24;Pierna Entera;3.03
2025-02-24;Pierna Especial;2.76
2025-02-24;Posta de Cerdo;1.89
2025-02-24;Posta de Corona;2.94
2025-02-24;Posta De Gallina;1.65
2025-02-24;Posta de Pierna;3.15
2025-02-24;Producto de Prueba;3.34
2025-02-24;Punta de Cacho;1.81
2025-02-24;Queso;2.18
2025-02-24;Salchicha;3.24
2025-02-24;Salchichon;3.39
2025-02-24;Sesina;1.85
2025-02-24;Titiles;3.87
2025-02-25;Centrolac leche entera 472 ml;3.59
2025-02-25;"Centrolac milk whole 1000 ml ";1.54
2025-02-25;Chincaca;1.16
2025-02-25;Chorizo Criollo;3.01
2025-02-25;Conito;3.26
2025-02-25;Costilla Alta;3.79
2025-02-25;Costilla de Cerdo;3.27
2025-02-25;Crema Perfecta;1.64
2025-02-25;Higado De Pollo;1.10
2025-02-25;Huesos Corriente;1.17
2025-02-25;Lomo de Cerdo;3.09
2025-02-25;Lomo de Res;1.87
2025-02-25;Medio Pollo;1.29
2025-02-25;Menudo;1.66
2025-02-25;Mortadela;2.30
2025-02-25;Muslo;1.93
2025-02-25;Muslo Especial;3.70
2025-02-25;Pechuga Con Ala;2.94
2025-02-25;Pechuga Especial;3.84
2025-02-25;Pierna Entera;1.26
2025-02-25;Pierna Especial;2.28
2025-02-25;Posta de Cerdo;3.27
2025-02-25;Posta de Corona;3.52
2025-02-25;Posta De Gallina;2.12
2025-02-25;Posta de Pierna;2.53
2025-02-25;Producto de Prueba;2.40
2025-02-25;Punta de Cacho;3.97
2025-02-25;Queso;2.70
2025-02-25;Salchicha;2.11
2025-02-25;Salchichon;1.97
2025-02-25;Sesina;1.48
2025-02-25;Titiles;2.44
2025-02-26;Centrolac leche entera 472 ml;1.88
2025-02-26;"Centrolac milk whole 1000 ml ";1.46
2025-02-26;Chincaca;2.53
2025-02-26;Chorizo Criollo;2.28
2025-02-26;Conito;2.86
2025-02-26;Costilla Alta;1.67
2025-02-26;Costilla de Cerdo;2.10
2025-02-26;Crema Perfecta;1.59
2025-02-26;Higado De Pollo;3.65
2025-02-26;Huesos Corriente;2.00
2025-02-26;Lomo de Cerdo;2.34
2025-02-26;Lomo de Res;1.75
2025-02-26;Medio Pollo;3.10
2025-02-26;Menudo;1.22
2025-02-26;Mortadela;1.12
2025-02-26;Muslo;1.06
2025-02-26;Muslo Especial;2.13
2025-02-26;Pechuga Con Ala;1.28
2025-02-26;Pechuga Especial;1.08
2025-02-26;Pierna Entera;1.33
2025-02-26;Pierna Especial;1.71
2025-02-26;Posta de Cerdo;2.96
2025-02-26;Posta de Corona;1.39
2025-02-26;Posta De Gallina;3.79
2025-02-26;Posta de Pierna;2.94
2025-02-26;Producto de Prueba;2.62
2025-02-26;Punta de Cacho;2.47
2025-02-26;Queso;1.58
2025-02-26;Salchicha;3.59
2025-02-26;Salchichon;1.09
2025-02-26;Sesina;3.98
2025-02-26;Titiles;3.22
2025-02-27;Centrolac leche entera 472 ml;2.67
2025-02-27;"Centrolac milk whole 1000 ml ";3.24
2025-02-27;Chincaca;2.59
2025-02-27;Chorizo Criollo;1.31
2025-02-27;Conito;1.19
2025-02-27;Costilla Alta;3.52
2025-02-27;Costilla de Cerdo;3.25
2025-02-27;Crema Perfecta;1.67
2025-02-27;Higado De Pollo;3.22
2025-02-27;Huesos Corriente;1.45
2025-02-27;Lomo de Cerdo;1.41
2025-02-27;Lomo de Res;3.57
2025-02-27;Medio Pollo;2.43
2025-02-27;Menudo;2.60
2025-02-27;Mortadela;1.18
2025-02-27;Muslo;2.48
2025-02-27;Muslo Especial;2.89
2025-02-27;Pechuga Con Ala;1.48
2025-02-27;Pechuga Especial;3.24
2025-02-27;Pierna Entera;1.94
2025-02-27;Pierna Especial;3.58
2025-02-27;Posta de Cerdo;3.32
2025-02-27;Posta de Corona;3.24
2025-02-27;Posta De Gallina;3.80
2025-02-27;Posta de Pierna;2.75
2025-02-27;Producto de Prueba;1.16
2025-02-27;Punta de Cacho;3.22
2025-02-27;Queso;1.23
2025-02-27;Salchicha;1.65
2025-02-27;Salchichon;2.58
2025-02-27;Sesina;1.37
2025-02-27;Titiles;3.04
2025-02-28;Centrolac leche entera 472 ml;3.14
2025-02-28;"Centrolac milk whole 1000 ml ";3.34
2025-02-28;Chincaca;1.81
2025-02-28;Chorizo Criollo;3.19
2025-02-28;Conito;3.48
2025-02-28;Costilla Alta;2.58
2025-02-28;Costilla de Cerdo;2.24
2025-02-28;Crema Perfecta;2.11
2025-02-28;Higado De Pollo;1.07
2025-02-28;Huesos Corriente;2.99
2025-02-28;Lomo de Cerdo;1.31
2025-02-28;Lomo de Res;1.64
2025-02-28;Medio Pollo;1.78
2025-02-28;Menudo;3.60
2025-02-28;Mortadela;1.28
2025-02-28;Muslo;2.61
2025-02-28;Muslo Especial;1.06
2025-02-28;Pechuga Con Ala;2.18
2025-02-28;Pechuga Especial;3.40
2025-02-28;Pierna Entera;2.28
2025-02-28;Pierna Especial;3.11
2025-02-28;Posta de Cerdo;3.70
2025-02-28;Posta de Corona;3.68
2025-02-28;Posta De Gallina;3.16
2025-02-28;Posta de Pierna;2.51
2025-02-28;Producto de Prueba;2.48
2025-02-28;Punta de Cacho;2.91
2025-02-28;Queso;1.94
2025-02-28;Salchicha;2.67
2025-02-28;Salchichon;2.19
2025-02-28;Sesina;1.47
2025-02-28;Titiles;2.26
2025-03-01;Centrolac leche entera 472 ml;1.03
2025-03-01;"Centrolac milk whole 1000 ml ";2.75
2025-03-01;Chincaca;2.49
2025-03-01;Chorizo Criollo;3.41
2025-03-01;Conito;2.63
2025-03-01;Costilla Alta;3.57
2025-03-01;Costilla de Cerdo;3.78
2025-03-01;Crema Perfecta;3.54
2025-03-01;Higado De Pollo;1.07
2025-03-01;Huesos Corriente;2.14
2025-03-01;Lomo de Cerdo;1.66
2025-03-01;Lomo de Res;2.57
2025-03-01;Medio Pollo;1.83
2025-03-01;Menudo;1.42
2025-03-01;Mortadela;1.44
2025-03-01;Muslo;1.12
2025-03-01;Muslo Especial;3.05
2025-03-01;Pechuga Con Ala;2.39
2025-03-01;Pechuga Especial;1.01
2025-03-01;Pierna Entera;1.45
2025-03-01;Pierna Especial;1.45
2025-03-01;Posta de Cerdo;2.45
2025-03-01;Posta de Corona;1.08
2025-03-01;Posta De Gallina;1.73
2025-03-01;Posta de Pierna;2.79
2025-03-01;Producto de Prueba;3.12
2025-03-01;Punta de Cacho;2.23
2025-03-01;Queso;2.05
2025-03-01;Salchicha;2.23
2025-03-01;Salchichon;3.25
2025-03-01;Sesina;3.92
2025-03-01;Titiles;3.34
2025-03-02;Centrolac leche entera 472 ml;2.86
2025-03-02;"Centrolac milk whole 1000 ml ";3.61
2025-03-02;Chincaca;3.58
2025-03-02;Chorizo Criollo;3.62
2025-03-02;Conito;1.54
2025-03-02;Costilla Alta;2.47
2025-03-02;Costilla de Cerdo;2.14
2025-03-02;Crema Perfecta;2.60
2025-03-02;Higado De Pollo;3.49
2025-03-02;Huesos Corriente;3.78
2025-03-02;Lomo de Cerdo;2.06
2025-03-02;Lomo de Res;3.34
2025-03-02;Medio Pollo;3.56
2025-03-02;Menudo;1.87
2025-03-02;Mortadela;1.83
2025-03-02;Muslo;3.32
2025-03-02;Muslo Especial;3.35
2025-03-02;Pechuga Con Ala;3.10
2025-03-02;Pechuga Especial;1.02
2025-03-02;Pierna Entera;1.59
2025-03-02;Pierna Especial;2.08
2025-03-02;Posta de Cerdo;3.97
2025-03-02;Posta de Corona;2.03
2025-03-02;Posta De Gallina;1.22
2025-03-02;Posta de Pierna;2.19
2025-03-02;Producto de Prueba;2.68
2025-03-02;Punta de Cacho;2.50
2025-03-02;Queso;3.52
2025-03-02;Salchicha;2.88
2025-03-02;Salchichon;2.38
2025-03-02;Sesina;2.96
2025-03-02;Titiles;1.10
2025-03-03;Centrolac leche entera 472 ml;3.74
2025-03-03;"Centrolac milk whole 1000 ml ";2.40
2025-03-03;Chincaca;3.65
2025-03-03;Chorizo Criollo;3.39
2025-03-03;Conito;2.59
2025-03-03;Costilla Alta;3.08
2025-03-03;Costilla de Cerdo;2.03
2025-03-03;Crema Perfecta;1.45
2025-03-03;Higado De Pollo;1.49
2025-03-03;Huesos Corriente;1.54
2025-03-03;Lomo de Cerdo;1.54
2025-03-03;Lomo de Res;3.70
2025-03-03;Medio Pollo;3.32
2025-03-03;Menudo;2.38
2025-03-03;Mortadela;2.95
2025-03-03;Muslo;2.91
2025-03-03;Muslo Especial;1.51
2025-03-03;Pechuga Con Ala;3.74
2025-03-03;Pechuga Especial;1.24
2025-03-03;Pierna Entera;3.92
2025-03-03;Pierna Especial;3.25
2025-03-03;Posta de Cerdo;2.31
2025-03-03;Posta de Corona;1.86
2025-03-03;Posta De Gallina;3.81
2025-03-03;Posta de Pierna;1.68
2025-03-03;Producto de Prueba;2.50
2025-03-03;Punta de Cacho;1.18
2025-03-03;Queso;3.47
2025-03-03;Salchicha;1.51
2025-03-03;Salchichon;2.07
2025-03-03;Sesina;2.61
2025-03-03;Titiles;2.03
2025-03-04;Centrolac leche entera 472 ml;2.03
2025-03-04;"Centrolac milk whole 1000 ml ";3.71
2025-03-04;Chincaca;3.11
2025-03-04;Chorizo Criollo;3.53
2025-03-04;Conito;2.73
2025-03-04;Costilla Alta;2.78
2025-03-04;Costilla de Cerdo;3.46
2025-03-04;Crema Perfecta;3.07
2025-03-04;Higado De Pollo;3.68
2025-03-04;Huesos Corriente;3.07
2025-03-04;Lomo de Cerdo;1.62
2025-03-04;Lomo de Res;2.76
2025-03-04;Medio Pollo;2.26
2025-03-04;Menudo;2.66
2025-03-04;Mortadela;2.36
2025-03-04;Muslo;1.40
2025-03-04;Muslo Especial;3.48
2025-03-04;Pechuga Con Ala;3.45
2025-03-04;Pechuga Especial;1.54
2025-03-04;Pierna Entera;2.13
2025-03-04;Pierna Especial;2.55
2025-03-04;Posta de Cerdo;1.40
2025-03-04;Posta de Corona;1.13
2025-03-04;Posta De Gallina;2.55
2025-03-04;Posta de Pierna;2.60
2025-03-04;Producto de Prueba;2.35
2025-03-04;Punta de Cacho;3.50
2025-03-04;Queso;1.65
2025-03-04;Salchicha;1.82
2025-03-04;Salchichon;3.11
2025-03-04;Sesina;2.67
2025-03-04;Titiles;3.75
2025-03-05;Centrolac leche entera 472 ml;1.16
2025-03-05;"Centrolac milk whole 1000 ml ";1.55
2025-03-05;Chincaca;2.44
2025-03-05;Chorizo Criollo;3.20
2025-03-05;Conito;3.35
2025-03-05;Costilla Alta;1.79
2025-03-05;Costilla de Cerdo;2.71
2025-03-05;Crema Perfecta;3.85
2025-03-05;Higado De Pollo;1.98
2025-03-05;Huesos Corriente;3.91
2025-03-05;Lomo de Cerdo;2.92
2025-03-05;Lomo de Res;1.96
2025-03-05;Medio Pollo;1.85
2025-03-05;Menudo;2.16
2025-03-05;Mortadela;1.92
2025-03-05;Muslo;3.10
2025-03-05;Muslo Especial;1.66
2025-03-05;Pechuga Con Ala;2.32
2025-03-05;Pechuga Especial;1.59
2025-03-05;Pierna Entera;3.76
2025-03-05;Pierna Especial;3.05
2025-03-05;Posta de Cerdo;2.74
2025-03-05;Posta de Corona;2.78
2025-03-05;Posta De Gallina;2.31
2025-03-05;Posta de Pierna;1.21
2025-03-05;Producto de Prueba;3.07
2025-03-05;Punta de Cacho;1.87
2025-03-05;Queso;2.01
2025-03-05;Salchicha;3.73
2025-03-05;Salchichon;1.18
2025-03-05;Sesina;2.90
2025-03-05;Titiles;3.03
2025-03-06;Centrolac leche entera 472 ml;1.10
2025-03-06;"Centrolac milk whole 1000 ml ";2.09
2025-03-06;Chincaca;3.43
2025-03-06;Chorizo Criollo;1.94
2025-03-06;Conito;1.44
2025-03-06;Costilla Alta;3.31
2025-03-06;Costilla de Cerdo;1.74
2025-03-06;Crema Perfecta;1.91
2025-03-06;Higado De Pollo;1.15
2025-03-06;Huesos Corriente;1.29
2025-03-06;Lomo de Cerdo;2.60
2025-03-06;Lomo de Res;2.38
2025-03-06;Medio Pollo;2.72
2025-03-06;Menudo;3.41
2025-03-06;Mortadela;2.77
2025-03-06;Muslo;2.81
2025-03-06;Muslo Especial;3.32
2025-03-06;Pechuga Con Ala;1.53
2025-03-06;Pechuga Especial;3.03
2025-03-06;Pierna Entera;2.90
2025-03-06;Pierna Especial;1.11
2025-03-06;Posta de Cerdo;1.07
2025-03-06;Posta de Corona;3.07
2025-03-06;Posta De Gallina;1.96
2025-03-06;Posta de Pierna;3.93
2025-03-06;Producto de Prueba;3.19
2025-03-06;Punta de Cacho;2.70
2025-03-06;Queso;2.70
2025-03-06;Salchicha;3.16
2025-03-06;Salchichon;3.45
2025-03-06;Sesina;1.52
2025-03-06;Titiles;2.28
2025-03-07;Centrolac leche entera 472 ml;3.57
2025-03-07;"Centrolac milk whole 1000 ml ";3.35
2025-03-07;Chincaca;2.69
2025-03-07;Chorizo Criollo;2.51
2025-03-07;Conito;3.82
2025-03-07;Costilla Alta;1.84
2025-03-07;Costilla de Cerdo;2.62
2025-03-07;Crema Perfecta;3.99
2025-03-07;Higado De Pollo;3.15
2025-03-07;Huesos Corriente;3.94
2025-03-07;Lomo de Cerdo;2.22
2025-03-07;Lomo de Res;3.64
2025-03-07;Medio Pollo;2.52
2025-03-07;Menudo;2.12
2025-03-07;Mortadela;1.01
2025-03-07;Muslo;2.97
2025-03-07;Muslo Especial;2.47
2025-03-07;Pechuga Con Ala;3.39
2025-03-07;Pechuga Especial;1.93
2025-03-07;Pierna Entera;2.26
2025-03-07;Pierna Especial;3.76
2025-03-07;Posta de Cerdo;3.78
2025-03-07;Posta de Corona;2.51
2025-03-07;Posta De Gallina;2.14
2025-03-07;Posta de Pierna;2.16
2025-03-07;Producto de Prueba;3.85
2025-03-07;Punta de Cacho;1.72
2025-03-07;Queso;3.31
2025-03-07;Salchicha;1.55
2025-03-07;Salchichon;3.06
2025-03-07;Sesina;3.21
2025-03-07;Titiles;2.90
2025-03-08;Centrolac leche entera 472 ml;2.30
2025-03-08;"Centrolac milk whole 1000 ml ";3.90
2025-03-08;Chincaca;1.49
2025-03-08;Chorizo Criollo;3.91
2025-03-08;Conito;1.66
2025-03-08;Costilla Alta;2.81
2025-03-08;Costilla de Cerdo;2.04
2025-03-08;Crema Perfecta;1.51
2025-03-08;Higado De Pollo;2.26
2025-03-08;Huesos Corriente;2.28
2025-03-08;Lomo de Cerdo;1.21
2025-03-08;Lomo de Res;2.70
2025-03-08;Medio Pollo;3.12
2025-03-08;Menudo;3.69
2025-03-08;Mortadela;2.94
2025-03-08;Muslo;3.65
2025-03-08;Muslo Especial;3.85
2025-03-08;Pechuga Con Ala;3.06
2025-03-08;Pechuga Especial;1.44
2025-03-08;Pierna Entera;2.25
2025-03-08;Pierna Especial;3.83
2025-03-08;Posta de Cerdo;3.41
2025-03-08;Posta de Corona;2.18
2025-03-08;Posta De Gallina;2.14
2025-03-08;Posta de Pierna;3.39
2025-03-08;Producto de Prueba;3.68
2025-03-08;Punta de Cacho;2.82
2025-03-08;Queso;2.66
2025-03-08;Salchicha;2.52
2025-03-08;Salchichon;1.64
2025-03-08;Sesina;1.78
2025-03-08;Titiles;1.70
2025-03-09;Centrolac leche entera 472 ml;3.70
2025-03-09;"Centrolac milk whole 1000 ml ";2.47
2025-03-09;Chincaca;3.88
2025-03-09;Chorizo Criollo;3.94
2025-03-09;Conito;2.72
2025-03-09;Costilla Alta;2.11
2025-03-09;Costilla de Cerdo;2.17
2025-03-09;Crema Perfecta;3.94
2025-03-09;Higado De Pollo;1.92
2025-03-09;Huesos Corriente;2.05
2025-03-09;Lomo de Cerdo;1.89
2025-03-09;Lomo de Res;1.04
2025-03-09;Medio Pollo;1.10
2025-03-09;Menudo;1.43
2025-03-09;Mortadela;3.52
2025-03-09;Muslo;3.58
2025-03-09;Muslo Especial;2.80
2025-03-09;Pechuga Con Ala;3.02
2025-03-09;Pechuga Especial;3.63
2025-03-09;Pierna Entera;3.58
2025-03-09;Pierna Especial;1.43
2025-03-09;Posta de Cerdo;2.75
2025-03-09;Posta de Corona;2.47
2025-03-09;Posta De Gallina;3.68
2025-03-09;Posta de Pierna;3.37
2025-03-09;Producto de Prueba;1.45
2025-03-09;Punta de Cacho;2.77
2025-03-09;Queso;3.58
2025-03-09;Salchicha;3.29
2025-03-09;Salchichon;1.12
2025-03-09;Sesina;3.57
2025-03-09;Titiles;2.88
2025-03-10;Centrolac leche entera 472 ml;3.05
2025-03-10;"Centrolac milk whole 1000 ml ";3.37
2025-03-10;Chincaca;2.52
2025-03-10;Chorizo Criollo;2.99
2025-03-10;Conito;3.32
2025-03-10;Costilla Alta;3.00
2025-03-10;Costilla de Cerdo;2.96
2025-03-10;Crema Perfecta;1.40
2025-03-10;Higado De Pollo;1.39
2025-03-10;Huesos Corriente;3.57
2025-03-10;Lomo de Cerdo;2.59
2025-03-10;Lomo de Res;1.37
2025-03-10;Medio Pollo;1.93
2025-03-10;Menudo;2.97
2025-03-10;Mortadela;3.40
2025-03-10;Muslo;2.33
2025-03-10;Muslo Especial;3.68
2025-03-10;Pechuga Con Ala;3.34
2025-03-10;Pechuga Especial;2.93
2025-03-10;Pierna Entera;3.71
2025-03-10;Pierna Especial;1.19
2025-03-10;Posta de Cerdo;1.94
2025-03-10;Posta de Corona;1.85
2025-03-10;Posta De Gallina;1.98
2025-03-10;Posta de Pierna;3.72
2025-03-10;Producto de Prueba;3.55
2025-03-10;Punta de Cacho;1.73
2025-03-10;Queso;3.31
2025-03-10;Salchicha;2.08
2025-03-10;Salchichon;3.83
2025-03-10;Sesina;3.82
2025-03-10;Titiles;1.93
2025-03-11;Centrolac leche entera 472 ml;3.80
2025-03-11;"Centrolac milk whole 1000 ml ";1.25
2025-03-11;Chincaca;1.43
2025-03-11;Chorizo Criollo;3.86
2025-03-11;Conito;2.96
2025-03-11;Costilla Alta;3.71
2025-03-11;Costilla de Cerdo;2.75
2025-03-11;Crema Perfecta;1.92
2025-03-11;Higado De Pollo;3.03
2025-03-11;Huesos Corriente;2.98
2025-03-11;Lomo de Cerdo;2.98
2025-03-11;Lomo de Res;3.49
2025-03-11;Medio Pollo;1.97
2025-03-11;Menudo;3.84
2025-03-11;Mortadela;1.38
2025-03-11;Muslo;3.43
2025-03-11;Muslo Especial;3.94
2025-03-11;Pechuga Con Ala;3.85
2025-03-11;Pechuga Especial;3.98
2025-03-11;Pierna Entera;1.54
2025-03-11;Pierna Especial;1.18
2025-03-11;Posta de Cerdo;3.54
2025-03-11;Posta de Corona;1.40
2025-03-11;Posta De Gallina;3.35
2025-03-11;Posta de Pierna;2.96
2025-03-11;Producto de Prueba;3.79
2025-03-11;Punta de Cacho;1.13
2025-03-11;Queso;3.61
2025-03-11;Salchicha;1.55
2025-03-11;Salchichon;1.92
2025-03-11;Sesina;2.00
2025-03-11;Titiles;2.68
2025-03-12;Centrolac leche entera 472 ml;2.27
2025-03-12;"Centrolac milk whole 1000 ml ";3.29
2025-03-12;Chincaca;3.62
2025-03-12;Chorizo Criollo;3.06
2025-03-12;Conito;1.02
2025-03-12;Costilla Alta;1.25
2025-03-12;Costilla de Cerdo;1.11
2025-03-12;Crema Perfecta;2.06
2025-03-12;Higado De Pollo;2.10
2025-03-12;Huesos Corriente;2.17
2025-03-12;Lomo de Cerdo;1.70
2025-03-12;Lomo de Res;3.31
2025-03-12;Medio Pollo;2.40
2025-03-12;Menudo;1.68
2025-03-12;Mortadela;3.77
2025-03-12;Muslo;1.71
2025-03-12;Muslo Especial;1.57
2025-03-12;Pechuga Con Ala;2.21
2025-03-12;Pechuga Especial;3.66
2025-03-12;Pierna Entera;1.10
2025-03-12;Pierna Especial;2.16
2025-03-12;Posta de Cerdo;2.79
2025-03-12;Posta de Corona;2.95
2025-03-12;Posta De Gallina;1.64
2025-03-12;Posta de Pierna;2.35
2025-03-12;Producto de Prueba;3.61
2025-03-12;Punta de Cacho;1.81
2025-03-12;Queso;3.28
2025-03-12;Salchicha;3.28
2025-03-12;Salchichon;2.01
2025-03-12;Sesina;2.88
2025-03-12;Titiles;3.45
2025-03-13;Centrolac leche entera 472 ml;2.36
2025-03-13;"Centrolac milk whole 1000 ml ";2.13
2025-03-13;Chincaca;1.50
2025-03-13;Chorizo Criollo;2.00
2025-03-13;Conito;1.82
2025-03-13;Costilla Alta;3.31
2025-03-13;Costilla de Cerdo;3.22
2025-03-13;Crema Perfecta;2.00
2025-03-13;Higado De Pollo;1.19
2025-03-13;Huesos Corriente;1.67
2025-03-13;Lomo de Cerdo;3.08
2025-03-13;Lomo de Res;1.79
2025-03-13;Medio Pollo;1.73
2025-03-13;Menudo;3.15
2025-03-13;Mortadela;3.64
2025-03-13;Muslo;3.79
2025-03-13;Muslo Especial;1.68
2025-03-13;Pechuga Con Ala;3.09
2025-03-13;Pechuga Especial;3.96
2025-03-13;Pierna Entera;1.79
2025-03-13;Pierna Especial;3.96
2025-03-13;Posta de Cerdo;1.14
2025-03-13;Posta de Corona;3.44
2025-03-13;Posta De Gallina;2.90
2025-03-13;Posta de Pierna;3.30
2025-03-13;Producto de Prueba;1.71
2025-03-13;Punta de Cacho;3.60
2025-03-13;Queso;3.72
2025-03-13;Salchicha;2.75
2025-03-13;Salchichon;1.24
2025-03-13;Sesina;1.40
2025-03-13;Titiles;2.21
2025-03-14;Centrolac leche entera 472 ml;2.39
2025-03-14;"Centrolac milk whole 1000 ml ";2.57
2025-03-14;Chincaca;2.07
2025-03-14;Chorizo Criollo;1.58
2025-03-14;Conito;1.86
2025-03-14;Costilla Alta;1.43
2025-03-14;Costilla de Cerdo;1.38
2025-03-14;Crema Perfecta;3.31
2025-03-14;Higado De Pollo;2.24
2025-03-14;Huesos Corriente;3.93
2025-03-14;Lomo de Cerdo;3.02
2025-03-14;Lomo de Res;3.19
2025-03-14;Medio Pollo;3.51
2025-03-14;Menudo;2.89
2025-03-14;Mortadela;3.79
2025-03-14;Muslo;2.21
2025-03-14;Muslo Especial;2.13
2025-03-14;Pechuga Con Ala;3.49
2025-03-14;Pechuga Especial;1.54
2025-03-14;Pierna Entera;1.78
2025-03-14;Pierna Especial;3.08
2025-03-14;Posta de Cerdo;1.38
2025-03-14;Posta de Corona;3.46
2025-03-14;Posta De Gallina;2.93
2025-03-14;Posta de Pierna;1.19
2025-03-14;Producto de Prueba;1.50
2025-03-14;Punta de Cacho;1.29
2025-03-14;Queso;2.42
2025-03-14;Salchicha;2.68
2025-03-14;Salchichon;2.47
2025-03-14;Sesina;3.69
2025-03-14;Titiles;3.96
2025-03-15;Centrolac leche entera 472 ml;3.67
2025-03-15;"Centrolac milk whole 1000 ml ";1.10
2025-03-15;Chincaca;2.19
2025-03-15;Chorizo Criollo;2.86
2025-03-15;Conito;2.32
2025-03-15;Costilla Alta;1.86
2025-03-15;Costilla de Cerdo;1.62
2025-03-15;Crema Perfecta;3.45
2025-03-15;Higado De Pollo;1.18
2025-03-15;Huesos Corriente;2.45
2025-03-15;Lomo de Cerdo;3.50
2025-03-15;Lomo de Res;1.94
2025-03-15;Medio Pollo;1.23
2025-03-15;Menudo;3.25
2025-03-15;Mortadela;2.18
2025-03-15;Muslo;1.38
2025-03-15;Muslo Especial;3.78
2025-03-15;Pechuga Con Ala;3.77
2025-03-15;Pechuga Especial;2.99
2025-03-15;Pierna Entera;1.31
2025-03-15;Pierna Especial;3.28
2025-03-15;Posta de Cerdo;1.75
2025-03-15;Posta de Corona;1.63
2025-03-15;Posta De Gallina;2.49
2025-03-15;Posta de Pierna;2.37
2025-03-15;Producto de Prueba;3.14
2025-03-15;Punta de Cacho;3.65
2025-03-15;Queso;2.54
2025-03-15;Salchicha;2.30
2025-03-15;Salchichon;1.42
2025-03-15;Sesina;2.99
2025-03-15;Titiles;3.10
2025-03-16;Centrolac leche entera 472 ml;1.11
2025-03-16;"Centrolac milk whole 1000 ml ";2.71
2025-03-16;Chincaca;1.39
2025-03-16;Chorizo Criollo;3.33
2025-03-16;Conito;1.79
2025-03-16;Costilla Alta;2.02
2025-03-16;Costilla de Cerdo;1.60
2025-03-16;Crema Perfecta;1.92
2025-03-16;Higado De Pollo;3.59
2025-03-16;Huesos Corriente;2.62
2025-03-16;Lomo de Cerdo;2.37
2025-03-16;Lomo de Res;3.22
2025-03-16;Medio Pollo;3.47
2025-03-16;Menudo;1.43
2025-03-16;Mortadela;2.19
2025-03-16;Muslo;1.40
2025-03-16;Muslo Especial;2.34
2025-03-16;Pechuga Con Ala;2.24
2025-03-16;Pechuga Especial;3.10
2025-03-16;Pierna Entera;2.75
2025-03-16;Pierna Especial;1.19
2025-03-16;Posta de Cerdo;1.58
2025-03-16;Posta de Corona;3.25
2025-03-16;Posta De Gallina;1.13
2025-03-16;Posta de Pierna;2.06
2025-03-16;Producto de Prueba;1.14
2025-03-16;Punta de Cacho;2.48
2025-03-16;Queso;3.27
2025-03-16;Salchicha;3.75
2025-03-16;Salchichon;2.17
2025-03-16;Sesina;3.02
2025-03-16;Titiles;3.31
2025-03-17;Centrolac leche entera 472 ml;3.95
2025-03-17;"Centrolac milk whole 1000 ml ";1.53
2025-03-17;Chincaca;2.64
2025-03-17;Chorizo Criollo;3.77
2025-03-17;Conito;2.19
2025-03-17;Costilla Alta;3.22
2025-03-17;Costilla de Cerdo;2.88
2025-03-17;Crema Perfecta;3.15
2025-03-17;Higado De Pollo;1.13
2025-03-17;Huesos Corriente;3.84
2025-03-17;Lomo de Cerdo;3.70
2025-03-17;Lomo de Res;3.59
2025-03-17;Medio Pollo;1.45
2025-03-17;Menudo;2.96
2025-03-17;Mortadela;3.67
2025-03-17;Muslo;1.69
2025-03-17;Muslo Especial;3.01
2025-03-17;Pechuga Con Ala;3.74
2025-03-17;Pechuga Especial;1.48
2025-03-17;Pierna Entera;2.98
2025-03-17;Pierna Especial;2.18
2025-03-17;Posta de Cerdo;2.09
2025-03-17;Posta de Corona;1.88
2025-03-17;Posta De Gallina;1.64
2025-03-17;Posta de Pierna;1.78
2025-03-17;Producto de Prueba;1.14
2025-03-17;Punta de Cacho;3.99
2025-03-17;Queso;3.49
2025-03-17;Salchicha;2.22
2025-03-17;Salchichon;3.42
2025-03-17;Sesina;1.85
2025-03-17;Titiles;2.44
2025-03-18;Centrolac leche entera 472 ml;1.23
2025-03-18;"Centrolac milk whole 1000 ml ";3.35
2025-03-18;Chincaca;3.40
2025-03-18;Chorizo Criollo;2.58
2025-03-18;Conito;1.05
2025-03-18;Costilla Alta;2.57
2025-03-18;Costilla de Cerdo;1.49
2025-03-18;Crema Perfecta;1.87
2025-03-18;Higado De Pollo;3.43
2025-03-18;Huesos Corriente;2.84
2025-03-18;Lomo de Cerdo;2.78
2025-03-18;Lomo de Res;2.13
2025-03-18;Medio Pollo;3.33
2025-03-18;Menudo;3.63
2025-03-18;Mortadela;1.37
2025-03-18;Muslo;1.69
2025-03-18;Muslo Especial;2.44
2025-03-18;Pechuga Con Ala;1.08
2025-03-18;Pechuga Especial;1.22
2025-03-18;Pierna Entera;2.61
2025-03-18;Pierna Especial;2.06
2025-03-18;Posta de Cerdo;1.61
2025-03-18;Posta de Corona;1.07
2025-03-18;Posta De Gallina;1.53
2025-03-18;Posta de Pierna;3.70
2025-03-18;Producto de Prueba;3.39
2025-03-18;Punta de Cacho;3.98
2025-03-18;Queso;2.89
2025-03-18;Salchicha;3.81
2025-03-18;Salchichon;3.89
2025-03-18;Sesina;3.81
2025-03-18;Titiles;2.25
2025-03-19;Centrolac leche entera 472 ml;1.11
2025-03-19;"Centrolac milk whole 1000 ml ";2.59
2025-03-19;Chincaca;1.14
2025-03-19;Chorizo Criollo;1.41
2025-03-19;Conito;3.92
2025-03-19;Costilla Alta;1.24
2025-03-19;Costilla de Cerdo;3.18
2025-03-19;Crema Perfecta;3.79
2025-03-19;Higado De Pollo;2.90
2025-03-19;Huesos Corriente;2.95
2025-03-19;Lomo de Cerdo;1.67
2025-03-19;Lomo de Res;3.87
2025-03-19;Medio Pollo;3.29
2025-03-19;Menudo;2.38
2025-03-19;Mortadela;3.55
2025-03-19;Muslo;1.66
2025-03-19;Muslo Especial;2.88
2025-03-19;Pechuga Con Ala;3.73
2025-03-19;Pechuga Especial;2.65
2025-03-19;Pierna Entera;1.46
2025-03-19;Pierna Especial;2.31
2025-03-19;Posta de Cerdo;1.68
2025-03-19;Posta de Corona;2.83
2025-03-19;Posta De Gallina;2.40
2025-03-19;Posta de Pierna;3.78
2025-03-19;Producto de Prueba;2.15
2025-03-19;Punta de Cacho;1.42
2025-03-19;Queso;3.03
2025-03-19;Salchicha;3.25
2025-03-19;Salchichon;1.48
2025-03-19;Sesina;1.39
2025-03-19;Titiles;2.93
2025-03-20;Centrolac leche entera 472 ml;1.50
2025-03-20;"Centrolac milk whole 1000 ml ";3.24
2025-03-20;Chincaca;3.87
2025-03-20;Chorizo Criollo;3.67
2025-03-20;Conito;3.06
2025-03-20;Costilla Alta;1.54
2025-03-20;Costilla de Cerdo;2.80
2025-03-20;Crema Perfecta;3.45
2025-03-20;Higado De Pollo;2.10
2025-03-20;Huesos Corriente;2.80
2025-03-20;Lomo de Cerdo;1.19
2025-03-20;Lomo de Res;3.57
2025-03-20;Medio Pollo;3.70
2025-03-20;Menudo;1.16
2025-03-20;Mortadela;2.72
2025-03-20;Muslo;1.29
2025-03-20;Muslo Especial;1.11
2025-03-20;Pechuga Con Ala;2.74
2025-03-20;Pechuga Especial;1.16
2025-03-20;Pierna Entera;2.97
2025-03-20;Pierna Especial;2.17
2025-03-20;Posta de Cerdo;1.10
2025-03-20;Posta de Corona;2.52
2025-03-20;Posta De Gallina;2.07
2025-03-20;Posta de Pierna;2.67
2025-03-20;Producto de Prueba;3.69
2025-03-20;Punta de Cacho;1.08
2025-03-20;Queso;3.41
2025-03-20;Salchicha;3.34
2025-03-20;Salchichon;1.23
2025-03-20;Sesina;1.73
2025-03-20;Titiles;1.57
2025-03-21;Centrolac leche entera 472 ml;1.48
2025-03-21;"Centrolac milk whole 1000 ml ";3.13
2025-03-21;Chincaca;2.42
2025-03-21;Chorizo Criollo;1.10
2025-03-21;Conito;3.65
2025-03-21;Costilla Alta;1.42
2025-03-21;Costilla de Cerdo;1.96
2025-03-21;Crema Perfecta;3.64
2025-03-21;Higado De Pollo;1.52
2025-03-21;Huesos Corriente;2.09
2025-03-21;Lomo de Cerdo;3.72
2025-03-21;Lomo de Res;2.34
2025-03-21;Medio Pollo;2.19
2025-03-21;Menudo;3.76
2025-03-21;Mortadela;3.12
2025-03-21;Muslo;3.01
2025-03-21;Muslo Especial;1.47
2025-03-21;Pechuga Con Ala;3.08
2025-03-21;Pechuga Especial;1.35
2025-03-21;Pierna Entera;3.22
2025-03-21;Pierna Especial;2.19
2025-03-21;Posta de Cerdo;3.91
2025-03-21;Posta de Corona;1.30
2025-03-21;Posta De Gallina;2.49
2025-03-21;Posta de Pierna;1.91
2025-03-21;Producto de Prueba;1.25
2025-03-21;Punta de Cacho;2.68
2025-03-21;Queso;3.02
2025-03-21;Salchicha;3.40
2025-03-21;Salchichon;3.29
2025-03-21;Sesina;2.62
2025-03-21;Titiles;2.92
2025-03-22;Centrolac leche entera 472 ml;3.44
2025-03-22;"Centrolac milk whole 1000 ml ";2.78
2025-03-22;Chincaca;1.68
2025-03-22;Chorizo Criollo;2.21
2025-03-22;Conito;1.06
2025-03-22;Costilla Alta;3.02
2025-03-22;Costilla de Cerdo;2.62
2025-03-22;Crema Perfecta;3.62
2025-03-22;Higado De Pollo;1.77
2025-03-22;Huesos Corriente;3.31
2025-03-22;Lomo de Cerdo;3.42
2025-03-22;Lomo de Res;1.40
2025-03-22;Medio Pollo;1.30
2025-03-22;Menudo;1.37
2025-03-22;Mortadela;1.31
2025-03-22;Muslo;2.26
2025-03-22;Muslo Especial;1.41
2025-03-22;Pechuga Con Ala;2.06
2025-03-22;Pechuga Especial;2.92
2025-03-22;Pierna Entera;2.16
2025-03-22;Pierna Especial;3.64
2025-03-22;Posta de Cerdo;2.04
2025-03-22;Posta de Corona;2.66
2025-03-22;Posta De Gallina;1.64
2025-03-22;Posta de Pierna;3.99
2025-03-22;Producto de Prueba;2.53
2025-03-22;Punta de Cacho;2.64
2025-03-22;Queso;2.82
2025-03-22;Salchicha;1.91
2025-03-22;Salchichon;2.41
2025-03-22;Sesina;2.62
2025-03-22;Titiles;1.29
2025-03-23;Centrolac leche entera 472 ml;2.82
2025-03-23;"Centrolac milk whole 1000 ml ";2.50
2025-03-23;Chincaca;2.05
2025-03-23;Chorizo Criollo;2.79
2025-03-23;Conito;2.30
2025-03-23;Costilla Alta;1.41
2025-03-23;Costilla de Cerdo;1.27
2025-03-23;Crema Perfecta;1.23
2025-03-23;Higado De Pollo;3.46
2025-03-23;Huesos Corriente;2.87
2025-03-23;Lomo de Cerdo;1.91
2025-03-23;Lomo de Res;2.38
2025-03-23;Medio Pollo;1.42
2025-03-23;Menudo;3.84
2025-03-23;Mortadela;3.23
2025-03-23;Muslo;2.01
2025-03-23;Muslo Especial;1.61
2025-03-23;Pechuga Con Ala;3.06
2025-03-23;Pechuga Especial;2.23
2025-03-23;Pierna Entera;1.97
2025-03-23;Pierna Especial;3.49
2025-03-23;Posta de Cerdo;1.42
2025-03-23;Posta de Corona;1.09
2025-03-23;Posta De Gallina;3.73
2025-03-23;Posta de Pierna;1.30
2025-03-23;Producto de Prueba;1.95
2025-03-23;Punta de Cacho;3.07
2025-03-23;Queso;1.36
2025-03-23;Salchicha;3.10
2025-03-23;Salchichon;3.34
2025-03-23;Sesina;2.36
2025-03-23;Titiles;1.07
2025-03-24;Centrolac leche entera 472 ml;3.67
2025-03-24;"Centrolac milk whole 1000 ml ";2.24
2025-03-24;Chincaca;3.36
2025-03-24;Chorizo Criollo;1.56
2025-03-24;Conito;1.73
2025-03-24;Costilla Alta;2.73
2025-03-24;Costilla de Cerdo;1.59
2025-03-24;Crema Perfecta;2.27
2025-03-24;Higado De Pollo;2.43
2025-03-24;Huesos Corriente;2.19
2025-03-24;Lomo de Cerdo;1.52
2025-03-24;Lomo de Res;3.34
2025-03-24;Medio Pollo;1.48
2025-03-24;Menudo;3.51
2025-03-24;Mortadela;2.42
2025-03-24;Muslo;3.80
2025-03-24;Muslo Especial;1.09
2025-03-24;Pechuga Con Ala;3.85
2025-03-24;Pechuga Especial;1.49
2025-03-24;Pierna Entera;1.04
2025-03-24;Pierna Especial;1.38
2025-03-24;Posta de Cerdo;1.95
2025-03-24;Posta de Corona;3.46
2025-03-24;Posta De Gallina;2.54
2025-03-24;Posta de Pierna;1.54
2025-03-24;Producto de Prueba;2.08
2025-03-24;Punta de Cacho;1.93
2025-03-24;Queso;3.94
2025-03-24;Salchicha;2.26
2025-03-24;Salchichon;2.07
2025-03-24;Sesina;1.86
2025-03-24;Titiles;3.73
2025-03-25;Centrolac leche entera 472 ml;3.46
2025-03-25;"Centrolac milk whole 1000 ml ";2.49
2025-03-25;Chincaca;2.29
2025-03-25;Chorizo Criollo;2.48
2025-03-25;Conito;2.13
2025-03-25;Costilla Alta;3.14
2025-03-25;Costilla de Cerdo;2.79
2025-03-25;Crema Perfecta;1.28
2025-03-25;Higado De Pollo;1.06
2025-03-25;Huesos Corriente;3.42
2025-03-25;Lomo de Cerdo;2.45
2025-03-25;Lomo de Res;2.07
2025-03-25;Medio Pollo;1.53
2025-03-25;Menudo;3.75
2025-03-25;Mortadela;3.29
2025-03-25;Muslo;3.04
2025-03-25;Muslo Especial;2.03
2025-03-25;Pechuga Con Ala;1.33
2025-03-25;Pechuga Especial;1.17
2025-03-25;Pierna Entera;1.60
2025-03-25;Pierna Especial;2.46
2025-03-25;Posta de Cerdo;2.82
2025-03-25;Posta de Corona;2.31
2025-03-25;Posta De Gallina;3.83
2025-03-25;Posta de Pierna;2.91
2025-03-25;Producto de Prueba;1.30
2025-03-25;Punta de Cacho;1.88
2025-03-25;Queso;2.61
2025-03-25;Salchicha;2.97
2025-03-25;Salchichon;3.25
2025-03-25;Sesina;3.01
2025-03-25;Titiles;3.06
2025-03-26;Centrolac leche entera 472 ml;3.48
2025-03-26;"Centrolac milk whole 1000 ml ";2.29
2025-03-26;Chincaca;3.79
2025-03-26;Chorizo Criollo;2.02
2025-03-26;Conito;3.27
2025-03-26;Costilla Alta;2.77
2025-03-26;Costilla de Cerdo;2.58
2025-03-26;Crema Perfecta;2.56
2025-03-26;Higado De Pollo;3.23
2025-03-26;Huesos Corriente;2.66
2025-03-26;Lomo de Cerdo;3.55
2025-03-26;Lomo de Res;2.93
2025-03-26;Medio Pollo;2.61
2025-03-26;Menudo;1.19
2025-03-26;Mortadela;3.43
2025-03-26;Muslo;1.88
2025-03-26;Muslo Especial;1.22
2025-03-26;Pechuga Con Ala;3.40
2025-03-26;Pechuga Especial;3.27
2025-03-26;Pierna Entera;3.53
2025-03-26;Pierna Especial;3.71
2025-03-26;Posta de Cerdo;3.08
2025-03-26;Posta de Corona;1.53
2025-03-26;Posta De Gallina;2.03
2025-03-26;Posta de Pierna;3.64
2025-03-26;Producto de Prueba;1.70
2025-03-26;Punta de Cacho;3.94
2025-03-26;Queso;1.52
2025-03-26;Salchicha;2.79
2025-03-26;Salchichon;3.60
2025-03-26;Sesina;1.32
2025-03-26;Titiles;1.45
2025-03-27;Centrolac leche entera 472 ml;2.70
2025-03-27;"Centrolac milk whole 1000 ml ";2.56
2025-03-27;Chincaca;2.30
2025-03-27;Chorizo Criollo;2.93
2025-03-27;Conito;3.03
2025-03-27;Costilla Alta;2.70
2025-03-27;Costilla de Cerdo;3.46
2025-03-27;Crema Perfecta;1.24
2025-03-27;Higado De Pollo;1.09
2025-03-27;Huesos Corriente;1.72
2025-03-27;Lomo de Cerdo;1.90
2025-03-27;Lomo de Res;2.94
2025-03-27;Medio Pollo;2.20
2025-03-27;Menudo;2.92
2025-03-27;Mortadela;2.88
2025-03-27;Muslo;3.39
2025-03-27;Muslo Especial;1.57
2025-03-27;Pechuga Con Ala;3.87
2025-03-27;Pechuga Especial;1.42
2025-03-27;Pierna Entera;3.27
2025-03-27;Pierna Especial;3.24
2025-03-27;Posta de Cerdo;2.81
2025-03-27;Posta de Corona;2.44
2025-03-27;Posta De Gallina;1.82
2025-03-27;Posta de Pierna;3.83
2025-03-27;Producto de Prueba;2.86
2025-03-27;Punta de Cacho;1.34
2025-03-27;Queso;3.45
2025-03-27;Salchicha;1.41
2025-03-27;Salchichon;1.22
2025-03-27;Sesina;1.51
2025-03-27;Titiles;3.13
2025-03-28;Centrolac leche entera 472 ml;3.53
2025-03-28;"Centrolac milk whole 1000 ml ";2.92
2025-03-28;Chincaca;1.45
2025-03-28;Chorizo Criollo;1.37
2025-03-28;Conito;1.12
2025-03-28;Costilla Alta;1.39
2025-03-28;Costilla de Cerdo;1.29
2025-03-28;Crema Perfecta;2.78
2025-03-28;Higado De Pollo;2.49
2025-03-28;Huesos Corriente;3.98
2025-03-28;Lomo de Cerdo;3.87
2025-03-28;Lomo de Res;3.57
2025-03-28;Medio Pollo;1.72
2025-03-28;Menudo;1.24
2025-03-28;Mortadela;3.70
2025-03-28;Muslo;1.26
2025-03-28;Muslo Especial;2.27
2025-03-28;Pechuga Con Ala;3.70
2025-03-28;Pechuga Especial;2.61
2025-03-28;Pierna Entera;1.32
2025-03-28;Pierna Especial;1.65
2025-03-28;Posta de Cerdo;3.21
2025-03-28;Posta de Corona;2.77
2025-03-28;Posta De Gallina;2.87
2025-03-28;Posta de Pierna;2.62
2025-03-28;Producto de Prueba;3.50
2025-03-28;Punta de Cacho;3.55
2025-03-28;Queso;1.54
2025-03-28;Salchicha;2.31
2025-03-28;Salchichon;3.45
2025-03-28;Sesina;1.94
2025-03-28;Titiles;1.44
2025-03-29;Centrolac leche entera 472 ml;2.44
2025-03-29;"Centrolac milk whole 1000 ml ";1.85
2025-03-29;Chincaca;1.51
2025-03-29;Chorizo Criollo;3.80
2025-03-29;Conito;2.66
2025-03-29;Costilla Alta;1.79
2025-03-29;Costilla de Cerdo;2.02
2025-03-29;Crema Perfecta;2.07
2025-03-29;Higado De Pollo;1.14
2025-03-29;Huesos Corriente;3.51
2025-03-29;Lomo de Cerdo;2.82
2025-03-29;Lomo de Res;1.46
2025-03-29;Medio Pollo;1.75
2025-03-29;Menudo;2.14
2025-03-29;Mortadela;2.10
2025-03-29;Muslo;2.30
2025-03-29;Muslo Especial;2.55
2025-03-29;Pechuga Con Ala;2.99
2025-03-29;Pechuga Especial;3.69
2025-03-29;Pierna Entera;2.47
2025-03-29;Pierna Especial;1.68
2025-03-29;Posta de Cerdo;1.08
2025-03-29;Posta de Corona;2.82
2025-03-29;Posta De Gallina;1.18
2025-03-29;Posta de Pierna;2.51
2025-03-29;Producto de Prueba;2.45
2025-03-29;Punta de Cacho;2.45
2025-03-29;Queso;3.28
2025-03-29;Salchicha;3.05
2025-03-29;Salchichon;1.35
2025-03-29;Sesina;2.26
2025-03-29;Titiles;1.62
2025-03-30;Centrolac leche entera 472 ml;2.52
2025-03-30;"Centrolac milk whole 1000 ml ";3.87
2025-03-30;Chincaca;2.99
2025-03-30;Chorizo Criollo;2.79
2025-03-30;Conito;3.58
2025-03-30;Costilla Alta;2.75
2025-03-30;Costilla de Cerdo;2.15
2025-03-30;Crema Perfecta;2.77
2025-03-30;Higado De Pollo;3.54
2025-03-30;Huesos Corriente;1.09
2025-03-30;Lomo de Cerdo;2.34
2025-03-30;Lomo de Res;1.98
2025-03-30;Medio Pollo;2.02
2025-03-30;Menudo;2.01
2025-03-30;Mortadela;3.57
2025-03-30;Muslo;2.99
2025-03-30;Muslo Especial;1.38
2025-03-30;Pechuga Con Ala;3.95
2025-03-30;Pechuga Especial;1.22
2025-03-30;Pierna Entera;2.08
2025-03-30;Pierna Especial;3.85
2025-03-30;Posta de Cerdo;2.76
2025-03-30;Posta de Corona;1.88
2025-03-30;Posta De Gallina;3.60
2025-03-30;Posta de Pierna;3.63
2025-03-30;Producto de Prueba;2.98
2025-03-30;Punta de Cacho;2.62
2025-03-30;Queso;3.34
2025-03-30;Salchicha;2.10
2025-03-30;Salchichon;1.02
2025-03-30;Sesina;3.40
2025-03-30;Titiles;2.56
2025-03-31;Centrolac leche entera 472 ml;3.98
2025-03-31;"Centrolac milk whole 1000 ml ";3.63
2025-03-31;Chincaca;3.79
2025-03-31;Chorizo Criollo;2.28
2025-03-31;Conito;2.23
2025-03-31;Costilla Alta;3.53
2025-03-31;Costilla de Cerdo;3.30
2025-03-31;Crema Perfecta;3.46
2025-03-31;Higado De Pollo;2.05
2025-03-31;Huesos Corriente;2.35
2025-03-31;Lomo de Cerdo;2.73
2025-03-31;Lomo de Res;1.80
2025-03-31;Medio Pollo;3.14
2025-03-31;Menudo;3.91
2025-03-31;Mortadela;1.94
2025-03-31;Muslo;3.69
2025-03-31;Muslo Especial;2.55
2025-03-31;Pechuga Con Ala;2.91
2025-03-31;Pechuga Especial;2.95
2025-03-31;Pierna Entera;1.01
2025-03-31;Pierna Especial;1.28
2025-03-31;Posta de Cerdo;2.14
2025-03-31;Posta de Corona;3.32
2025-03-31;Posta De Gallina;3.51
2025-03-31;Posta de Pierna;2.47
2025-03-31;Producto de Prueba;3.99
2025-03-31;Punta de Cacho;3.07
2025-03-31;Queso;3.16
2025-03-31;Salchicha;3.86
2025-03-31;Salchichon;3.85
2025-03-31;Sesina;3.49
2025-03-31;Titiles;2.61
2025-04-01;Centrolac leche entera 472 ml;1.42
2025-04-01;"Centrolac milk whole 1000 ml ";2.78
2025-04-01;Chincaca;3.20
2025-04-01;Chorizo Criollo;2.70
2025-04-01;Conito;1.70
2025-04-01;Costilla Alta;1.75
2025-04-01;Costilla de Cerdo;3.32
2025-04-01;Crema Perfecta;2.14
2025-04-01;Higado De Pollo;3.99
2025-04-01;Huesos Corriente;3.49
2025-04-01;Lomo de Cerdo;3.32
2025-04-01;Lomo de Res;2.03
2025-04-01;Medio Pollo;3.71
2025-04-01;Menudo;3.74
2025-04-01;Mortadela;3.36
2025-04-01;Muslo;2.37
2025-04-01;Muslo Especial;3.45
2025-04-01;Pechuga Con Ala;2.49
2025-04-01;Pechuga Especial;1.75
2025-04-01;Pierna Entera;1.27
2025-04-01;Pierna Especial;2.92
2025-04-01;Posta de Cerdo;3.08
2025-04-01;Posta de Corona;3.73
2025-04-01;Posta De Gallina;2.81
2025-04-01;Posta de Pierna;2.37
2025-04-01;Producto de Prueba;1.93
2025-04-01;Punta de Cacho;2.76
2025-04-01;Queso;4.00
2025-04-01;Salchicha;1.02
2025-04-01;Salchichon;1.91
2025-04-01;Sesina;1.70
2025-04-01;Titiles;2.93
2025-04-02;Centrolac leche entera 472 ml;2.96
2025-04-02;"Centrolac milk whole 1000 ml ";3.52
2025-04-02;Chincaca;3.45
2025-04-02;Chorizo Criollo;4.00
2025-04-02;Conito;1.90
2025-04-02;Costilla Alta;2.11
2025-04-02;Costilla de Cerdo;3.07
2025-04-02;Crema Perfecta;2.91
2025-04-02;Higado De Pollo;1.04
2025-04-02;Huesos Corriente;1.05
2025-04-02;Lomo de Cerdo;3.02
2025-04-02;Lomo de Res;1.05
2025-04-02;Medio Pollo;2.52
2025-04-02;Menudo;1.53
2025-04-02;Mortadela;2.43
2025-04-02;Muslo;3.60
2025-04-02;Muslo Especial;2.24
2025-04-02;Pechuga Con Ala;1.16
2025-04-02;Pechuga Especial;3.09
2025-04-02;Pierna Entera;2.13
2025-04-02;Pierna Especial;3.83
2025-04-02;Posta de Cerdo;2.08
2025-04-02;Posta de Corona;3.03
2025-04-02;Posta De Gallina;3.52
2025-04-02;Posta de Pierna;3.67
2025-04-02;Producto de Prueba;3.36
2025-04-02;Punta de Cacho;1.72
2025-04-02;Queso;1.71
2025-04-02;Salchicha;3.65
2025-04-02;Salchichon;2.03
2025-04-02;Sesina;2.79
2025-04-02;Titiles;1.42
2025-04-03;Centrolac leche entera 472 ml;3.66
2025-04-03;"Centrolac milk whole 1000 ml ";1.31
2025-04-03;Chincaca;2.93
2025-04-03;Chorizo Criollo;3.60
2025-04-03;Conito;2.91
2025-04-03;Costilla Alta;1.75
2025-04-03;Costilla de Cerdo;2.90
2025-04-03;Crema Perfecta;3.64
2025-04-03;Higado De Pollo;1.64
2025-04-03;Huesos Corriente;2.93
2025-04-03;Lomo de Cerdo;2.69
2025-04-03;Lomo de Res;1.51
2025-04-03;Medio Pollo;3.97
2025-04-03;Menudo;3.94
2025-04-03;Mortadela;2.72
2025-04-03;Muslo;2.72
2025-04-03;Muslo Especial;1.18
2025-04-03;Pechuga Con Ala;2.08
2025-04-03;Pechuga Especial;1.24
2025-04-03;Pierna Entera;3.49
2025-04-03;Pierna Especial;3.53
2025-04-03;Posta de Cerdo;2.33
2025-04-03;Posta de Corona;1.21
2025-04-03;Posta De Gallina;1.46
2025-04-03;Posta de Pierna;1.77
2025-04-03;Producto de Prueba;3.16
2025-04-03;Punta de Cacho;1.16
2025-04-03;Queso;3.65
2025-04-03;Salchicha;3.11
2025-04-03;Salchichon;3.32
2025-04-03;Sesina;1.26
2025-04-03;Titiles;3.30
2025-04-04;Centrolac leche entera 472 ml;2.40
2025-04-04;"Centrolac milk whole 1000 ml ";3.96
2025-04-04;Chincaca;3.72
2025-04-04;Chorizo Criollo;3.67
2025-04-04;Conito;3.56
2025-04-04;Costilla Alta;2.32
2025-04-04;Costilla de Cerdo;2.62
2025-04-04;Crema Perfecta;2.41
2025-04-04;Higado De Pollo;3.52
2025-04-04;Huesos Corriente;3.35
2025-04-04;Lomo de Cerdo;2.13
2025-04-04;Lomo de Res;1.56
2025-04-04;Medio Pollo;3.11
2025-04-04;Menudo;3.71
2025-04-04;Mortadela;2.05
2025-04-04;Muslo;1.30
2025-04-04;Muslo Especial;3.17
2025-04-04;Pechuga Con Ala;2.42
2025-04-04;Pechuga Especial;2.45
2025-04-04;Pierna Entera;2.87
2025-04-04;Pierna Especial;2.98
2025-04-04;Posta de Cerdo;2.59
2025-04-04;Posta de Corona;2.77
2025-04-04;Posta De Gallina;1.04
2025-04-04;Posta de Pierna;3.64
2025-04-04;Producto de Prueba;2.51
2025-04-04;Punta de Cacho;3.15
2025-04-04;Queso;1.03
2025-04-04;Salchicha;2.86
2025-04-04;Salchichon;3.81
2025-04-04;Sesina;3.69
2025-04-04;Titiles;2.16
2025-04-05;Centrolac leche entera 472 ml;1.27
2025-04-05;"Centrolac milk whole 1000 ml ";1.29
2025-04-05;Chincaca;1.93
2025-04-05;Chorizo Criollo;2.14
2025-04-05;Conito;2.51
2025-04-05;Costilla Alta;3.29
2025-04-05;Costilla de Cerdo;2.85
2025-04-05;Crema Perfecta;3.11
2025-04-05;Higado De Pollo;2.50
2025-04-05;Huesos Corriente;2.63
2025-04-05;Lomo de Cerdo;3.60
2025-04-05;Lomo de Res;3.75
2025-04-05;Medio Pollo;3.08
2025-04-05;Menudo;1.32
2025-04-05;Mortadela;3.63
2025-04-05;Muslo;1.72
2025-04-05;Muslo Especial;3.70
2025-04-05;Pechuga Con Ala;2.61
2025-04-05;Pechuga Especial;3.81
2025-04-05;Pierna Entera;1.49
2025-04-05;Pierna Especial;3.49
2025-04-05;Posta de Cerdo;1.36
2025-04-05;Posta de Corona;1.28
2025-04-05;Posta De Gallina;2.49
2025-04-05;Posta de Pierna;1.86
2025-04-05;Producto de Prueba;3.24
2025-04-05;Punta de Cacho;1.56
2025-04-05;Queso;1.18
2025-04-05;Salchicha;2.56
2025-04-05;Salchichon;1.25
2025-04-05;Sesina;3.92
2025-04-05;Titiles;1.65
2025-04-06;Centrolac leche entera 472 ml;2.74
2025-04-06;"Centrolac milk whole 1000 ml ";2.51
2025-04-06;Chincaca;1.91
2025-04-06;Chorizo Criollo;1.23
2025-04-06;Conito;3.04
2025-04-06;Costilla Alta;2.40
2025-04-06;Costilla de Cerdo;2.37
2025-04-06;Crema Perfecta;1.10
2025-04-06;Higado De Pollo;3.13
2025-04-06;Huesos Corriente;3.55
2025-04-06;Lomo de Cerdo;2.05
2025-04-06;Lomo de Res;1.18
2025-04-06;Medio Pollo;3.38
2025-04-06;Menudo;3.59
2025-04-06;Mortadela;1.91
2025-04-06;Muslo;2.14
2025-04-06;Muslo Especial;2.15
2025-04-06;Pechuga Con Ala;1.29
2025-04-06;Pechuga Especial;2.30
2025-04-06;Pierna Entera;1.72
2025-04-06;Pierna Especial;3.74
2025-04-06;Posta de Cerdo;3.01
2025-04-06;Posta de Corona;1.46
2025-04-06;Posta De Gallina;1.97
2025-04-06;Posta de Pierna;1.10
2025-04-06;Producto de Prueba;2.33
2025-04-06;Punta de Cacho;3.84
2025-04-06;Queso;2.75
2025-04-06;Salchicha;2.10
2025-04-06;Salchichon;3.44
2025-04-06;Sesina;1.68
2025-04-06;Titiles;1.95
2025-04-07;Centrolac leche entera 472 ml;2.98
2025-04-07;"Centrolac milk whole 1000 ml ";1.63
2025-04-07;Chincaca;2.04
2025-04-07;Chorizo Criollo;1.46
2025-04-07;Conito;1.12
2025-04-07;Costilla Alta;3.27
2025-04-07;Costilla de Cerdo;1.50
2025-04-07;Crema Perfecta;1.61
2025-04-07;Higado De Pollo;3.32
2025-04-07;Huesos Corriente;3.07
2025-04-07;Lomo de Cerdo;1.44
2025-04-07;Lomo de Res;3.16
2025-04-07;Medio Pollo;1.57
2025-04-07;Menudo;3.79
2025-04-07;Mortadela;3.98
2025-04-07;Muslo;3.89
2025-04-07;Muslo Especial;2.94
2025-04-07;Pechuga Con Ala;3.01
2025-04-07;Pechuga Especial;1.66
2025-04-07;Pierna Entera;3.13
2025-04-07;Pierna Especial;1.38
2025-04-07;Posta de Cerdo;2.12
2025-04-07;Posta de Corona;1.33
2025-04-07;Posta De Gallina;1.56
2025-04-07;Posta de Pierna;1.11
2025-04-07;Producto de Prueba;3.91
2025-04-07;Punta de Cacho;3.31
2025-04-07;Queso;3.70
2025-04-07;Salchicha;3.70
2025-04-07;Salchichon;2.77
2025-04-07;Sesina;2.75
2025-04-07;Titiles;3.72
2025-04-08;Centrolac leche entera 472 ml;2.76
2025-04-08;"Centrolac milk whole 1000 ml ";3.82
2025-04-08;Chincaca;3.88
2025-04-08;Chorizo Criollo;1.10
2025-04-08;Conito;2.65
2025-04-08;Costilla Alta;1.49
2025-04-08;Costilla de Cerdo;3.65
2025-04-08;Crema Perfecta;3.60
2025-04-08;Higado De Pollo;2.65
2025-04-08;Huesos Corriente;2.54
2025-04-08;Lomo de Cerdo;1.44
2025-04-08;Lomo de Res;2.29
2025-04-08;Medio Pollo;3.79
2025-04-08;Menudo;2.85
2025-04-08;Mortadela;1.10
2025-04-08;Muslo;1.16
2025-04-08;Muslo Especial;1.19
2025-04-08;Pechuga Con Ala;2.93
2025-04-08;Pechuga Especial;3.24
2025-04-08;Pierna Entera;3.54
2025-04-08;Pierna Especial;2.82
2025-04-08;Posta de Cerdo;3.66
2025-04-08;Posta de Corona;3.55
2025-04-08;Posta De Gallina;3.61
2025-04-08;Posta de Pierna;3.76
2025-04-08;Producto de Prueba;3.09
2025-04-08;Punta de Cacho;1.29
2025-04-08;Queso;2.68
2025-04-08;Salchicha;3.26
2025-04-08;Salchichon;3.99
2025-04-08;Sesina;2.42
2025-04-08;Titiles;1.93
2025-04-09;Centrolac leche entera 472 ml;1.59
2025-04-09;"Centrolac milk whole 1000 ml ";2.64
2025-04-09;Chincaca;2.58
2025-04-09;Chorizo Criollo;1.74
2025-04-09;Conito;3.13
2025-04-09;Costilla Alta;2.41
2025-04-09;Costilla de Cerdo;3.78
2025-04-09;Crema Perfecta;3.80
2025-04-09;Higado De Pollo;2.54
2025-04-09;Huesos Corriente;3.78
2025-04-09;Lomo de Cerdo;1.91
2025-04-09;Lomo de Res;2.21
2025-04-09;Medio Pollo;2.60
2025-04-09;Menudo;1.31
2025-04-09;Mortadela;2.96
2025-04-09;Muslo;3.96
2025-04-09;Muslo Especial;3.94
2025-04-09;Pechuga Con Ala;3.02
2025-04-09;Pechuga Especial;3.59
2025-04-09;Pierna Entera;2.47
2025-04-09;Pierna Especial;1.06
2025-04-09;Posta de Cerdo;1.00
2025-04-09;Posta de Corona;3.62
2025-04-09;Posta De Gallina;3.57
2025-04-09;Posta de Pierna;1.19
2025-04-09;Producto de Prueba;1.86
2025-04-09;Punta de Cacho;1.33
2025-04-09;Queso;1.67
2025-04-09;Salchicha;1.14
2025-04-09;Salchichon;2.76
2025-04-09;Sesina;2.73
2025-04-09;Titiles;2.05
2025-04-10;Centrolac leche entera 472 ml;2.56
2025-04-10;"Centrolac milk whole 1000 ml ";1.65
2025-04-10;Chincaca;2.75
2025-04-10;Chorizo Criollo;2.15
2025-04-10;Conito;1.86
2025-04-10;Costilla Alta;2.71
2025-04-10;Costilla de Cerdo;3.69
2025-04-10;Crema Perfecta;4.00
2025-04-10;Higado De Pollo;2.85
2025-04-10;Huesos Corriente;3.84
2025-04-10;Lomo de Cerdo;1.88
2025-04-10;Lomo de Res;2.89
2025-04-10;Medio Pollo;3.72
2025-04-10;Menudo;2.01
2025-04-10;Mortadela;3.22
2025-04-10;Muslo;3.49
2025-04-10;Muslo Especial;2.98
2025-04-10;Pechuga Con Ala;3.16
2025-04-10;Pechuga Especial;2.78
2025-04-10;Pierna Entera;3.85
2025-04-10;Pierna Especial;2.45
2025-04-10;Posta de Cerdo;3.12
2025-04-10;Posta de Corona;1.31
2025-04-10;Posta De Gallina;2.00
2025-04-10;Posta de Pierna;1.64
2025-04-10;Producto de Prueba;3.49
2025-04-10;Punta de Cacho;3.21
2025-04-10;Queso;3.70
2025-04-10;Salchicha;3.66
2025-04-10;Salchichon;3.72
2025-04-10;Sesina;3.47
2025-04-10;Titiles;2.56
2025-04-11;Centrolac leche entera 472 ml;3.93
2025-04-11;"Centrolac milk whole 1000 ml ";3.30
2025-04-11;Chincaca;3.39
2025-04-11;Chorizo Criollo;1.68
2025-04-11;Conito;3.30
2025-04-11;Costilla Alta;3.02
2025-04-11;Costilla de Cerdo;1.68
2025-04-11;Crema Perfecta;1.39
2025-04-11;Higado De Pollo;2.54
2025-04-11;Huesos Corriente;2.10
2025-04-11;Lomo de Cerdo;3.15
2025-04-11;Lomo de Res;3.99
2025-04-11;Medio Pollo;3.83
2025-04-11;Menudo;2.69
2025-04-11;Mortadela;1.84
2025-04-11;Muslo;1.58
2025-04-11;Muslo Especial;1.15
2025-04-11;Pechuga Con Ala;2.31
2025-04-11;Pechuga Especial;2.71
2025-04-11;Pierna Entera;3.05
2025-04-11;Pierna Especial;2.22
2025-04-11;Posta de Cerdo;1.32
2025-04-11;Posta de Corona;3.96
2025-04-11;Posta De Gallina;2.34
2025-04-11;Posta de Pierna;2.99
2025-04-11;Producto de Prueba;2.53
2025-04-11;Punta de Cacho;2.04
2025-04-11;Queso;1.11
2025-04-11;Salchicha;1.40
2025-04-11;Salchichon;2.81
2025-04-11;Sesina;2.33
2025-04-11;Titiles;2.16
2025-04-12;Centrolac leche entera 472 ml;2.43
2025-04-12;"Centrolac milk whole 1000 ml ";3.44
2025-04-12;Chincaca;3.21
2025-04-12;Chorizo Criollo;2.55
2025-04-12;Conito;3.19
2025-04-12;Costilla Alta;3.09
2025-04-12;Costilla de Cerdo;2.82
2025-04-12;Crema Perfecta;1.85
2025-04-12;Higado De Pollo;3.95
2025-04-12;Huesos Corriente;1.55
2025-04-12;Lomo de Cerdo;2.74
2025-04-12;Lomo de Res;1.57
2025-04-12;Medio Pollo;3.79
2025-04-12;Menudo;3.36
2025-04-12;Mortadela;3.05
2025-04-12;Muslo;2.10
2025-04-12;Muslo Especial;2.82
2025-04-12;Pechuga Con Ala;1.51
2025-04-12;Pechuga Especial;1.30
2025-04-12;Pierna Entera;3.31
2025-04-12;Pierna Especial;2.00
2025-04-12;Posta de Cerdo;1.14
2025-04-12;Posta de Corona;1.11
2025-04-12;Posta De Gallina;2.04
2025-04-12;Posta de Pierna;3.12
2025-04-12;Producto de Prueba;2.98
2025-04-12;Punta de Cacho;1.01
2025-04-12;Queso;3.90
2025-04-12;Salchicha;1.14
2025-04-12;Salchichon;3.49
2025-04-12;Sesina;1.53
2025-04-12;Titiles;3.06
2025-04-13;Centrolac leche entera 472 ml;2.44
2025-04-13;"Centrolac milk whole 1000 ml ";2.45
2025-04-13;Chincaca;3.44
2025-04-13;Chorizo Criollo;2.00
2025-04-13;Conito;3.32
2025-04-13;Costilla Alta;3.81
2025-04-13;Costilla de Cerdo;3.45
2025-04-13;Crema Perfecta;3.95
2025-04-13;Higado De Pollo;2.35
2025-04-13;Huesos Corriente;3.89
2025-04-13;Lomo de Cerdo;3.04
2025-04-13;Lomo de Res;2.26
2025-04-13;Medio Pollo;2.06
2025-04-13;Menudo;2.47
2025-04-13;Mortadela;3.40
2025-04-13;Muslo;1.92
2025-04-13;Muslo Especial;2.23
2025-04-13;Pechuga Con Ala;2.16
2025-04-13;Pechuga Especial;1.36
2025-04-13;Pierna Entera;1.43
2025-04-13;Pierna Especial;2.93
2025-04-13;Posta de Cerdo;1.11
2025-04-13;Posta de Corona;1.90
2025-04-13;Posta De Gallina;1.24
2025-04-13;Posta de Pierna;3.14
2025-04-13;Producto de Prueba;3.74
2025-04-13;Punta de Cacho;3.20
2025-04-13;Queso;1.56
2025-04-13;Salchicha;3.84
2025-04-13;Salchichon;1.78
2025-04-13;Sesina;2.29
2025-04-13;Titiles;1.78
2025-04-14;Centrolac leche entera 472 ml;1.65
2025-04-14;"Centrolac milk whole 1000 ml ";1.82
2025-04-14;Chincaca;2.95
2025-04-14;Chorizo Criollo;1.23
2025-04-14;Conito;3.83
2025-04-14;Costilla Alta;3.57
2025-04-14;Costilla de Cerdo;1.56
2025-04-14;Crema Perfecta;3.42
2025-04-14;Higado De Pollo;1.82
2025-04-14;Huesos Corriente;2.84
2025-04-14;Lomo de Cerdo;1.09
2025-04-14;Lomo de Res;3.88
2025-04-14;Medio Pollo;3.33
2025-04-14;Menudo;2.00
2025-04-14;Mortadela;3.21
2025-04-14;Muslo;3.92
2025-04-14;Muslo Especial;2.23
2025-04-14;Pechuga Con Ala;2.43
2025-04-14;Pechuga Especial;1.12
2025-04-14;Pierna Entera;3.78
2025-04-14;Pierna Especial;1.51
2025-04-14;Posta de Cerdo;1.36
2025-04-14;Posta de Corona;3.40
2025-04-14;Posta De Gallina;1.54
2025-04-14;Posta de Pierna;3.10
2025-04-14;Producto de Prueba;1.60
2025-04-14;Punta de Cacho;3.83
2025-04-14;Queso;3.45
2025-04-14;Salchicha;3.82
2025-04-14;Salchichon;2.61
2025-04-14;Sesina;3.89
2025-04-14;Titiles;3.20
2025-04-15;Centrolac leche entera 472 ml;3.80
2025-04-15;"Centrolac milk whole 1000 ml ";1.18
2025-04-15;Chincaca;1.29
2025-04-15;Chorizo Criollo;3.21
2025-04-15;Conito;1.86
2025-04-15;Costilla Alta;1.59
2025-04-15;Costilla de Cerdo;3.48
2025-04-15;Crema Perfecta;1.89
2025-04-15;Higado De Pollo;2.84
2025-04-15;Huesos Corriente;1.97
2025-04-15;Lomo de Cerdo;1.39
2025-04-15;Lomo de Res;1.48
2025-04-15;Medio Pollo;2.41
2025-04-15;Menudo;1.34
2025-04-15;Mortadela;2.07
2025-04-15;Muslo;1.22
2025-04-15;Muslo Especial;1.28
2025-04-15;Pechuga Con Ala;1.92
2025-04-15;Pechuga Especial;3.57
2025-04-15;Pierna Entera;3.00
2025-04-15;Pierna Especial;1.36
2025-04-15;Posta de Cerdo;1.63
2025-04-15;Posta de Corona;3.72
2025-04-15;Posta De Gallina;2.21
2025-04-15;Posta de Pierna;1.33
2025-04-15;Producto de Prueba;1.74
2025-04-15;Punta de Cacho;2.93
2025-04-15;Queso;2.66
2025-04-15;Salchicha;1.45
2025-04-15;Salchichon;2.18
2025-04-15;Sesina;1.62
2025-04-15;Titiles;1.54
2025-04-16;Centrolac leche entera 472 ml;3.12
2025-04-16;"Centrolac milk whole 1000 ml ";1.49
2025-04-16;Chincaca;3.35
2025-04-16;Chorizo Criollo;3.65
2025-04-16;Conito;2.95
2025-04-16;Costilla Alta;1.68
2025-04-16;Costilla de Cerdo;1.87
2025-04-16;Crema Perfecta;1.22
2025-04-16;Higado De Pollo;2.51
2025-04-16;Huesos Corriente;2.63
2025-04-16;Lomo de Cerdo;1.86
2025-04-16;Lomo de Res;1.87
2025-04-16;Medio Pollo;1.39
2025-04-16;Menudo;2.81
2025-04-16;Mortadela;1.14
2025-04-16;Muslo;3.03
2025-04-16;Muslo Especial;3.44
2025-04-16;Pechuga Con Ala;2.55
2025-04-16;Pechuga Especial;1.61
2025-04-16;Pierna Entera;2.19
2025-04-16;Pierna Especial;1.23
2025-04-16;Posta de Cerdo;2.04
2025-04-16;Posta de Corona;3.33
2025-04-16;Posta De Gallina;3.97
2025-04-16;Posta de Pierna;1.95
2025-04-16;Producto de Prueba;1.45
2025-04-16;Punta de Cacho;2.32
2025-04-16;Queso;1.37
2025-04-16;Salchicha;2.91
2025-04-16;Salchichon;3.84
2025-04-16;Sesina;2.41
2025-04-16;Titiles;1.90
2025-04-17;Centrolac leche entera 472 ml;1.08
2025-04-17;"Centrolac milk whole 1000 ml ";1.38
2025-04-17;Chincaca;2.28
2025-04-17;Chorizo Criollo;1.53
2025-04-17;Conito;3.93
2025-04-17;Costilla Alta;2.38
2025-04-17;Costilla de Cerdo;2.72
2025-04-17;Crema Perfecta;1.63
2025-04-17;Higado De Pollo;2.34
2025-04-17;Huesos Corriente;3.82
2025-04-17;Lomo de Cerdo;3.06
2025-04-17;Lomo de Res;3.37
2025-04-17;Medio Pollo;2.45
2025-04-17;Menudo;2.67
2025-04-17;Mortadela;2.42
2025-04-17;Muslo;3.99
2025-04-17;Muslo Especial;2.77
2025-04-17;Pechuga Con Ala;2.61
2025-04-17;Pechuga Especial;3.88
2025-04-17;Pierna Entera;2.13
2025-04-17;Pierna Especial;3.69
2025-04-17;Posta de Cerdo;2.85
2025-04-17;Posta de Corona;2.07
2025-04-17;Posta De Gallina;3.10
2025-04-17;Posta de Pierna;2.70
2025-04-17;Producto de Prueba;1.10
2025-04-17;Punta de Cacho;2.22
2025-04-17;Queso;2.94
2025-04-17;Salchicha;3.55
2025-04-17;Salchichon;3.31
2025-04-17;Sesina;1.50
2025-04-17;Titiles;1.32
2025-04-18;Centrolac leche entera 472 ml;3.14
2025-04-18;"Centrolac milk whole 1000 ml ";3.50
2025-04-18;Chincaca;1.70
2025-04-18;Chorizo Criollo;1.82
2025-04-18;Conito;3.90
2025-04-18;Costilla Alta;3.58
2025-04-18;Costilla de Cerdo;2.42
2025-04-18;Crema Perfecta;1.95
2025-04-18;Higado De Pollo;3.06
2025-04-18;Huesos Corriente;2.10
2025-04-18;Lomo de Cerdo;3.98
2025-04-18;Lomo de Res;2.32
2025-04-18;Medio Pollo;1.25
2025-04-18;Menudo;3.90
2025-04-18;Mortadela;1.71
2025-04-18;Muslo;3.91
2025-04-18;Muslo Especial;1.75
2025-04-18;Pechuga Con Ala;1.20
2025-04-18;Pechuga Especial;2.91
2025-04-18;Pierna Entera;1.15
2025-04-18;Pierna Especial;1.85
2025-04-18;Posta de Cerdo;1.58
2025-04-18;Posta de Corona;2.70
2025-04-18;Posta De Gallina;1.99
2025-04-18;Posta de Pierna;2.40
2025-04-18;Producto de Prueba;2.89
2025-04-18;Punta de Cacho;2.22
2025-04-18;Queso;3.99
2025-04-18;Salchicha;1.16
2025-04-18;Salchichon;2.50
2025-04-18;Sesina;3.84
2025-04-18;Titiles;3.06
2025-04-19;Centrolac leche entera 472 ml;2.40
2025-04-19;"Centrolac milk whole 1000 ml ";3.49
2025-04-19;Chincaca;3.21
2025-04-19;Chorizo Criollo;1.12
2025-04-19;Conito;3.06
2025-04-19;Costilla Alta;3.07
2025-04-19;Costilla de Cerdo;1.82
2025-04-19;Crema Perfecta;1.33
2025-04-19;Higado De Pollo;1.22
2025-04-19;Huesos Corriente;2.30
2025-04-19;Lomo de Cerdo;2.06
2025-04-19;Lomo de Res;3.06
2025-04-19;Medio Pollo;2.14
2025-04-19;Menudo;3.38
2025-04-19;Mortadela;2.17
2025-04-19;Muslo;2.60
2025-04-19;Muslo Especial;2.95
2025-04-19;Pechuga Con Ala;1.90
2025-04-19;Pechuga Especial;1.80
2025-04-19;Pierna Entera;2.94
2025-04-19;Pierna Especial;2.28
2025-04-19;Posta de Cerdo;3.14
2025-04-19;Posta de Corona;1.78
2025-04-19;Posta De Gallina;3.73
2025-04-19;Posta de Pierna;2.06
2025-04-19;Producto de Prueba;3.24
2025-04-19;Punta de Cacho;2.36
2025-04-19;Queso;1.35
2025-04-19;Salchicha;3.90
2025-04-19;Salchichon;1.05
2025-04-19;Sesina;3.49
2025-04-19;Titiles;3.99
2025-04-20;Centrolac leche entera 472 ml;2.09
2025-04-20;"Centrolac milk whole 1000 ml ";1.68
2025-04-20;Chincaca;1.09
2025-04-20;Chorizo Criollo;1.01
2025-04-20;Conito;3.79
2025-04-20;Costilla Alta;1.58
2025-04-20;Costilla de Cerdo;2.14
2025-04-20;Crema Perfecta;3.47
2025-04-20;Higado De Pollo;3.20
2025-04-20;Huesos Corriente;3.21
2025-04-20;Lomo de Cerdo;1.75
2025-04-20;Lomo de Res;1.77
2025-04-20;Medio Pollo;3.75
2025-04-20;Menudo;2.56
2025-04-20;Mortadela;1.70
2025-04-20;Muslo;1.16
2025-04-20;Muslo Especial;3.05
2025-04-20;Pechuga Con Ala;2.71
2025-04-20;Pechuga Especial;2.73
2025-04-20;Pierna Entera;1.44
2025-04-20;Pierna Especial;3.35
2025-04-20;Posta de Cerdo;2.31
2025-04-20;Posta de Corona;3.25
2025-04-20;Posta De Gallina;3.00
2025-04-20;Posta de Pierna;1.52
2025-04-20;Producto de Prueba;1.86
2025-04-20;Punta de Cacho;3.60
2025-04-20;Queso;3.61
2025-04-20;Salchicha;2.27
2025-04-20;Salchichon;2.81
2025-04-20;Sesina;1.12
2025-04-20;Titiles;1.44
2025-04-21;Centrolac leche entera 472 ml;1.27
2025-04-21;"Centrolac milk whole 1000 ml ";2.71
2025-04-21;Chincaca;3.66
2025-04-21;Chorizo Criollo;1.77
2025-04-21;Conito;2.81
2025-04-21;Costilla Alta;1.80
2025-04-21;Costilla de Cerdo;3.24
2025-04-21;Crema Perfecta;2.54
2025-04-21;Higado De Pollo;2.76
2025-04-21;Huesos Corriente;1.79
2025-04-21;Lomo de Cerdo;3.71
2025-04-21;Lomo de Res;3.75
2025-04-21;Medio Pollo;1.38
2025-04-21;Menudo;3.22
2025-04-21;Mortadela;2.13
2025-04-21;Muslo;3.54
2025-04-21;Muslo Especial;3.29
2025-04-21;Pechuga Con Ala;3.15
2025-04-21;Pechuga Especial;2.34
2025-04-21;Pierna Entera;3.42
2025-04-21;Pierna Especial;3.12
2025-04-21;Posta de Cerdo;2.40
2025-04-21;Posta de Corona;3.42
2025-04-21;Posta De Gallina;3.95
2025-04-21;Posta de Pierna;2.13
2025-04-21;Producto de Prueba;2.16
2025-04-21;Punta de Cacho;2.13
2025-04-21;Queso;2.56
2025-04-21;Salchicha;2.18
2025-04-21;Salchichon;2.86
2025-04-21;Sesina;3.33
2025-04-21;Titiles;3.99
2025-04-22;Centrolac leche entera 472 ml;1.31
2025-04-22;"Centrolac milk whole 1000 ml ";1.25
2025-04-22;Chincaca;2.60
2025-04-22;Chorizo Criollo;2.52
2025-04-22;Conito;3.60
2025-04-22;Costilla Alta;1.33
2025-04-22;Costilla de Cerdo;2.93
2025-04-22;Crema Perfecta;1.61
2025-04-22;Higado De Pollo;3.04
2025-04-22;Huesos Corriente;2.55
2025-04-22;Lomo de Cerdo;2.75
2025-04-22;Lomo de Res;2.36
2025-04-22;Medio Pollo;2.40
2025-04-22;Menudo;3.57
2025-04-22;Mortadela;1.94
2025-04-22;Muslo;2.04
2025-04-22;Muslo Especial;2.88
2025-04-22;Pechuga Con Ala;3.19
2025-04-22;Pechuga Especial;2.38
2025-04-22;Pierna Entera;2.94
2025-04-22;Pierna Especial;1.08
2025-04-22;Posta de Cerdo;2.86
2025-04-22;Posta de Corona;3.90
2025-04-22;Posta De Gallina;2.21
2025-04-22;Posta de Pierna;3.33
2025-04-22;Producto de Prueba;2.87
2025-04-22;Punta de Cacho;2.83
2025-04-22;Queso;3.50
2025-04-22;Salchicha;2.58
2025-04-22;Salchichon;1.82
2025-04-22;Sesina;2.14
2025-04-22;Titiles;2.56
2025-04-23;Centrolac leche entera 472 ml;3.32
2025-04-23;"Centrolac milk whole 1000 ml ";3.13
2025-04-23;Chincaca;1.29
2025-04-23;Chorizo Criollo;3.03
2025-04-23;Conito;1.30
2025-04-23;Costilla Alta;3.68
2025-04-23;Costilla de Cerdo;1.87
2025-04-23;Crema Perfecta;1.99
2025-04-23;Higado De Pollo;1.78
2025-04-23;Huesos Corriente;3.77
2025-04-23;Lomo de Cerdo;1.63
2025-04-23;Lomo de Res;3.25
2025-04-23;Medio Pollo;1.48
2025-04-23;Menudo;1.66
2025-04-23;Mortadela;3.55
2025-04-23;Muslo;3.75
2025-04-23;Muslo Especial;2.42
2025-04-23;Pechuga Con Ala;2.40
2025-04-23;Pechuga Especial;3.81
2025-04-23;Pierna Entera;1.16
2025-04-23;Pierna Especial;2.04
2025-04-23;Posta de Cerdo;2.03
2025-04-23;Posta de Corona;2.47
2025-04-23;Posta De Gallina;1.71
2025-04-23;Posta de Pierna;1.23
2025-04-23;Producto de Prueba;1.08
2025-04-23;Punta de Cacho;1.43
2025-04-23;Queso;3.45
2025-04-23;Salchicha;3.72
2025-04-23;Salchichon;1.15
2025-04-23;Sesina;2.23
2025-04-23;Titiles;2.36
2025-04-24;Centrolac leche entera 472 ml;3.51
2025-04-24;"Centrolac milk whole 1000 ml ";2.33
2025-04-24;Chincaca;3.84
2025-04-24;Chorizo Criollo;1.92
2025-04-24;Conito;3.38
2025-04-24;Costilla Alta;1.81
2025-04-24;Costilla de Cerdo;2.13
2025-04-24;Crema Perfecta;1.77
2025-04-24;Higado De Pollo;3.34
2025-04-24;Huesos Corriente;1.75
2025-04-24;Lomo de Cerdo;3.18
2025-04-24;Lomo de Res;2.60
2025-04-24;Medio Pollo;2.09
2025-04-24;Menudo;1.49
2025-04-24;Mortadela;1.16
2025-04-24;Muslo;3.12
2025-04-24;Muslo Especial;3.27
2025-04-24;Pechuga Con Ala;2.45
2025-04-24;Pechuga Especial;1.18
2025-04-24;Pierna Entera;2.06
2025-04-24;Pierna Especial;1.09
2025-04-24;Posta de Cerdo;3.79
2025-04-24;Posta de Corona;3.38
2025-04-24;Posta De Gallina;1.35
2025-04-24;Posta de Pierna;3.45
2025-04-24;Producto de Prueba;3.96
2025-04-24;Punta de Cacho;3.74
2025-04-24;Queso;2.65
2025-04-24;Salchicha;3.72
2025-04-24;Salchichon;3.77
2025-04-24;Sesina;2.60
2025-04-24;Titiles;2.33
2025-04-25;Centrolac leche entera 472 ml;1.06
2025-04-25;"Centrolac milk whole 1000 ml ";2.30
2025-04-25;Chincaca;2.81
2025-04-25;Chorizo Criollo;2.80
2025-04-25;Conito;1.28
2025-04-25;Costilla Alta;3.28
2025-04-25;Costilla de Cerdo;2.29
2025-04-25;Crema Perfecta;3.94
2025-04-25;Higado De Pollo;2.17
2025-04-25;Huesos Corriente;1.01
2025-04-25;Lomo de Cerdo;3.92
2025-04-25;Lomo de Res;1.73
2025-04-25;Medio Pollo;2.51
2025-04-25;Menudo;2.90
2025-04-25;Mortadela;2.05
2025-04-25;Muslo;2.63
2025-04-25;Muslo Especial;1.78
2025-04-25;Pechuga Con Ala;1.87
2025-04-25;Pechuga Especial;1.71
2025-04-25;Pierna Entera;2.29
2025-04-25;Pierna Especial;3.08
2025-04-25;Posta de Cerdo;3.34
2025-04-25;Posta de Corona;3.37
2025-04-25;Posta De Gallina;2.61
2025-04-25;Posta de Pierna;1.38
2025-04-25;Producto de Prueba;1.72
2025-04-25;Punta de Cacho;2.38
2025-04-25;Queso;2.82
2025-04-25;Salchicha;1.66
2025-04-25;Salchichon;3.55
2025-04-25;Sesina;1.42
2025-04-25;Titiles;3.96
2025-04-26;Centrolac leche entera 472 ml;1.25
2025-04-26;"Centrolac milk whole 1000 ml ";1.41
2025-04-26;Chincaca;1.94
2025-04-26;Chorizo Criollo;3.62
2025-04-26;Conito;3.76
2025-04-26;Costilla Alta;3.53
2025-04-26;Costilla de Cerdo;1.90
2025-04-26;Crema Perfecta;3.87
2025-04-26;Higado De Pollo;2.76
2025-04-26;Huesos Corriente;1.12
2025-04-26;Lomo de Cerdo;1.06
2025-04-26;Lomo de Res;4.00
2025-04-26;Medio Pollo;3.73
2025-04-26;Menudo;3.84
2025-04-26;Mortadela;1.83
2025-04-26;Muslo;2.17
2025-04-26;Muslo Especial;3.68
2025-04-26;Pechuga Con Ala;2.83
2025-04-26;Pechuga Especial;3.36
2025-04-26;Pierna Entera;2.87
2025-04-26;Pierna Especial;3.70
2025-04-26;Posta de Cerdo;2.72
2025-04-26;Posta de Corona;1.18
2025-04-26;Posta De Gallina;1.98
2025-04-26;Posta de Pierna;2.84
2025-04-26;Producto de Prueba;1.95
2025-04-26;Punta de Cacho;2.95
2025-04-26;Queso;3.33
2025-04-26;Salchicha;3.64
2025-04-26;Salchichon;2.82
2025-04-26;Sesina;1.74
2025-04-26;Titiles;1.07
2025-04-27;Centrolac leche entera 472 ml;3.40
2025-04-27;"Centrolac milk whole 1000 ml ";3.37
2025-04-27;Chincaca;2.44
2025-04-27;Chorizo Criollo;1.11
2025-04-27;Conito;3.67
2025-04-27;Costilla Alta;3.66
2025-04-27;Costilla de Cerdo;3.25
2025-04-27;Crema Perfecta;2.70
2025-04-27;Higado De Pollo;1.38
2025-04-27;Huesos Corriente;3.09
2025-04-27;Lomo de Cerdo;3.12
2025-04-27;Lomo de Res;1.93
2025-04-27;Medio Pollo;2.92
2025-04-27;Menudo;3.37
2025-04-27;Mortadela;1.18
2025-04-27;Muslo;2.34
2025-04-27;Muslo Especial;2.79
2025-04-27;Pechuga Con Ala;2.24
2025-04-27;Pechuga Especial;1.36
2025-04-27;Pierna Entera;2.77
2025-04-27;Pierna Especial;3.26
2025-04-27;Posta de Cerdo;2.03
2025-04-27;Posta de Corona;2.77
2025-04-27;Posta De Gallina;1.10
2025-04-27;Posta de Pierna;1.06
2025-04-27;Producto de Prueba;3.65
2025-04-27;Punta de Cacho;1.65
2025-04-27;Queso;3.56
2025-04-27;Salchicha;2.59
2025-04-27;Salchichon;3.47
2025-04-27;Sesina;2.33
2025-04-27;Titiles;3.23
2025-04-28;Centrolac leche entera 472 ml;1.76
2025-04-28;"Centrolac milk whole 1000 ml ";3.74
2025-04-28;Chincaca;2.17
2025-04-28;Chorizo Criollo;1.52
2025-04-28;Conito;1.58
2025-04-28;Costilla Alta;1.76
2025-04-28;Costilla de Cerdo;1.08
2025-04-28;Crema Perfecta;3.62
2025-04-28;Higado De Pollo;3.06
2025-04-28;Huesos Corriente;1.12
2025-04-28;Lomo de Cerdo;3.26
2025-04-28;Lomo de Res;3.14
2025-04-28;Medio Pollo;1.57
2025-04-28;Menudo;2.63
2025-04-28;Mortadela;3.92
2025-04-28;Muslo;1.85
2025-04-28;Muslo Especial;2.11
2025-04-28;Pechuga Con Ala;2.17
2025-04-28;Pechuga Especial;1.93
2025-04-28;Pierna Entera;1.64
2025-04-28;Pierna Especial;2.71
2025-04-28;Posta de Cerdo;1.02
2025-04-28;Posta de Corona;1.41
2025-04-28;Posta De Gallina;3.08
2025-04-28;Posta de Pierna;1.81
2025-04-28;Producto de Prueba;3.75
2025-04-28;Punta de Cacho;3.24
2025-04-28;Queso;1.71
2025-04-28;Salchicha;2.45
2025-04-28;Salchichon;2.47
2025-04-28;Sesina;2.28
2025-04-28;Titiles;3.40
2025-04-29;Centrolac leche entera 472 ml;3.91
2025-04-29;"Centrolac milk whole 1000 ml ";3.52
2025-04-29;Chincaca;3.72
2025-04-29;Chorizo Criollo;1.44
2025-04-29;Conito;2.74
2025-04-29;Costilla Alta;1.90
2025-04-29;Costilla de Cerdo;3.10
2025-04-29;Crema Perfecta;1.20
2025-04-29;Higado De Pollo;1.73
2025-04-29;Huesos Corriente;1.58
2025-04-29;Lomo de Cerdo;2.01
2025-04-29;Lomo de Res;1.40
2025-04-29;Medio Pollo;1.26
2025-04-29;Menudo;3.66
2025-04-29;Mortadela;3.57
2025-04-29;Muslo;2.75
2025-04-29;Muslo Especial;1.65
2025-04-29;Pechuga Con Ala;2.76
2025-04-29;Pechuga Especial;1.05
2025-04-29;Pierna Entera;3.05
2025-04-29;Pierna Especial;2.48
2025-04-29;Posta de Cerdo;1.91
2025-04-29;Posta de Corona;1.37
2025-04-29;Posta De Gallina;1.11
2025-04-29;Posta de Pierna;1.73
2025-04-29;Producto de Prueba;1.75
2025-04-29;Punta de Cacho;3.25
2025-04-29;Queso;2.79
2025-04-29;Salchicha;3.33
2025-04-29;Salchichon;2.99
2025-04-29;Sesina;2.38
2025-04-29;Titiles;2.50
2025-04-30;Centrolac leche entera 472 ml;3.47
2025-04-30;"Centrolac milk whole 1000 ml ";3.50
2025-04-30;Chincaca;3.28
2025-04-30;Chorizo Criollo;1.98
2025-04-30;Conito;2.40
2025-04-30;Costilla Alta;1.95
2025-04-30;Costilla de Cerdo;2.59
2025-04-30;Crema Perfecta;2.73
2025-04-30;Higado De Pollo;2.29
2025-04-30;Huesos Corriente;3.63
2025-04-30;Lomo de Cerdo;1.86
2025-04-30;Lomo de Res;1.34
2025-04-30;Medio Pollo;3.95
2025-04-30;Menudo;1.04
2025-04-30;Mortadela;2.60
2025-04-30;Muslo;1.21
2025-04-30;Muslo Especial;3.23
2025-04-30;Pechuga Con Ala;2.67
2025-04-30;Pechuga Especial;3.68
2025-04-30;Pierna Entera;1.27
2025-04-30;Pierna Especial;3.55
2025-04-30;Posta de Cerdo;2.64
2025-04-30;Posta de Corona;2.85
2025-04-30;Posta De Gallina;2.40
2025-04-30;Posta de Pierna;3.95
2025-04-30;Producto de Prueba;3.78
2025-04-30;Punta de Cacho;3.85
2025-04-30;Queso;3.12
2025-04-30;Salchicha;2.18
2025-04-30;Salchichon;1.74
2025-04-30;Sesina;1.29
2025-04-30;Titiles;1.08
2025-05-01;Centrolac leche entera 472 ml;1.01
2025-05-01;"Centrolac milk whole 1000 ml ";3.72
2025-05-01;Chincaca;3.32
2025-05-01;Chorizo Criollo;1.55
2025-05-01;Conito;3.61
2025-05-01;Costilla Alta;2.92
2025-05-01;Costilla de Cerdo;3.62
2025-05-01;Crema Perfecta;1.22
2025-05-01;Higado De Pollo;1.85
2025-05-01;Huesos Corriente;3.28
2025-05-01;Lomo de Cerdo;3.60
2025-05-01;Lomo de Res;2.06
2025-05-01;Medio Pollo;2.71
2025-05-01;Menudo;1.73
2025-05-01;Mortadela;2.15
2025-05-01;Muslo;1.87
2025-05-01;Muslo Especial;3.10
2025-05-01;Pechuga Con Ala;3.95
2025-05-01;Pechuga Especial;2.76
2025-05-01;Pierna Entera;3.35
2025-05-01;Pierna Especial;1.81
2025-05-01;Posta de Cerdo;2.29
2025-05-01;Posta de Corona;1.18
2025-05-01;Posta De Gallina;2.28
2025-05-01;Posta de Pierna;2.79
2025-05-01;Producto de Prueba;3.90
2025-05-01;Punta de Cacho;3.50
2025-05-01;Queso;2.37
2025-05-01;Salchicha;3.24
2025-05-01;Salchichon;1.60
2025-05-01;Sesina;2.84
2025-05-01;Titiles;2.31
2025-05-02;Centrolac leche entera 472 ml;2.72
2025-05-02;"Centrolac milk whole 1000 ml ";1.93
2025-05-02;Chincaca;3.45
2025-05-02;Chorizo Criollo;2.05
2025-05-02;Conito;1.73
2025-05-02;Costilla Alta;3.49
2025-05-02;Costilla de Cerdo;1.91
2025-05-02;Crema Perfecta;2.04
2025-05-02;Higado De Pollo;1.58
2025-05-02;Huesos Corriente;1.52
2025-05-02;Lomo de Cerdo;1.46
2025-05-02;Lomo de Res;1.54
2025-05-02;Medio Pollo;2.10
2025-05-02;Menudo;2.35
2025-05-02;Mortadela;3.16
2025-05-02;Muslo;2.98
2025-05-02;Muslo Especial;3.86
2025-05-02;Pechuga Con Ala;1.81
2025-05-02;Pechuga Especial;3.60
2025-05-02;Pierna Entera;3.37
2025-05-02;Pierna Especial;2.84
2025-05-02;Posta de Cerdo;1.13
2025-05-02;Posta de Corona;1.70
2025-05-02;Posta De Gallina;2.95
2025-05-02;Posta de Pierna;1.55
2025-05-02;Producto de Prueba;2.35
2025-05-02;Punta de Cacho;3.03
2025-05-02;Queso;2.10
2025-05-02;Salchicha;2.14
2025-05-02;Salchichon;3.33
2025-05-02;Sesina;1.65
2025-05-02;Titiles;1.22
2025-05-03;Centrolac leche entera 472 ml;2.03
2025-05-03;"Centrolac milk whole 1000 ml ";2.91
2025-05-03;Chincaca;3.74
2025-05-03;Chorizo Criollo;3.47
2025-05-03;Conito;3.64
2025-05-03;Costilla Alta;3.70
2025-05-03;Costilla de Cerdo;1.55
2025-05-03;Crema Perfecta;1.58
2025-05-03;Higado De Pollo;1.25
2025-05-03;Huesos Corriente;2.19
2025-05-03;Lomo de Cerdo;1.06
2025-05-03;Lomo de Res;1.48
2025-05-03;Medio Pollo;3.13
2025-05-03;Menudo;3.87
2025-05-03;Mortadela;3.20
2025-05-03;Muslo;1.74
2025-05-03;Muslo Especial;2.39
2025-05-03;Pechuga Con Ala;1.78
2025-05-03;Pechuga Especial;1.68
2025-05-03;Pierna Entera;1.16
2025-05-03;Pierna Especial;2.53
2025-05-03;Posta de Cerdo;1.04
2025-05-03;Posta de Corona;2.08
2025-05-03;Posta De Gallina;2.53
2025-05-03;Posta de Pierna;2.16
2025-05-03;Producto de Prueba;2.30
2025-05-03;Punta de Cacho;2.00
2025-05-03;Queso;2.34
2025-05-03;Salchicha;3.84
2025-05-03;Salchichon;2.13
2025-05-03;Sesina;1.93
2025-05-03;Titiles;1.97
2025-05-04;Centrolac leche entera 472 ml;2.92
2025-05-04;"Centrolac milk whole 1000 ml ";1.60
2025-05-04;Chincaca;3.23
2025-05-04;Chorizo Criollo;1.58
2025-05-04;Conito;3.54
2025-05-04;Costilla Alta;2.44
2025-05-04;Costilla de Cerdo;1.50
2025-05-04;Crema Perfecta;2.89
2025-05-04;Higado De Pollo;2.91
2025-05-04;Huesos Corriente;3.37
2025-05-04;Lomo de Cerdo;1.68
2025-05-04;Lomo de Res;1.62
2025-05-04;Medio Pollo;1.98
2025-05-04;Menudo;3.38
2025-05-04;Mortadela;3.09
2025-05-04;Muslo;1.94
2025-05-04;Muslo Especial;1.79
2025-05-04;Pechuga Con Ala;1.58
2025-05-04;Pechuga Especial;1.72
2025-05-04;Pierna Entera;2.31
2025-05-04;Pierna Especial;2.51
2025-05-04;Posta de Cerdo;2.87
2025-05-04;Posta de Corona;2.27
2025-05-04;Posta De Gallina;3.47
2025-05-04;Posta de Pierna;3.41
2025-05-04;Producto de Prueba;1.53
2025-05-04;Punta de Cacho;3.65
2025-05-04;Queso;1.29
2025-05-04;Salchicha;1.90
2025-05-04;Salchichon;2.55
2025-05-04;Sesina;1.24
2025-05-04;Titiles;1.72
2025-05-05;Centrolac leche entera 472 ml;1.47
2025-05-05;"Centrolac milk whole 1000 ml ";3.70
2025-05-05;Chincaca;1.45
2025-05-05;Chorizo Criollo;2.29
2025-05-05;Conito;1.01
2025-05-05;Costilla Alta;1.50
2025-05-05;Costilla de Cerdo;2.59
2025-05-05;Crema Perfecta;3.00
2025-05-05;Higado De Pollo;1.14
2025-05-05;Huesos Corriente;2.27
2025-05-05;Lomo de Cerdo;3.80
2025-05-05;Lomo de Res;3.70
2025-05-05;Medio Pollo;2.74
2025-05-05;Menudo;2.09
2025-05-05;Mortadela;2.98
2025-05-05;Muslo;3.85
2025-05-05;Muslo Especial;3.30
2025-05-05;Pechuga Con Ala;3.12
2025-05-05;Pechuga Especial;1.48
2025-05-05;Pierna Entera;1.58
2025-05-05;Pierna Especial;2.43
2025-05-05;Posta de Cerdo;1.84
2025-05-05;Posta de Corona;2.34
2025-05-05;Posta De Gallina;1.58
2025-05-05;Posta de Pierna;3.27
2025-05-05;Producto de Prueba;2.36
2025-05-05;Punta de Cacho;2.34
2025-05-05;Queso;2.92
2025-05-05;Salchicha;1.54
2025-05-05;Salchichon;2.32
2025-05-05;Sesina;1.90
2025-05-05;Titiles;1.50
2025-05-06;Centrolac leche entera 472 ml;3.38
2025-05-06;"Centrolac milk whole 1000 ml ";2.11
2025-05-06;Chincaca;3.40
2025-05-06;Chorizo Criollo;3.76
2025-05-06;Conito;3.14
2025-05-06;Costilla Alta;3.54
2025-05-06;Costilla de Cerdo;3.37
2025-05-06;Crema Perfecta;3.18
2025-05-06;Higado De Pollo;2.48
2025-05-06;Huesos Corriente;3.21
2025-05-06;Lomo de Cerdo;1.60
2025-05-06;Lomo de Res;3.45
2025-05-06;Medio Pollo;3.05
2025-05-06;Menudo;3.38
2025-05-06;Mortadela;2.43
2025-05-06;Muslo;1.34
2025-05-06;Muslo Especial;3.61
2025-05-06;Pechuga Con Ala;3.73
2025-05-06;Pechuga Especial;3.20
2025-05-06;Pierna Entera;2.50
2025-05-06;Pierna Especial;1.16
2025-05-06;Posta de Cerdo;3.55
2025-05-06;Posta de Corona;2.28
2025-05-06;Posta De Gallina;3.92
2025-05-06;Posta de Pierna;2.74
2025-05-06;Producto de Prueba;3.91
2025-05-06;Punta de Cacho;3.98
2025-05-06;Queso;1.78
2025-05-06;Salchicha;2.03
2025-05-06;Salchichon;2.46
2025-05-06;Sesina;3.03
2025-05-06;Titiles;1.61
2025-05-07;Centrolac leche entera 472 ml;1.64
2025-05-07;"Centrolac milk whole 1000 ml ";3.46
2025-05-07;Chincaca;1.34
2025-05-07;Chorizo Criollo;1.87
2025-05-07;Conito;3.54
2025-05-07;Costilla Alta;2.20
2025-05-07;Costilla de Cerdo;1.48
2025-05-07;Crema Perfecta;2.04
2025-05-07;Higado De Pollo;1.82
2025-05-07;Huesos Corriente;1.91
2025-05-07;Lomo de Cerdo;3.50
2025-05-07;Lomo de Res;3.75
2025-05-07;Medio Pollo;1.39
2025-05-07;Menudo;3.00
2025-05-07;Mortadela;3.01
2025-05-07;Muslo;1.29
2025-05-07;Muslo Especial;1.22
2025-05-07;Pechuga Con Ala;2.64
2025-05-07;Pechuga Especial;1.68
2025-05-07;Pierna Entera;1.14
2025-05-07;Pierna Especial;2.00
2025-05-07;Posta de Cerdo;2.62
2025-05-07;Posta de Corona;1.14
2025-05-07;Posta De Gallina;1.07
2025-05-07;Posta de Pierna;2.25
2025-05-07;Producto de Prueba;3.45
2025-05-07;Punta de Cacho;1.83
2025-05-07;Queso;2.49
2025-05-07;Salchicha;3.64
2025-05-07;Salchichon;3.63
2025-05-07;Sesina;3.91
2025-05-07;Titiles;3.26
2025-05-08;Centrolac leche entera 472 ml;1.95
2025-05-08;"Centrolac milk whole 1000 ml ";1.50
2025-05-08;Chincaca;1.94
2025-05-08;Chorizo Criollo;3.66
2025-05-08;Conito;1.54
2025-05-08;Costilla Alta;2.03
2025-05-08;Costilla de Cerdo;3.19
2025-05-08;Crema Perfecta;3.81
2025-05-08;Higado De Pollo;2.89
2025-05-08;Huesos Corriente;3.95
2025-05-08;Lomo de Cerdo;2.71
2025-05-08;Lomo de Res;2.83
2025-05-08;Medio Pollo;2.88
2025-05-08;Menudo;3.10
2025-05-08;Mortadela;1.47
2025-05-08;Muslo;2.95
2025-05-08;Muslo Especial;1.81
2025-05-08;Pechuga Con Ala;2.62
2025-05-08;Pechuga Especial;1.52
2025-05-08;Pierna Entera;2.30
2025-05-08;Pierna Especial;2.11
2025-05-08;Posta de Cerdo;3.08
2025-05-08;Posta de Corona;3.55
2025-05-08;Posta De Gallina;3.08
2025-05-08;Posta de Pierna;3.49
2025-05-08;Producto de Prueba;2.02
2025-05-08;Punta de Cacho;2.07
2025-05-08;Queso;3.66
2025-05-08;Salchicha;2.11
2025-05-08;Salchichon;1.98
2025-05-08;Sesina;2.25
2025-05-08;Titiles;3.63
2025-05-09;Centrolac leche entera 472 ml;2.96
2025-05-09;"Centrolac milk whole 1000 ml ";1.96
2025-05-09;Chincaca;1.14
2025-05-09;Chorizo Criollo;1.35
2025-05-09;Conito;3.06
2025-05-09;Costilla Alta;1.35
2025-05-09;Costilla de Cerdo;2.06
2025-05-09;Crema Perfecta;2.77
2025-05-09;Higado De Pollo;2.10
2025-05-09;Huesos Corriente;3.81
2025-05-09;Lomo de Cerdo;1.00
2025-05-09;Lomo de Res;3.59
2025-05-09;Medio Pollo;1.17
2025-05-09;Menudo;3.21
2025-05-09;Mortadela;2.26
2025-05-09;Muslo;3.28
2025-05-09;Muslo Especial;2.70
2025-05-09;Pechuga Con Ala;2.61
2025-05-09;Pechuga Especial;1.03
2025-05-09;Pierna Entera;3.58
2025-05-09;Pierna Especial;1.88
2025-05-09;Posta de Cerdo;1.80
2025-05-09;Posta de Corona;3.44
2025-05-09;Posta De Gallina;2.45
2025-05-09;Posta de Pierna;1.69
2025-05-09;Producto de Prueba;3.85
2025-05-09;Punta de Cacho;1.32
2025-05-09;Queso;2.37
2025-05-09;Salchicha;3.58
2025-05-09;Salchichon;3.03
2025-05-09;Sesina;3.94
2025-05-09;Titiles;1.70
2025-05-10;Centrolac leche entera 472 ml;2.91
2025-05-10;"Centrolac milk whole 1000 ml ";3.51
2025-05-10;Chincaca;3.05
2025-05-10;Chorizo Criollo;2.33
2025-05-10;Conito;1.50
2025-05-10;Costilla Alta;2.85
2025-05-10;Costilla de Cerdo;3.05
2025-05-10;Crema Perfecta;2.93
2025-05-10;Higado De Pollo;3.28
2025-05-10;Huesos Corriente;3.22
2025-05-10;Lomo de Cerdo;2.66
2025-05-10;Lomo de Res;2.72
2025-05-10;Medio Pollo;1.99
2025-05-10;Menudo;1.74
2025-05-10;Mortadela;1.51
2025-05-10;Muslo;2.70
2025-05-10;Muslo Especial;2.03
2025-05-10;Pechuga Con Ala;3.56
2025-05-10;Pechuga Especial;3.96
2025-05-10;Pierna Entera;2.21
2025-05-10;Pierna Especial;2.11
2025-05-10;Posta de Cerdo;3.73
2025-05-10;Posta de Corona;2.25
2025-05-10;Posta De Gallina;2.13
2025-05-10;Posta de Pierna;3.72
2025-05-10;Producto de Prueba;3.34
2025-05-10;Punta de Cacho;2.05
2025-05-10;Queso;3.48
2025-05-10;Salchicha;3.31
2025-05-10;Salchichon;2.91
2025-05-10;Sesina;2.16
2025-05-10;Titiles;1.04
2025-05-11;Centrolac leche entera 472 ml;3.16
2025-05-11;"Centrolac milk whole 1000 ml ";2.48
2025-05-11;Chincaca;1.28
2025-05-11;Chorizo Criollo;3.88
2025-05-11;Conito;3.82
2025-05-11;Costilla Alta;1.22
2025-05-11;Costilla de Cerdo;3.74
2025-05-11;Crema Perfecta;3.44
2025-05-11;Higado De Pollo;3.89
2025-05-11;Huesos Corriente;2.00
2025-05-11;Lomo de Cerdo;3.57
2025-05-11;Lomo de Res;1.77
2025-05-11;Medio Pollo;1.80
2025-05-11;Menudo;1.81
2025-05-11;Mortadela;1.24
2025-05-11;Muslo;2.28
2025-05-11;Muslo Especial;3.02
2025-05-11;Pechuga Con Ala;3.10
2025-05-11;Pechuga Especial;2.83
2025-05-11;Pierna Entera;1.06
2025-05-11;Pierna Especial;1.10
2025-05-11;Posta de Cerdo;3.01
2025-05-11;Posta de Corona;1.90
2025-05-11;Posta De Gallina;2.26
2025-05-11;Posta de Pierna;1.59
2025-05-11;Producto de Prueba;3.57
2025-05-11;Punta de Cacho;1.56
2025-05-11;Queso;3.54
2025-05-11;Salchicha;3.02
2025-05-11;Salchichon;3.47
2025-05-11;Sesina;1.64
2025-05-11;Titiles;2.87
2025-05-12;Centrolac leche entera 472 ml;3.67
2025-05-12;"Centrolac milk whole 1000 ml ";3.13
2025-05-12;Chincaca;1.52
2025-05-12;Chorizo Criollo;1.26
2025-05-12;Conito;1.47
2025-05-12;Costilla Alta;3.36
2025-05-12;Costilla de Cerdo;2.79
2025-05-12;Crema Perfecta;3.33
2025-05-12;Higado De Pollo;1.83
2025-05-12;Huesos Corriente;1.31
2025-05-12;Lomo de Cerdo;2.18
2025-05-12;Lomo de Res;1.60
2025-05-12;Medio Pollo;3.89
2025-05-12;Menudo;2.74
2025-05-12;Mortadela;2.91
2025-05-12;Muslo;3.34
2025-05-12;Muslo Especial;1.72
2025-05-12;Pechuga Con Ala;2.26
2025-05-12;Pechuga Especial;2.69
2025-05-12;Pierna Entera;1.45
2025-05-12;Pierna Especial;3.40
2025-05-12;Posta de Cerdo;1.80
2025-05-12;Posta de Corona;1.54
2025-05-12;Posta De Gallina;3.10
2025-05-12;Posta de Pierna;1.13
2025-05-12;Producto de Prueba;3.20
2025-05-12;Punta de Cacho;3.55
2025-05-12;Queso;1.67
2025-05-12;Salchicha;3.39
2025-05-12;Salchichon;3.03
2025-05-12;Sesina;1.41
2025-05-12;Titiles;2.47
2025-05-13;Centrolac leche entera 472 ml;1.30
2025-05-13;"Centrolac milk whole 1000 ml ";2.68
2025-05-13;Chincaca;2.79
2025-05-13;Chorizo Criollo;3.92
2025-05-13;Conito;1.02
2025-05-13;Costilla Alta;1.79
2025-05-13;Costilla de Cerdo;1.92
2025-05-13;Crema Perfecta;1.59
2025-05-13;Higado De Pollo;3.33
2025-05-13;Huesos Corriente;3.41
2025-05-13;Lomo de Cerdo;2.96
2025-05-13;Lomo de Res;1.21
2025-05-13;Medio Pollo;1.36
2025-05-13;Menudo;2.48
2025-05-13;Mortadela;3.27
2025-05-13;Muslo;1.37
2025-05-13;Muslo Especial;2.95
2025-05-13;Pechuga Con Ala;1.66
2025-05-13;Pechuga Especial;3.29
2025-05-13;Pierna Entera;2.32
2025-05-13;Pierna Especial;3.04
2025-05-13;Posta de Cerdo;1.28
2025-05-13;Posta de Corona;2.57
2025-05-13;Posta De Gallina;3.57
2025-05-13;Posta de Pierna;1.84
2025-05-13;Producto de Prueba;2.71
2025-05-13;Punta de Cacho;2.90
2025-05-13;Queso;2.60
2025-05-13;Salchicha;1.95
2025-05-13;Salchichon;2.93
2025-05-13;Sesina;1.95
2025-05-13;Titiles;1.91
2025-05-14;Centrolac leche entera 472 ml;2.77
2025-05-14;"Centrolac milk whole 1000 ml ";3.74
2025-05-14;Chincaca;3.39
2025-05-14;Chorizo Criollo;3.69
2025-05-14;Conito;2.96
2025-05-14;Costilla Alta;2.33
2025-05-14;Costilla de Cerdo;3.83
2025-05-14;Crema Perfecta;2.59
2025-05-14;Higado De Pollo;3.58
2025-05-14;Huesos Corriente;3.71
2025-05-14;Lomo de Cerdo;3.54
2025-05-14;Lomo de Res;3.47
2025-05-14;Medio Pollo;2.96
2025-05-14;Menudo;1.57
2025-05-14;Mortadela;3.67
2025-05-14;Muslo;1.75
2025-05-14;Muslo Especial;1.25
2025-05-14;Pechuga Con Ala;3.35
2025-05-14;Pechuga Especial;3.20
2025-05-14;Pierna Entera;3.77
2025-05-14;Pierna Especial;3.15
2025-05-14;Posta de Cerdo;2.51
2025-05-14;Posta de Corona;2.49
2025-05-14;Posta De Gallina;3.07
2025-05-14;Posta de Pierna;2.05
2025-05-14;Producto de Prueba;1.15
2025-05-14;Punta de Cacho;3.20
2025-05-14;Queso;3.73
2025-05-14;Salchicha;3.62
2025-05-14;Salchichon;2.16
2025-05-14;Sesina;3.41
2025-05-14;Titiles;3.93
2025-05-15;Centrolac leche entera 472 ml;3.36
2025-05-15;"Centrolac milk whole 1000 ml ";2.86
2025-05-15;Chincaca;1.75
2025-05-15;Chorizo Criollo;3.01
2025-05-15;Conito;2.91
2025-05-15;Costilla Alta;3.67
2025-05-15;Costilla de Cerdo;3.57
2025-05-15;Crema Perfecta;1.06
2025-05-15;Higado De Pollo;2.82
2025-05-15;Huesos Corriente;3.03
2025-05-15;Lomo de Cerdo;2.51
2025-05-15;Lomo de Res;1.96
2025-05-15;Medio Pollo;3.89
2025-05-15;Menudo;3.62
2025-05-15;Mortadela;3.82
2025-05-15;Muslo;1.39
2025-05-15;Muslo Especial;2.76
2025-05-15;Pechuga Con Ala;1.59
2025-05-15;Pechuga Especial;2.05
2025-05-15;Pierna Entera;2.41
2025-05-15;Pierna Especial;3.31
2025-05-15;Posta de Cerdo;1.97
2025-05-15;Posta de Corona;3.37
2025-05-15;Posta De Gallina;2.07
2025-05-15;Posta de Pierna;2.02
2025-05-15;Producto de Prueba;3.73
2025-05-15;Punta de Cacho;2.19
2025-05-15;Queso;2.72
2025-05-15;Salchicha;2.15
2025-05-15;Salchichon;1.75
2025-05-15;Sesina;3.73
2025-05-15;Titiles;2.68
2025-05-16;Centrolac leche entera 472 ml;1.16
2025-05-16;"Centrolac milk whole 1000 ml ";3.29
2025-05-16;Chincaca;3.90
2025-05-16;Chorizo Criollo;2.80
2025-05-16;Conito;1.49
2025-05-16;Costilla Alta;1.28
2025-05-16;Costilla de Cerdo;3.04
2025-05-16;Crema Perfecta;3.91
2025-05-16;Higado De Pollo;3.10
2025-05-16;Huesos Corriente;2.79
2025-05-16;Lomo de Cerdo;1.07
2025-05-16;Lomo de Res;2.60
2025-05-16;Medio Pollo;1.50
2025-05-16;Menudo;3.38
2025-05-16;Mortadela;2.27
2025-05-16;Muslo;1.72
2025-05-16;Muslo Especial;3.06
2025-05-16;Pechuga Con Ala;2.39
2025-05-16;Pechuga Especial;1.58
2025-05-16;Pierna Entera;2.21
2025-05-16;Pierna Especial;1.45
2025-05-16;Posta de Cerdo;2.16
2025-05-16;Posta de Corona;3.92
2025-05-16;Posta De Gallina;3.43
2025-05-16;Posta de Pierna;3.45
2025-05-16;Producto de Prueba;2.77
2025-05-16;Punta de Cacho;1.97
2025-05-16;Queso;2.43
2025-05-16;Salchicha;1.82
2025-05-16;Salchichon;3.65
2025-05-16;Sesina;3.17
2025-05-16;Titiles;2.17
2025-05-17;Centrolac leche entera 472 ml;2.85
2025-05-17;"Centrolac milk whole 1000 ml ";2.86
2025-05-17;Chincaca;1.20
2025-05-17;Chorizo Criollo;3.60
2025-05-17;Conito;1.32
2025-05-17;Costilla Alta;1.20
2025-05-17;Costilla de Cerdo;3.25
2025-05-17;Crema Perfecta;3.97
2025-05-17;Higado De Pollo;3.18
2025-05-17;Huesos Corriente;2.50
2025-05-17;Lomo de Cerdo;3.15
2025-05-17;Lomo de Res;3.66
2025-05-17;Medio Pollo;3.09
2025-05-17;Menudo;3.25
2025-05-17;Mortadela;1.69
2025-05-17;Muslo;1.81
2025-05-17;Muslo Especial;3.53
2025-05-17;Pechuga Con Ala;1.08
2025-05-17;Pechuga Especial;2.84
2025-05-17;Pierna Entera;3.13
2025-05-17;Pierna Especial;2.53
2025-05-17;Posta de Cerdo;2.48
2025-05-17;Posta de Corona;2.17
2025-05-17;Posta De Gallina;1.40
2025-05-17;Posta de Pierna;3.77
2025-05-17;Producto de Prueba;1.06
2025-05-17;Punta de Cacho;2.76
2025-05-17;Queso;1.27
2025-05-17;Salchicha;2.30
2025-05-17;Salchichon;1.87
2025-05-17;Sesina;3.24
2025-05-17;Titiles;2.00
2025-05-18;Centrolac leche entera 472 ml;1.78
2025-05-18;"Centrolac milk whole 1000 ml ";2.54
2025-05-18;Chincaca;2.66
2025-05-18;Chorizo Criollo;2.17
2025-05-18;Conito;2.26
2025-05-18;Costilla Alta;1.62
2025-05-18;Costilla de Cerdo;2.55
2025-05-18;Crema Perfecta;1.27
2025-05-18;Higado De Pollo;2.03
2025-05-18;Huesos Corriente;1.24
2025-05-18;Lomo de Cerdo;1.21
2025-05-18;Lomo de Res;2.98
2025-05-18;Medio Pollo;2.61
2025-05-18;Menudo;3.83
2025-05-18;Mortadela;1.88
2025-05-18;Muslo;2.68
2025-05-18;Muslo Especial;2.36
2025-05-18;Pechuga Con Ala;3.84
2025-05-18;Pechuga Especial;2.12
2025-05-18;Pierna Entera;2.39
2025-05-18;Pierna Especial;2.87
2025-05-18;Posta de Cerdo;3.21
2025-05-18;Posta de Corona;1.15
2025-05-18;Posta De Gallina;2.30
2025-05-18;Posta de Pierna;1.32
2025-05-18;Producto de Prueba;3.45
2025-05-18;Punta de Cacho;1.18
2025-05-18;Queso;2.54
2025-05-18;Salchicha;1.28
2025-05-18;Salchichon;1.49
2025-05-18;Sesina;3.96
2025-05-18;Titiles;1.97
2025-05-19;Centrolac leche entera 472 ml;2.01
2025-05-19;"Centrolac milk whole 1000 ml ";3.51
2025-05-19;Chincaca;1.59
2025-05-19;Chorizo Criollo;1.54
2025-05-19;Conito;1.24
2025-05-19;Costilla Alta;1.60
2025-05-19;Costilla de Cerdo;2.43
2025-05-19;Crema Perfecta;2.11
2025-05-19;Higado De Pollo;1.88
2025-05-19;Huesos Corriente;1.23
2025-05-19;Lomo de Cerdo;1.44
2025-05-19;Lomo de Res;1.83
2025-05-19;Medio Pollo;3.30
2025-05-19;Menudo;1.02
2025-05-19;Mortadela;1.59
2025-05-19;Muslo;1.85
2025-05-19;Muslo Especial;2.96
2025-05-19;Pechuga Con Ala;2.97
2025-05-19;Pechuga Especial;1.24
2025-05-19;Pierna Entera;1.50
2025-05-19;Pierna Especial;1.04
2025-05-19;Posta de Cerdo;1.83
2025-05-19;Posta de Corona;2.03
2025-05-19;Posta De Gallina;2.92
2025-05-19;Posta de Pierna;2.10
2025-05-19;Producto de Prueba;2.85
2025-05-19;Punta de Cacho;3.19
2025-05-19;Queso;3.34
2025-05-19;Salchicha;1.43
2025-05-19;Salchichon;2.04
2025-05-19;Sesina;3.23
2025-05-19;Titiles;1.23
2025-05-20;Centrolac leche entera 472 ml;3.04
2025-05-20;"Centrolac milk whole 1000 ml ";2.60
2025-05-20;Chincaca;1.80
2025-05-20;Chorizo Criollo;3.95
2025-05-20;Conito;2.15
2025-05-20;Costilla Alta;3.93
2025-05-20;Costilla de Cerdo;1.96
2025-05-20;Crema Perfecta;3.30
2025-05-20;Higado De Pollo;3.12
2025-05-20;Huesos Corriente;1.64
2025-05-20;Lomo de Cerdo;1.23
2025-05-20;Lomo de Res;3.22
2025-05-20;Medio Pollo;1.98
2025-05-20;Menudo;2.67
2025-05-20;Mortadela;2.05
2025-05-20;Muslo;1.39
2025-05-20;Muslo Especial;3.77
2025-05-20;Pechuga Con Ala;1.48
2025-05-20;Pechuga Especial;2.96
2025-05-20;Pierna Entera;3.19
2025-05-20;Pierna Especial;1.25
2025-05-20;Posta de Cerdo;1.89
2025-05-20;Posta de Corona;2.48
2025-05-20;Posta De Gallina;3.67
2025-05-20;Posta de Pierna;2.34
2025-05-20;Producto de Prueba;3.13
2025-05-20;Punta de Cacho;1.12
2025-05-20;Queso;2.71
2025-05-20;Salchicha;1.76
2025-05-20;Salchichon;1.70
2025-05-20;Sesina;3.63
2025-05-20;Titiles;3.51
2025-05-21;Centrolac leche entera 472 ml;1.25
2025-05-21;"Centrolac milk whole 1000 ml ";1.32
2025-05-21;Chincaca;1.02
2025-05-21;Chorizo Criollo;2.05
2025-05-21;Conito;1.35
2025-05-21;Costilla Alta;3.96
2025-05-21;Costilla de Cerdo;2.49
2025-05-21;Crema Perfecta;3.88
2025-05-21;Higado De Pollo;1.73
2025-05-21;Huesos Corriente;3.07
2025-05-21;Lomo de Cerdo;3.97
2025-05-21;Lomo de Res;1.28
2025-05-21;Medio Pollo;1.63
2025-05-21;Menudo;1.84
2025-05-21;Mortadela;2.86
2025-05-21;Muslo;3.00
2025-05-21;Muslo Especial;3.98
2025-05-21;Pechuga Con Ala;1.28
2025-05-21;Pechuga Especial;2.17
2025-05-21;Pierna Entera;1.05
2025-05-21;Pierna Especial;2.50
2025-05-21;Posta de Cerdo;3.88
2025-05-21;Posta de Corona;1.94
2025-05-21;Posta De Gallina;2.98
2025-05-21;Posta de Pierna;1.63
2025-05-21;Producto de Prueba;2.76
2025-05-21;Punta de Cacho;1.80
2025-05-21;Queso;2.52
2025-05-21;Salchicha;2.83
2025-05-21;Salchichon;1.40
2025-05-21;Sesina;1.19
2025-05-21;Titiles;1.91
2025-05-22;Centrolac leche entera 472 ml;1.83
2025-05-22;"Centrolac milk whole 1000 ml ";2.50
2025-05-22;Chincaca;1.56
2025-05-22;Chorizo Criollo;3.95
2025-05-22;Conito;1.65
2025-05-22;Costilla Alta;1.85
2025-05-22;Costilla de Cerdo;2.90
2025-05-22;Crema Perfecta;1.20
2025-05-22;Higado De Pollo;3.62
2025-05-22;Huesos Corriente;1.45
2025-05-22;Lomo de Cerdo;2.75
2025-05-22;Lomo de Res;1.34
2025-05-22;Medio Pollo;3.58
2025-05-22;Menudo;2.18
2025-05-22;Mortadela;2.78
2025-05-22;Muslo;2.25
2025-05-22;Muslo Especial;2.89
2025-05-22;Pechuga Con Ala;2.24
2025-05-22;Pechuga Especial;1.59
2025-05-22;Pierna Entera;1.07
2025-05-22;Pierna Especial;2.33
2025-05-22;Posta de Cerdo;2.50
2025-05-22;Posta de Corona;1.57
2025-05-22;Posta De Gallina;1.01
2025-05-22;Posta de Pierna;1.60
2025-05-22;Producto de Prueba;2.14
2025-05-22;Punta de Cacho;2.11
2025-05-22;Queso;3.12
2025-05-22;Salchicha;1.17
2025-05-22;Salchichon;3.74
2025-05-22;Sesina;1.57
2025-05-22;Titiles;3.65
2025-05-23;Centrolac leche entera 472 ml;3.15
2025-05-23;"Centrolac milk whole 1000 ml ";1.23
2025-05-23;Chincaca;1.60
2025-05-23;Chorizo Criollo;3.98
2025-05-23;Conito;1.20
2025-05-23;Costilla Alta;3.55
2025-05-23;Costilla de Cerdo;2.86
2025-05-23;Crema Perfecta;2.24
2025-05-23;Higado De Pollo;1.92
2025-05-23;Huesos Corriente;1.55
2025-05-23;Lomo de Cerdo;2.06
2025-05-23;Lomo de Res;2.26
2025-05-23;Medio Pollo;3.13
2025-05-23;Menudo;1.16
2025-05-23;Mortadela;3.16
2025-05-23;Muslo;2.27
2025-05-23;Muslo Especial;1.95
2025-05-23;Pechuga Con Ala;1.80
2025-05-23;Pechuga Especial;3.71
2025-05-23;Pierna Entera;1.75
2025-05-23;Pierna Especial;1.61
2025-05-23;Posta de Cerdo;2.73
2025-05-23;Posta de Corona;2.97
2025-05-23;Posta De Gallina;1.96
2025-05-23;Posta de Pierna;1.01
2025-05-23;Producto de Prueba;1.61
2025-05-23;Punta de Cacho;1.74
2025-05-23;Queso;3.76
2025-05-23;Salchicha;2.54
2025-05-23;Salchichon;3.67
2025-05-23;Sesina;3.76
2025-05-23;Titiles;3.35
2025-05-24;Centrolac leche entera 472 ml;1.24
2025-05-24;"Centrolac milk whole 1000 ml ";3.45
2025-05-24;Chincaca;2.09
2025-05-24;Chorizo Criollo;1.32
2025-05-24;Conito;3.55
2025-05-24;Costilla Alta;1.42
2025-05-24;Costilla de Cerdo;3.09
2025-05-24;Crema Perfecta;3.60
2025-05-24;Higado De Pollo;3.18
2025-05-24;Huesos Corriente;3.19
2025-05-24;Lomo de Cerdo;3.38
2025-05-24;Lomo de Res;1.36
2025-05-24;Medio Pollo;3.87
2025-05-24;Menudo;1.07
2025-05-24;Mortadela;2.78
2025-05-24;Muslo;3.77
2025-05-24;Muslo Especial;1.57
2025-05-24;Pechuga Con Ala;3.34
2025-05-24;Pechuga Especial;3.05
2025-05-24;Pierna Entera;2.72
2025-05-24;Pierna Especial;2.14
2025-05-24;Posta de Cerdo;1.45
2025-05-24;Posta de Corona;2.78
2025-05-24;Posta De Gallina;3.40
2025-05-24;Posta de Pierna;3.91
2025-05-24;Producto de Prueba;3.38
2025-05-24;Punta de Cacho;2.27
2025-05-24;Queso;3.88
2025-05-24;Salchicha;1.66
2025-05-24;Salchichon;3.95
2025-05-24;Sesina;1.56
2025-05-24;Titiles;3.94
2025-05-25;Centrolac leche entera 472 ml;2.26
2025-05-25;"Centrolac milk whole 1000 ml ";2.66
2025-05-25;Chincaca;3.21
2025-05-25;Chorizo Criollo;1.11
2025-05-25;Conito;3.06
2025-05-25;Costilla Alta;1.25
2025-05-25;Costilla de Cerdo;1.91
2025-05-25;Crema Perfecta;2.85
2025-05-25;Higado De Pollo;3.35
2025-05-25;Huesos Corriente;1.32
2025-05-25;Lomo de Cerdo;1.72
2025-05-25;Lomo de Res;1.31
2025-05-25;Medio Pollo;3.04
2025-05-25;Menudo;2.42
2025-05-25;Mortadela;3.39
2025-05-25;Muslo;2.22
2025-05-25;Muslo Especial;1.11
2025-05-25;Pechuga Con Ala;1.55
2025-05-25;Pechuga Especial;3.11
2025-05-25;Pierna Entera;1.39
2025-05-25;Pierna Especial;3.44
2025-05-25;Posta de Cerdo;1.55
2025-05-25;Posta de Corona;3.17
2025-05-25;Posta De Gallina;1.87
2025-05-25;Posta de Pierna;2.10
2025-05-25;Producto de Prueba;3.49
2025-05-25;Punta de Cacho;1.09
2025-05-25;Queso;3.42
2025-05-25;Salchicha;3.66
2025-05-25;Salchichon;2.88
2025-05-25;Sesina;1.54
2025-05-25;Titiles;2.88
2025-05-26;Centrolac leche entera 472 ml;3.35
2025-05-26;"Centrolac milk whole 1000 ml ";3.34
2025-05-26;Chincaca;1.01
2025-05-26;Chorizo Criollo;2.84
2025-05-26;Conito;3.63
2025-05-26;Costilla Alta;1.16
2025-05-26;Costilla de Cerdo;1.30
2025-05-26;Crema Perfecta;1.63
2025-05-26;Higado De Pollo;1.29
2025-05-26;Huesos Corriente;2.67
2025-05-26;Lomo de Cerdo;3.92
2025-05-26;Lomo de Res;3.92
2025-05-26;Medio Pollo;3.08
2025-05-26;Menudo;2.30
2025-05-26;Mortadela;2.68
2025-05-26;Muslo;1.95
2025-05-26;Muslo Especial;1.99
2025-05-26;Pechuga Con Ala;3.52
2025-05-26;Pechuga Especial;2.56
2025-05-26;Pierna Entera;3.05
2025-05-26;Pierna Especial;1.33
2025-05-26;Posta de Cerdo;3.65
2025-05-26;Posta de Corona;2.75
2025-05-26;Posta De Gallina;3.05
2025-05-26;Posta de Pierna;2.01
2025-05-26;Producto de Prueba;2.72
2025-05-26;Punta de Cacho;3.50
2025-05-26;Queso;1.68
2025-05-26;Salchicha;3.17
2025-05-26;Salchichon;2.05
2025-05-26;Sesina;1.28
2025-05-26;Titiles;3.11
2025-05-27;Centrolac leche entera 472 ml;2.91
2025-05-27;"Centrolac milk whole 1000 ml ";1.98
2025-05-27;Chincaca;3.51
2025-05-27;Chorizo Criollo;3.44
2025-05-27;Conito;1.28
2025-05-27;Costilla Alta;2.30
2025-05-27;Costilla de Cerdo;2.57
2025-05-27;Crema Perfecta;3.49
2025-05-27;Higado De Pollo;3.64
2025-05-27;Huesos Corriente;1.12
2025-05-27;Lomo de Cerdo;3.39
2025-05-27;Lomo de Res;3.76
2025-05-27;Medio Pollo;1.32
2025-05-27;Menudo;3.00
2025-05-27;Mortadela;2.77
2025-05-27;Muslo;1.39
2025-05-27;Muslo Especial;1.40
2025-05-27;Pechuga Con Ala;3.95
2025-05-27;Pechuga Especial;1.78
2025-05-27;Pierna Entera;2.35
2025-05-27;Pierna Especial;2.41
2025-05-27;Posta de Cerdo;2.44
2025-05-27;Posta de Corona;2.52
2025-05-27;Posta De Gallina;3.26
2025-05-27;Posta de Pierna;3.44
2025-05-27;Producto de Prueba;3.29
2025-05-27;Punta de Cacho;1.64
2025-05-27;Queso;1.75
2025-05-27;Salchicha;1.12
2025-05-27;Salchichon;3.21
2025-05-27;Sesina;1.27
2025-05-27;Titiles;1.33
2025-05-28;Centrolac leche entera 472 ml;1.16
2025-05-28;"Centrolac milk whole 1000 ml ";3.14
2025-05-28;Chincaca;2.74
2025-05-28;Chorizo Criollo;1.12
2025-05-28;Conito;1.87
2025-05-28;Costilla Alta;2.85
2025-05-28;Costilla de Cerdo;2.82
2025-05-28;Crema Perfecta;3.92
2025-05-28;Higado De Pollo;3.67
2025-05-28;Huesos Corriente;2.33
2025-05-28;Lomo de Cerdo;3.38
2025-05-28;Lomo de Res;2.21
2025-05-28;Medio Pollo;1.28
2025-05-28;Menudo;3.07
2025-05-28;Mortadela;1.73
2025-05-28;Muslo;1.13
2025-05-28;Muslo Especial;1.05
2025-05-28;Pechuga Con Ala;3.50
2025-05-28;Pechuga Especial;1.87
2025-05-28;Pierna Entera;1.36
2025-05-28;Pierna Especial;3.32
2025-05-28;Posta de Cerdo;4.00
2025-05-28;Posta de Corona;1.77
2025-05-28;Posta De Gallina;3.44
2025-05-28;Posta de Pierna;1.20
2025-05-28;Producto de Prueba;2.37
2025-05-28;Punta de Cacho;1.77
2025-05-28;Queso;1.99
2025-05-28;Salchicha;3.14
2025-05-28;Salchichon;3.41
2025-05-28;Sesina;1.62
2025-05-28;Titiles;2.84
2025-05-29;Centrolac leche entera 472 ml;3.11
2025-05-29;"Centrolac milk whole 1000 ml ";3.30
2025-05-29;Chincaca;1.38
2025-05-29;Chorizo Criollo;3.60
2025-05-29;Conito;3.26
2025-05-29;Costilla Alta;3.09
2025-05-29;Costilla de Cerdo;3.94
2025-05-29;Crema Perfecta;1.46
2025-05-29;Higado De Pollo;1.71
2025-05-29;Huesos Corriente;3.30
2025-05-29;Lomo de Cerdo;1.48
2025-05-29;Lomo de Res;1.82
2025-05-29;Medio Pollo;3.66
2025-05-29;Menudo;2.04
2025-05-29;Mortadela;3.01
2025-05-29;Muslo;1.45
2025-05-29;Muslo Especial;1.59
2025-05-29;Pechuga Con Ala;3.28
2025-05-29;Pechuga Especial;2.04
2025-05-29;Pierna Entera;3.52
2025-05-29;Pierna Especial;3.27
2025-05-29;Posta de Cerdo;2.46
2025-05-29;Posta de Corona;2.22
2025-05-29;Posta De Gallina;2.14
2025-05-29;Posta de Pierna;3.45
2025-05-29;Producto de Prueba;1.36
2025-05-29;Punta de Cacho;1.77
2025-05-29;Queso;1.85
2025-05-29;Salchicha;3.34
2025-05-29;Salchichon;3.27
2025-05-29;Sesina;2.91
2025-05-29;Titiles;1.81
2025-05-30;Centrolac leche entera 472 ml;1.61
2025-05-30;"Centrolac milk whole 1000 ml ";3.87
2025-05-30;Chincaca;2.81
2025-05-30;Chorizo Criollo;1.99
2025-05-30;Conito;3.50
2025-05-30;Costilla Alta;3.29
2025-05-30;Costilla de Cerdo;3.73
2025-05-30;Crema Perfecta;2.24
2025-05-30;Higado De Pollo;2.37
2025-05-30;Huesos Corriente;1.81
2025-05-30;Lomo de Cerdo;3.22
2025-05-30;Lomo de Res;1.84
2025-05-30;Medio Pollo;1.36
2025-05-30;Menudo;2.32
2025-05-30;Mortadela;2.00
2025-05-30;Muslo;2.87
2025-05-30;Muslo Especial;3.10
2025-05-30;Pechuga Con Ala;3.04
2025-05-30;Pechuga Especial;1.58
2025-05-30;Pierna Entera;2.79
2025-05-30;Pierna Especial;2.46
2025-05-30;Posta de Cerdo;3.78
2025-05-30;Posta de Corona;3.02
2025-05-30;Posta De Gallina;2.22
2025-05-30;Posta de Pierna;1.75
2025-05-30;Producto de Prueba;2.96
2025-05-30;Punta de Cacho;1.77
2025-05-30;Queso;2.95
2025-05-30;Salchicha;3.71
2025-05-30;Salchichon;2.70
2025-05-30;Sesina;2.89
2025-05-30;Titiles;2.88
2025-05-31;Centrolac leche entera 472 ml;1.58
2025-05-31;"Centrolac milk whole 1000 ml ";2.57
2025-05-31;Chincaca;2.91
2025-05-31;Chorizo Criollo;1.22
2025-05-31;Conito;1.54
2025-05-31;Costilla Alta;2.25
2025-05-31;Costilla de Cerdo;3.87
2025-05-31;Crema Perfecta;3.31
2025-05-31;Higado De Pollo;2.00
2025-05-31;Huesos Corriente;2.73
2025-05-31;Lomo de Cerdo;2.76
2025-05-31;Lomo de Res;3.37
2025-05-31;Medio Pollo;3.56
2025-05-31;Menudo;1.13
2025-05-31;Mortadela;1.19
2025-05-31;Muslo;2.82
2025-05-31;Muslo Especial;2.50
2025-05-31;Pechuga Con Ala;2.90
2025-05-31;Pechuga Especial;3.41
2025-05-31;Pierna Entera;3.71
2025-05-31;Pierna Especial;3.10
2025-05-31;Posta de Cerdo;3.50
2025-05-31;Posta de Corona;3.98
2025-05-31;Posta De Gallina;2.81
2025-05-31;Posta de Pierna;2.67
2025-05-31;Producto de Prueba;1.84
2025-05-31;Punta de Cacho;3.87
2025-05-31;Queso;3.92
2025-05-31;Salchicha;3.45
2025-05-31;Salchichon;1.46
2025-05-31;Sesina;1.91
2025-05-31;Titiles;1.05
2025-06-01;Centrolac leche entera 472 ml;2.21
2025-06-01;"Centrolac milk whole 1000 ml ";1.65
2025-06-01;Chincaca;2.54
2025-06-01;Chorizo Criollo;3.38
2025-06-01;Conito;3.04
2025-06-01;Costilla Alta;2.17
2025-06-01;Costilla de Cerdo;2.64
2025-06-01;Crema Perfecta;3.20
2025-06-01;Higado De Pollo;1.35
2025-06-01;Huesos Corriente;3.38
2025-06-01;Lomo de Cerdo;3.42
2025-06-01;Lomo de Res;3.93
2025-06-01;Medio Pollo;3.61
2025-06-01;Menudo;3.54
2025-06-01;Mortadela;3.96
2025-06-01;Muslo;1.05
2025-06-01;Muslo Especial;2.38
2025-06-01;Pechuga Con Ala;2.85
2025-06-01;Pechuga Especial;1.44
2025-06-01;Pierna Entera;1.75
2025-06-01;Pierna Especial;2.00
2025-06-01;Posta de Cerdo;2.72
2025-06-01;Posta de Corona;3.42
2025-06-01;Posta De Gallina;1.38
2025-06-01;Posta de Pierna;2.43
2025-06-01;Producto de Prueba;1.37
2025-06-01;Punta de Cacho;3.21
2025-06-01;Queso;1.14
2025-06-01;Salchicha;3.25
2025-06-01;Salchichon;1.51
2025-06-01;Sesina;3.47
2025-06-01;Titiles;2.36
2025-06-02;Centrolac leche entera 472 ml;1.75
2025-06-02;"Centrolac milk whole 1000 ml ";2.90
2025-06-02;Chincaca;2.21
2025-06-02;Chorizo Criollo;2.62
2025-06-02;Conito;1.76
2025-06-02;Costilla Alta;2.78
2025-06-02;Costilla de Cerdo;3.82
2025-06-02;Crema Perfecta;3.40
2025-06-02;Higado De Pollo;3.63
2025-06-02;Huesos Corriente;3.59
2025-06-02;Lomo de Cerdo;1.13
2025-06-02;Lomo de Res;2.32
2025-06-02;Medio Pollo;2.00
2025-06-02;Menudo;3.23
2025-06-02;Mortadela;2.99
2025-06-02;Muslo;1.92
2025-06-02;Muslo Especial;1.79
2025-06-02;Pechuga Con Ala;3.46
2025-06-02;Pechuga Especial;3.65
2025-06-02;Pierna Entera;3.17
2025-06-02;Pierna Especial;2.82
2025-06-02;Posta de Cerdo;3.06
2025-06-02;Posta de Corona;1.77
2025-06-02;Posta De Gallina;2.94
2025-06-02;Posta de Pierna;1.85
2025-06-02;Producto de Prueba;1.32
2025-06-02;Punta de Cacho;2.34
2025-06-02;Queso;1.43
2025-06-02;Salchicha;1.23
2025-06-02;Salchichon;1.43
2025-06-02;Sesina;2.35
2025-06-02;Titiles;1.36
2025-06-03;Centrolac leche entera 472 ml;3.97
2025-06-03;"Centrolac milk whole 1000 ml ";2.93
2025-06-03;Chincaca;1.16
2025-06-03;Chorizo Criollo;3.13
2025-06-03;Conito;3.41
2025-06-03;Costilla Alta;1.64
2025-06-03;Costilla de Cerdo;3.20
2025-06-03;Crema Perfecta;2.10
2025-06-03;Higado De Pollo;2.11
2025-06-03;Huesos Corriente;1.82
2025-06-03;Lomo de Cerdo;1.68
2025-06-03;Lomo de Res;1.97
2025-06-03;Medio Pollo;3.43
2025-06-03;Menudo;1.78
2025-06-03;Mortadela;3.38
2025-06-03;Muslo;1.14
2025-06-03;Muslo Especial;3.68
2025-06-03;Pechuga Con Ala;1.80
2025-06-03;Pechuga Especial;2.50
2025-06-03;Pierna Entera;1.98
2025-06-03;Pierna Especial;2.28
2025-06-03;Posta de Cerdo;3.02
2025-06-03;Posta de Corona;2.95
2025-06-03;Posta De Gallina;1.73
2025-06-03;Posta de Pierna;3.15
2025-06-03;Producto de Prueba;3.28
2025-06-03;Punta de Cacho;2.10
2025-06-03;Queso;2.76
2025-06-03;Salchicha;3.91
2025-06-03;Salchichon;1.75
2025-06-03;Sesina;3.68
2025-06-03;Titiles;2.18
2025-06-04;Centrolac leche entera 472 ml;2.02
2025-06-04;"Centrolac milk whole 1000 ml ";2.89
2025-06-04;Chincaca;2.92
2025-06-04;Chorizo Criollo;3.79
2025-06-04;Conito;1.66
2025-06-04;Costilla Alta;3.78
2025-06-04;Costilla de Cerdo;3.89
2025-06-04;Crema Perfecta;3.87
2025-06-04;Higado De Pollo;2.49
2025-06-04;Huesos Corriente;1.60
2025-06-04;Lomo de Cerdo;2.32
2025-06-04;Lomo de Res;1.49
2025-06-04;Medio Pollo;1.66
2025-06-04;Menudo;3.27
2025-06-04;Mortadela;2.58
2025-06-04;Muslo;1.34
2025-06-04;Muslo Especial;1.00
2025-06-04;Pechuga Con Ala;1.78
2025-06-04;Pechuga Especial;2.48
2025-06-04;Pierna Entera;3.70
2025-06-04;Pierna Especial;2.12
2025-06-04;Posta de Cerdo;2.14
2025-06-04;Posta de Corona;1.60
2025-06-04;Posta De Gallina;1.27
2025-06-04;Posta de Pierna;1.53
2025-06-04;Producto de Prueba;2.99
2025-06-04;Punta de Cacho;2.13
2025-06-04;Queso;2.00
2025-06-04;Salchicha;1.79
2025-06-04;Salchichon;2.04
2025-06-04;Sesina;2.98
2025-06-04;Titiles;2.74
2025-06-05;Centrolac leche entera 472 ml;1.23
2025-06-05;"Centrolac milk whole 1000 ml ";3.92
2025-06-05;Chincaca;2.91
2025-06-05;Chorizo Criollo;3.10
2025-06-05;Conito;3.49
2025-06-05;Costilla Alta;2.12
2025-06-05;Costilla de Cerdo;2.29
2025-06-05;Crema Perfecta;3.80
2025-06-05;Higado De Pollo;2.22
2025-06-05;Huesos Corriente;1.69
2025-06-05;Lomo de Cerdo;2.92
2025-06-05;Lomo de Res;2.83
2025-06-05;Medio Pollo;2.74
2025-06-05;Menudo;3.37
2025-06-05;Mortadela;1.20
2025-06-05;Muslo;2.38
2025-06-05;Muslo Especial;2.84
2025-06-05;Pechuga Con Ala;1.64
2025-06-05;Pechuga Especial;2.94
2025-06-05;Pierna Entera;1.66
2025-06-05;Pierna Especial;2.48
2025-06-05;Posta de Cerdo;2.43
2025-06-05;Posta de Corona;1.78
2025-06-05;Posta De Gallina;3.55
2025-06-05;Posta de Pierna;3.43
2025-06-05;Producto de Prueba;2.15
2025-06-05;Punta de Cacho;2.38
2025-06-05;Queso;2.67
2025-06-05;Salchicha;2.41
2025-06-05;Salchichon;1.98
2025-06-05;Sesina;1.36
2025-06-05;Titiles;2.98
2025-06-06;Centrolac leche entera 472 ml;3.24
2025-06-06;"Centrolac milk whole 1000 ml ";1.43
2025-06-06;Chincaca;2.34
2025-06-06;Chorizo Criollo;1.17
2025-06-06;Conito;2.82
2025-06-06;Costilla Alta;1.34
2025-06-06;Costilla de Cerdo;1.10
2025-06-06;Crema Perfecta;2.27
2025-06-06;Higado De Pollo;3.45
2025-06-06;Huesos Corriente;1.64
2025-06-06;Lomo de Cerdo;3.61
2025-06-06;Lomo de Res;2.78
2025-06-06;Medio Pollo;1.60
2025-06-06;Menudo;2.78
2025-06-06;Mortadela;2.60
2025-06-06;Muslo;1.42
2025-06-06;Muslo Especial;2.31
2025-06-06;Pechuga Con Ala;3.23
2025-06-06;Pechuga Especial;3.77
2025-06-06;Pierna Entera;2.48
2025-06-06;Pierna Especial;3.44
2025-06-06;Posta de Cerdo;3.48
2025-06-06;Posta de Corona;1.18
2025-06-06;Posta De Gallina;2.76
2025-06-06;Posta de Pierna;2.72
2025-06-06;Producto de Prueba;3.93
2025-06-06;Punta de Cacho;2.17
2025-06-06;Queso;1.51
2025-06-06;Salchicha;3.23
2025-06-06;Salchichon;2.09
2025-06-06;Sesina;2.79
2025-06-06;Titiles;2.52
2025-06-07;Centrolac leche entera 472 ml;2.46
2025-06-07;"Centrolac milk whole 1000 ml ";1.33
2025-06-07;Chincaca;2.81
2025-06-07;Chorizo Criollo;2.19
2025-06-07;Conito;1.29
2025-06-07;Costilla Alta;2.98
2025-06-07;Costilla de Cerdo;1.67
2025-06-07;Crema Perfecta;2.22
2025-06-07;Higado De Pollo;3.04
2025-06-07;Huesos Corriente;1.35
2025-06-07;Lomo de Cerdo;2.28
2025-06-07;Lomo de Res;2.44
2025-06-07;Medio Pollo;3.56
2025-06-07;Menudo;2.65
2025-06-07;Mortadela;1.69
2025-06-07;Muslo;3.91
2025-06-07;Muslo Especial;3.90
2025-06-07;Pechuga Con Ala;3.10
2025-06-07;Pechuga Especial;3.88
2025-06-07;Pierna Entera;1.01
2025-06-07;Pierna Especial;2.52
2025-06-07;Posta de Cerdo;2.86
2025-06-07;Posta de Corona;3.94
2025-06-07;Posta De Gallina;3.63
2025-06-07;Posta de Pierna;2.93
2025-06-07;Producto de Prueba;1.79
2025-06-07;Punta de Cacho;2.66
2025-06-07;Queso;2.19
2025-06-07;Salchicha;2.93
2025-06-07;Salchichon;1.77
2025-06-07;Sesina;3.59
2025-06-07;Titiles;1.83
2025-06-08;Centrolac leche entera 472 ml;1.47
2025-06-08;"Centrolac milk whole 1000 ml ";2.95
2025-06-08;Chincaca;3.51
2025-06-08;Chorizo Criollo;1.94
2025-06-08;Conito;2.25
2025-06-08;Costilla Alta;2.79
2025-06-08;Costilla de Cerdo;2.46
2025-06-08;Crema Perfecta;3.96
2025-06-08;Higado De Pollo;3.16
2025-06-08;Huesos Corriente;1.15
2025-06-08;Lomo de Cerdo;2.32
2025-06-08;Lomo de Res;3.17
2025-06-08;Medio Pollo;2.88
2025-06-08;Menudo;1.76
2025-06-08;Mortadela;2.97
2025-06-08;Muslo;3.47
2025-06-08;Muslo Especial;1.91
2025-06-08;Pechuga Con Ala;3.60
2025-06-08;Pechuga Especial;1.56
2025-06-08;Pierna Entera;1.50
2025-06-08;Pierna Especial;2.68
2025-06-08;Posta de Cerdo;3.29
2025-06-08;Posta de Corona;2.22
2025-06-08;Posta De Gallina;3.76
2025-06-08;Posta de Pierna;3.35
2025-06-08;Producto de Prueba;2.44
2025-06-08;Punta de Cacho;2.06
2025-06-08;Queso;3.55
2025-06-08;Salchicha;1.80
2025-06-08;Salchichon;3.39
2025-06-08;Sesina;3.52
2025-06-08;Titiles;2.61
2025-06-09;Centrolac leche entera 472 ml;1.01
2025-06-09;"Centrolac milk whole 1000 ml ";3.66
2025-06-09;Chincaca;3.96
2025-06-09;Chorizo Criollo;1.77
2025-06-09;Conito;3.81
2025-06-09;Costilla Alta;3.57
2025-06-09;Costilla de Cerdo;1.83
2025-06-09;Crema Perfecta;3.95
2025-06-09;Higado De Pollo;3.51
2025-06-09;Huesos Corriente;3.70
2025-06-09;Lomo de Cerdo;2.52
2025-06-09;Lomo de Res;3.65
2025-06-09;Medio Pollo;1.24
2025-06-09;Menudo;1.17
2025-06-09;Mortadela;2.57
2025-06-09;Muslo;2.75
2025-06-09;Muslo Especial;1.27
2025-06-09;Pechuga Con Ala;2.87
2025-06-09;Pechuga Especial;3.54
2025-06-09;Pierna Entera;2.31
2025-06-09;Pierna Especial;1.87
2025-06-09;Posta de Cerdo;2.83
2025-06-09;Posta de Corona;2.49
2025-06-09;Posta De Gallina;2.00
2025-06-09;Posta de Pierna;2.49
2025-06-09;Producto de Prueba;1.21
2025-06-09;Punta de Cacho;3.88
2025-06-09;Queso;2.82
2025-06-09;Salchicha;3.81
2025-06-09;Salchichon;3.01
2025-06-09;Sesina;3.52
2025-06-09;Titiles;1.70
2025-06-10;Centrolac leche entera 472 ml;2.92
2025-06-10;"Centrolac milk whole 1000 ml ";3.56
2025-06-10;Chincaca;1.65
2025-06-10;Chorizo Criollo;3.63
2025-06-10;Conito;2.69
2025-06-10;Costilla Alta;1.98
2025-06-10;Costilla de Cerdo;3.24
2025-06-10;Crema Perfecta;1.37
2025-06-10;Higado De Pollo;1.50
2025-06-10;Huesos Corriente;1.12
2025-06-10;Lomo de Cerdo;2.06
2025-06-10;Lomo de Res;1.34
2025-06-10;Medio Pollo;3.88
2025-06-10;Menudo;1.77
2025-06-10;Mortadela;3.20
2025-06-10;Muslo;2.78
2025-06-10;Muslo Especial;1.19
2025-06-10;Pechuga Con Ala;2.24
2025-06-10;Pechuga Especial;3.78
2025-06-10;Pierna Entera;3.21
2025-06-10;Pierna Especial;2.23
2025-06-10;Posta de Cerdo;1.51
2025-06-10;Posta de Corona;3.48
2025-06-10;Posta De Gallina;3.26
2025-06-10;Posta de Pierna;1.70
2025-06-10;Producto de Prueba;2.69
2025-06-10;Punta de Cacho;1.64
2025-06-10;Queso;1.68
2025-06-10;Salchicha;3.21
2025-06-10;Salchichon;3.12
2025-06-10;Sesina;2.89
2025-06-10;Titiles;1.22
2025-06-11;Centrolac leche entera 472 ml;2.10
2025-06-11;"Centrolac milk whole 1000 ml ";1.82
2025-06-11;Chincaca;2.55
2025-06-11;Chorizo Criollo;2.04
2025-06-11;Conito;3.24
2025-06-11;Costilla Alta;2.68
2025-06-11;Costilla de Cerdo;1.67
2025-06-11;Crema Perfecta;2.18
2025-06-11;Higado De Pollo;2.88
2025-06-11;Huesos Corriente;3.23
2025-06-11;Lomo de Cerdo;1.32
2025-06-11;Lomo de Res;3.93
2025-06-11;Medio Pollo;3.07
2025-06-11;Menudo;2.06
2025-06-11;Mortadela;3.74
2025-06-11;Muslo;2.63
2025-06-11;Muslo Especial;3.19
2025-06-11;Pechuga Con Ala;1.69
2025-06-11;Pechuga Especial;3.52
2025-06-11;Pierna Entera;3.40
2025-06-11;Pierna Especial;2.31
2025-06-11;Posta de Cerdo;1.42
2025-06-11;Posta de Corona;3.98
2025-06-11;Posta De Gallina;2.96
2025-06-11;Posta de Pierna;2.47
2025-06-11;Producto de Prueba;2.94
2025-06-11;Punta de Cacho;1.04
2025-06-11;Queso;2.22
2025-06-11;Salchicha;2.65
2025-06-11;Salchichon;2.67
2025-06-11;Sesina;2.03
2025-06-11;Titiles;2.05
2025-06-12;Centrolac leche entera 472 ml;3.58
2025-06-12;"Centrolac milk whole 1000 ml ";1.21
2025-06-12;Chincaca;1.91
2025-06-12;Chorizo Criollo;2.86
2025-06-12;Conito;2.26
2025-06-12;Costilla Alta;2.89
2025-06-12;Costilla de Cerdo;1.18
2025-06-12;Crema Perfecta;3.73
2025-06-12;Higado De Pollo;3.86
2025-06-12;Huesos Corriente;3.34
2025-06-12;Lomo de Cerdo;2.34
2025-06-12;Lomo de Res;1.26
2025-06-12;Medio Pollo;1.38
2025-06-12;Menudo;1.06
2025-06-12;Mortadela;3.65
2025-06-12;Muslo;3.98
2025-06-12;Muslo Especial;1.76
2025-06-12;Pechuga Con Ala;1.36
2025-06-12;Pechuga Especial;2.90
2025-06-12;Pierna Entera;2.28
2025-06-12;Pierna Especial;2.38
2025-06-12;Posta de Cerdo;1.62
2025-06-12;Posta de Corona;3.31
2025-06-12;Posta De Gallina;1.76
2025-06-12;Posta de Pierna;2.28
2025-06-12;Producto de Prueba;3.90
2025-06-12;Punta de Cacho;2.02
2025-06-12;Queso;1.31
2025-06-12;Salchicha;1.33
2025-06-12;Salchichon;3.68
2025-06-12;Sesina;3.87
2025-06-12;Titiles;3.62
2025-06-13;Centrolac leche entera 472 ml;3.00
2025-06-13;"Centrolac milk whole 1000 ml ";1.36
2025-06-13;Chincaca;3.39
2025-06-13;Chorizo Criollo;2.19
2025-06-13;Conito;2.39
2025-06-13;Costilla Alta;1.06
2025-06-13;Costilla de Cerdo;2.89
2025-06-13;Crema Perfecta;2.47
2025-06-13;Higado De Pollo;1.08
2025-06-13;Huesos Corriente;3.03
2025-06-13;Lomo de Cerdo;3.57
2025-06-13;Lomo de Res;2.73
2025-06-13;Medio Pollo;3.85
2025-06-13;Menudo;1.98
2025-06-13;Mortadela;2.41
2025-06-13;Muslo;3.50
2025-06-13;Muslo Especial;2.91
2025-06-13;Pechuga Con Ala;2.67
2025-06-13;Pechuga Especial;3.58
2025-06-13;Pierna Entera;2.85
2025-06-13;Pierna Especial;2.37
2025-06-13;Posta de Cerdo;1.61
2025-06-13;Posta de Corona;2.77
2025-06-13;Posta De Gallina;1.73
2025-06-13;Posta de Pierna;2.43
2025-06-13;Producto de Prueba;2.30
2025-06-13;Punta de Cacho;1.09
2025-06-13;Queso;2.36
2025-06-13;Salchicha;3.89
2025-06-13;Salchichon;2.28
2025-06-13;Sesina;1.37
2025-06-13;Titiles;1.70
2025-06-14;Centrolac leche entera 472 ml;2.81
2025-06-14;"Centrolac milk whole 1000 ml ";2.98
2025-06-14;Chincaca;1.28
2025-06-14;Chorizo Criollo;3.78
2025-06-14;Conito;3.32
2025-06-14;Costilla Alta;3.43
2025-06-14;Costilla de Cerdo;2.32
2025-06-14;Crema Perfecta;2.82
2025-06-14;Higado De Pollo;3.30
2025-06-14;Huesos Corriente;2.58
2025-06-14;Lomo de Cerdo;1.89
2025-06-14;Lomo de Res;1.14
2025-06-14;Medio Pollo;1.23
2025-06-14;Menudo;2.26
2025-06-14;Mortadela;2.42
2025-06-14;Muslo;1.52
2025-06-14;Muslo Especial;2.63
2025-06-14;Pechuga Con Ala;3.93
2025-06-14;Pechuga Especial;3.75
2025-06-14;Pierna Entera;2.22
2025-06-14;Pierna Especial;2.98
2025-06-14;Posta de Cerdo;3.05
2025-06-14;Posta de Corona;1.42
2025-06-14;Posta De Gallina;3.61
2025-06-14;Posta de Pierna;2.95
2025-06-14;Producto de Prueba;2.47
2025-06-14;Punta de Cacho;1.44
2025-06-14;Queso;3.90
2025-06-14;Salchicha;1.15
2025-06-14;Salchichon;1.83
2025-06-14;Sesina;1.24
2025-06-14;Titiles;2.29
2025-06-15;Centrolac leche entera 472 ml;3.78
2025-06-15;"Centrolac milk whole 1000 ml ";2.37
2025-06-15;Chincaca;1.12
2025-06-15;Chorizo Criollo;1.64
2025-06-15;Conito;1.65
2025-06-15;Costilla Alta;3.75
2025-06-15;Costilla de Cerdo;3.81
2025-06-15;Crema Perfecta;1.39
2025-06-15;Higado De Pollo;2.50
2025-06-15;Huesos Corriente;1.73
2025-06-15;Lomo de Cerdo;2.30
2025-06-15;Lomo de Res;1.30
2025-06-15;Medio Pollo;3.60
2025-06-15;Menudo;1.36
2025-06-15;Mortadela;3.64
2025-06-15;Muslo;2.99
2025-06-15;Muslo Especial;1.88
2025-06-15;Pechuga Con Ala;1.01
2025-06-15;Pechuga Especial;1.26
2025-06-15;Pierna Entera;2.66
2025-06-15;Pierna Especial;2.76
2025-06-15;Posta de Cerdo;1.10
2025-06-15;Posta de Corona;3.34
2025-06-15;Posta De Gallina;1.06
2025-06-15;Posta de Pierna;1.29
2025-06-15;Producto de Prueba;3.61
2025-06-15;Punta de Cacho;1.60
2025-06-15;Queso;3.62
2025-06-15;Salchicha;3.46
2025-06-15;Salchichon;2.47
2025-06-15;Sesina;2.18
2025-06-15;Titiles;1.65
2025-06-16;Centrolac leche entera 472 ml;3.22
2025-06-16;"Centrolac milk whole 1000 ml ";1.32
2025-06-16;Chincaca;2.83
2025-06-16;Chorizo Criollo;1.39
2025-06-16;Conito;3.85
2025-06-16;Costilla Alta;2.41
2025-06-16;Costilla de Cerdo;2.74
2025-06-16;Crema Perfecta;2.70
2025-06-16;Higado De Pollo;3.97
2025-06-16;Huesos Corriente;2.76
2025-06-16;Lomo de Cerdo;3.52
2025-06-16;Lomo de Res;3.18
2025-06-16;Medio Pollo;1.28
2025-06-16;Menudo;3.06
2025-06-16;Mortadela;2.35
2025-06-16;Muslo;2.55
2025-06-16;Muslo Especial;1.75
2025-06-16;Pechuga Con Ala;1.76
2025-06-16;Pechuga Especial;1.55
2025-06-16;Pierna Entera;1.45
2025-06-16;Pierna Especial;1.16
2025-06-16;Posta de Cerdo;1.42
2025-06-16;Posta de Corona;1.44
2025-06-16;Posta De Gallina;3.43
2025-06-16;Posta de Pierna;1.43
2025-06-16;Producto de Prueba;3.22
2025-06-16;Punta de Cacho;3.90
2025-06-16;Queso;3.38
2025-06-16;Salchicha;3.28
2025-06-16;Salchichon;2.58
2025-06-16;Sesina;3.23
2025-06-16;Titiles;3.79
2025-06-17;Centrolac leche entera 472 ml;3.30
2025-06-17;"Centrolac milk whole 1000 ml ";2.80
2025-06-17;Chincaca;3.61
2025-06-17;Chorizo Criollo;2.30
2025-06-17;Conito;1.45
2025-06-17;Costilla Alta;1.88
2025-06-17;Costilla de Cerdo;3.80
2025-06-17;Crema Perfecta;2.10
2025-06-17;Higado De Pollo;2.64
2025-06-17;Huesos Corriente;2.09
2025-06-17;Lomo de Cerdo;3.89
2025-06-17;Lomo de Res;2.29
2025-06-17;Medio Pollo;2.31
2025-06-17;Menudo;3.07
2025-06-17;Mortadela;3.65
2025-06-17;Muslo;3.90
2025-06-17;Muslo Especial;3.20
2025-06-17;Pechuga Con Ala;2.69
2025-06-17;Pechuga Especial;3.59
2025-06-17;Pierna Entera;2.64
2025-06-17;Pierna Especial;1.43
2025-06-17;Posta de Cerdo;3.35
2025-06-17;Posta de Corona;3.46
2025-06-17;Posta De Gallina;1.17
2025-06-17;Posta de Pierna;1.36
2025-06-17;Producto de Prueba;1.68
2025-06-17;Punta de Cacho;2.12
2025-06-17;Queso;3.55
2025-06-17;Salchicha;1.69
2025-06-17;Salchichon;2.26
2025-06-17;Sesina;3.73
2025-06-17;Titiles;3.72
2025-06-18;Centrolac leche entera 472 ml;1.29
2025-06-18;"Centrolac milk whole 1000 ml ";2.44
2025-06-18;Chincaca;2.36
2025-06-18;Chorizo Criollo;1.02
2025-06-18;Conito;3.31
2025-06-18;Costilla Alta;3.70
2025-06-18;Costilla de Cerdo;3.85
2025-06-18;Crema Perfecta;2.88
2025-06-18;Higado De Pollo;1.52
2025-06-18;Huesos Corriente;2.99
2025-06-18;Lomo de Cerdo;2.17
2025-06-18;Lomo de Res;1.23
2025-06-18;Medio Pollo;2.64
2025-06-18;Menudo;3.90
2025-06-18;Mortadela;1.01
2025-06-18;Muslo;1.01
2025-06-18;Muslo Especial;3.22
2025-06-18;Pechuga Con Ala;3.30
2025-06-18;Pechuga Especial;3.76
2025-06-18;Pierna Entera;2.64
2025-06-18;Pierna Especial;1.85
2025-06-18;Posta de Cerdo;2.79
2025-06-18;Posta de Corona;1.78
2025-06-18;Posta De Gallina;3.31
2025-06-18;Posta de Pierna;3.47
2025-06-18;Producto de Prueba;3.59
2025-06-18;Punta de Cacho;3.46
2025-06-18;Queso;1.03
2025-06-18;Salchicha;2.27
2025-06-18;Salchichon;1.91
2025-06-18;Sesina;1.90
2025-06-18;Titiles;1.25
2025-06-19;Centrolac leche entera 472 ml;2.86
2025-06-19;"Centrolac milk whole 1000 ml ";2.97
2025-06-19;Chincaca;1.59
2025-06-19;Chorizo Criollo;1.62
2025-06-19;Conito;3.35
2025-06-19;Costilla Alta;2.86
2025-06-19;Costilla de Cerdo;1.06
2025-06-19;Crema Perfecta;3.69
2025-06-19;Higado De Pollo;1.88
2025-06-19;Huesos Corriente;2.46
2025-06-19;Lomo de Cerdo;3.58
2025-06-19;Lomo de Res;3.15
2025-06-19;Medio Pollo;3.55
2025-06-19;Menudo;1.69
2025-06-19;Mortadela;3.37
2025-06-19;Muslo;1.94
2025-06-19;Muslo Especial;2.12
2025-06-19;Pechuga Con Ala;1.49
2025-06-19;Pechuga Especial;1.58
2025-06-19;Pierna Entera;2.07
2025-06-19;Pierna Especial;3.62
2025-06-19;Posta de Cerdo;2.68
2025-06-19;Posta de Corona;1.15
2025-06-19;Posta De Gallina;1.09
2025-06-19;Posta de Pierna;1.30
2025-06-19;Producto de Prueba;1.62
2025-06-19;Punta de Cacho;1.63
2025-06-19;Queso;1.54
2025-06-19;Salchicha;3.22
2025-06-19;Salchichon;1.25
2025-06-19;Sesina;2.84
2025-06-19;Titiles;1.64
2025-06-20;Centrolac leche entera 472 ml;2.26
2025-06-20;"Centrolac milk whole 1000 ml ";2.48
2025-06-20;Chincaca;2.23
2025-06-20;Chorizo Criollo;3.45
2025-06-20;Conito;3.83
2025-06-20;Costilla Alta;2.97
2025-06-20;Costilla de Cerdo;2.14
2025-06-20;Crema Perfecta;1.67
2025-06-20;Higado De Pollo;1.85
2025-06-20;Huesos Corriente;2.80
2025-06-20;Lomo de Cerdo;3.71
2025-06-20;Lomo de Res;2.90
2025-06-20;Medio Pollo;1.96
2025-06-20;Menudo;2.58
2025-06-20;Mortadela;1.72
2025-06-20;Muslo;1.95
2025-06-20;Muslo Especial;1.61
2025-06-20;Pechuga Con Ala;2.64
2025-06-20;Pechuga Especial;2.13
2025-06-20;Pierna Entera;2.85
2025-06-20;Pierna Especial;2.83
2025-06-20;Posta de Cerdo;1.74
2025-06-20;Posta de Corona;3.71
2025-06-20;Posta De Gallina;2.08
2025-06-20;Posta de Pierna;2.32
2025-06-20;Producto de Prueba;3.85
2025-06-20;Punta de Cacho;3.04
2025-06-20;Queso;3.00
2025-06-20;Salchicha;3.60
2025-06-20;Salchichon;2.25
2025-06-20;Sesina;3.97
2025-06-20;Titiles;2.90
2025-06-21;Centrolac leche entera 472 ml;1.51
2025-06-21;"Centrolac milk whole 1000 ml ";2.85
2025-06-21;Chincaca;2.37
2025-06-21;Chorizo Criollo;2.18
2025-06-21;Conito;2.51
2025-06-21;Costilla Alta;1.00
2025-06-21;Costilla de Cerdo;1.52
2025-06-21;Crema Perfecta;2.48
2025-06-21;Higado De Pollo;2.76
2025-06-21;Huesos Corriente;1.14
2025-06-21;Lomo de Cerdo;2.87
2025-06-21;Lomo de Res;3.95
2025-06-21;Medio Pollo;1.01
2025-06-21;Menudo;1.04
2025-06-21;Mortadela;1.06
2025-06-21;Muslo;3.87
2025-06-21;Muslo Especial;3.27
2025-06-21;Pechuga Con Ala;3.49
2025-06-21;Pechuga Especial;3.88
2025-06-21;Pierna Entera;2.93
2025-06-21;Pierna Especial;1.27
2025-06-21;Posta de Cerdo;3.97
2025-06-21;Posta de Corona;3.19
2025-06-21;Posta De Gallina;2.99
2025-06-21;Posta de Pierna;2.28
2025-06-21;Producto de Prueba;1.44
2025-06-21;Punta de Cacho;2.14
2025-06-21;Queso;1.57
2025-06-21;Salchicha;2.31
2025-06-21;Salchichon;3.19
2025-06-21;Sesina;1.54
2025-06-21;Titiles;3.93
2025-06-22;Centrolac leche entera 472 ml;2.56
2025-06-22;"Centrolac milk whole 1000 ml ";3.05
2025-06-22;Chincaca;2.67
2025-06-22;Chorizo Criollo;1.51
2025-06-22;Conito;2.95
2025-06-22;Costilla Alta;2.62
2025-06-22;Costilla de Cerdo;2.29
2025-06-22;Crema Perfecta;3.83
2025-06-22;Higado De Pollo;3.07
2025-06-22;Huesos Corriente;1.88
2025-06-22;Lomo de Cerdo;3.11
2025-06-22;Lomo de Res;3.37
2025-06-22;Medio Pollo;1.74
2025-06-22;Menudo;3.08
2025-06-22;Mortadela;3.26
2025-06-22;Muslo;1.49
2025-06-22;Muslo Especial;1.84
2025-06-22;Pechuga Con Ala;2.62
2025-06-22;Pechuga Especial;2.70
2025-06-22;Pierna Entera;2.99
2025-06-22;Pierna Especial;2.42
2025-06-22;Posta de Cerdo;1.70
2025-06-22;Posta de Corona;3.32
2025-06-22;Posta De Gallina;3.00
2025-06-22;Posta de Pierna;3.83
2025-06-22;Producto de Prueba;3.82
2025-06-22;Punta de Cacho;1.19
2025-06-22;Queso;3.76
2025-06-22;Salchicha;1.66
2025-06-22;Salchichon;1.99
2025-06-22;Sesina;3.40
2025-06-22;Titiles;1.33
2025-06-23;Centrolac leche entera 472 ml;3.36
2025-06-23;"Centrolac milk whole 1000 ml ";3.27
2025-06-23;Chincaca;1.77
2025-06-23;Chorizo Criollo;3.61
2025-06-23;Conito;1.30
2025-06-23;Costilla Alta;2.21
2025-06-23;Costilla de Cerdo;1.42
2025-06-23;Crema Perfecta;1.79
2025-06-23;Higado De Pollo;1.45
2025-06-23;Huesos Corriente;1.35
2025-06-23;Lomo de Cerdo;3.77
2025-06-23;Lomo de Res;1.16
2025-06-23;Medio Pollo;3.77
2025-06-23;Menudo;2.29
2025-06-23;Mortadela;1.45
2025-06-23;Muslo;3.75
2025-06-23;Muslo Especial;1.97
2025-06-23;Pechuga Con Ala;1.15
2025-06-23;Pechuga Especial;1.27
2025-06-23;Pierna Entera;3.43
2025-06-23;Pierna Especial;2.02
2025-06-23;Posta de Cerdo;1.68
2025-06-23;Posta de Corona;3.05
2025-06-23;Posta De Gallina;2.10
2025-06-23;Posta de Pierna;3.14
2025-06-23;Producto de Prueba;3.48
2025-06-23;Punta de Cacho;2.12
2025-06-23;Queso;1.85
2025-06-23;Salchicha;3.61
2025-06-23;Salchichon;1.41
2025-06-23;Sesina;3.58
2025-06-23;Titiles;3.20
2025-06-24;Centrolac leche entera 472 ml;3.59
2025-06-24;"Centrolac milk whole 1000 ml ";3.90
2025-06-24;Chincaca;3.92
2025-06-24;Chorizo Criollo;2.33
2025-06-24;Conito;2.49
2025-06-24;Costilla Alta;2.93
2025-06-24;Costilla de Cerdo;2.79
2025-06-24;Crema Perfecta;1.13
2025-06-24;Higado De Pollo;1.15
2025-06-24;Huesos Corriente;2.88
2025-06-24;Lomo de Cerdo;2.42
2025-06-24;Lomo de Res;3.56
2025-06-24;Medio Pollo;1.29
2025-06-24;Menudo;2.20
2025-06-24;Mortadela;2.08
2025-06-24;Muslo;3.28
2025-06-24;Muslo Especial;2.43
2025-06-24;Pechuga Con Ala;2.35
2025-06-24;Pechuga Especial;1.85
2025-06-24;Pierna Entera;1.84
2025-06-24;Pierna Especial;1.86
2025-06-24;Posta de Cerdo;1.65
2025-06-24;Posta de Corona;1.77
2025-06-24;Posta De Gallina;2.00
2025-06-24;Posta de Pierna;2.90
2025-06-24;Producto de Prueba;3.39
2025-06-24;Punta de Cacho;2.46
2025-06-24;Queso;1.83
2025-06-24;Salchicha;3.38
2025-06-24;Salchichon;2.46
2025-06-24;Sesina;2.73
2025-06-24;Titiles;3.82
2025-06-25;Centrolac leche entera 472 ml;2.41
2025-06-25;"Centrolac milk whole 1000 ml ";2.21
2025-06-25;Chincaca;1.23
2025-06-25;Chorizo Criollo;1.12
2025-06-25;Conito;3.42
2025-06-25;Costilla Alta;1.85
2025-06-25;Costilla de Cerdo;2.40
2025-06-25;Crema Perfecta;2.09
2025-06-25;Higado De Pollo;2.68
2025-06-25;Huesos Corriente;2.53
2025-06-25;Lomo de Cerdo;1.44
2025-06-25;Lomo de Res;1.11
2025-06-25;Medio Pollo;2.87
2025-06-25;Menudo;1.52
2025-06-25;Mortadela;3.71
2025-06-25;Muslo;1.94
2025-06-25;Muslo Especial;3.46
2025-06-25;Pechuga Con Ala;2.66
2025-06-25;Pechuga Especial;3.88
2025-06-25;Pierna Entera;2.77
2025-06-25;Pierna Especial;1.47
2025-06-25;Posta de Cerdo;2.57
2025-06-25;Posta de Corona;2.34
2025-06-25;Posta De Gallina;1.62
2025-06-25;Posta de Pierna;1.52
2025-06-25;Producto de Prueba;3.45
2025-06-25;Punta de Cacho;3.00
2025-06-25;Queso;2.57
2025-06-25;Salchicha;1.58
2025-06-25;Salchichon;1.36
2025-06-25;Sesina;2.11
2025-06-25;Titiles;3.16
2025-06-26;Centrolac leche entera 472 ml;1.08
2025-06-26;"Centrolac milk whole 1000 ml ";2.13
2025-06-26;Chincaca;1.23
2025-06-26;Chorizo Criollo;3.12
2025-06-26;Conito;2.93
2025-06-26;Costilla Alta;2.32
2025-06-26;Costilla de Cerdo;3.83
2025-06-26;Crema Perfecta;1.35
2025-06-26;Higado De Pollo;3.33
2025-06-26;Huesos Corriente;3.67
2025-06-26;Lomo de Cerdo;2.96
2025-06-26;Lomo de Res;1.83
2025-06-26;Medio Pollo;1.51
2025-06-26;Menudo;3.66
2025-06-26;Mortadela;1.57
2025-06-26;Muslo;3.49
2025-06-26;Muslo Especial;2.51
2025-06-26;Pechuga Con Ala;2.00
2025-06-26;Pechuga Especial;3.93
2025-06-26;Pierna Entera;1.50
2025-06-26;Pierna Especial;2.89
2025-06-26;Posta de Cerdo;1.83
2025-06-26;Posta de Corona;3.90
2025-06-26;Posta De Gallina;2.51
2025-06-26;Posta de Pierna;3.92
2025-06-26;Producto de Prueba;2.42
2025-06-26;Punta de Cacho;3.98
2025-06-26;Queso;3.17
2025-06-26;Salchicha;1.92
2025-06-26;Salchichon;1.26
2025-06-26;Sesina;1.08
2025-06-26;Titiles;2.45
2025-06-27;Centrolac leche entera 472 ml;3.98
2025-06-27;"Centrolac milk whole 1000 ml ";2.88
2025-06-27;Chincaca;3.46
2025-06-27;Chorizo Criollo;2.66
2025-06-27;Conito;2.67
2025-06-27;Costilla Alta;3.55
2025-06-27;Costilla de Cerdo;3.85
2025-06-27;Crema Perfecta;1.53
2025-06-27;Higado De Pollo;2.06
2025-06-27;Huesos Corriente;1.04
2025-06-27;Lomo de Cerdo;3.69
2025-06-27;Lomo de Res;2.22
2025-06-27;Medio Pollo;3.95
2025-06-27;Menudo;2.12
2025-06-27;Mortadela;2.97
2025-06-27;Muslo;3.10
2025-06-27;Muslo Especial;1.57
2025-06-27;Pechuga Con Ala;3.08
2025-06-27;Pechuga Especial;2.11
2025-06-27;Pierna Entera;1.99
2025-06-27;Pierna Especial;1.86
2025-06-27;Posta de Cerdo;3.51
2025-06-27;Posta de Corona;2.00
2025-06-27;Posta De Gallina;3.96
2025-06-27;Posta de Pierna;3.59
2025-06-27;Producto de Prueba;2.33
2025-06-27;Punta de Cacho;3.17
2025-06-27;Queso;1.02
2025-06-27;Salchicha;1.43
2025-06-27;Salchichon;2.87
2025-06-27;Sesina;2.37
2025-06-27;Titiles;2.43
2025-06-28;Centrolac leche entera 472 ml;1.56
2025-06-28;"Centrolac milk whole 1000 ml ";2.94
2025-06-28;Chincaca;1.63
2025-06-28;Chorizo Criollo;2.23
2025-06-28;Conito;1.55
2025-06-28;Costilla Alta;3.96
2025-06-28;Costilla de Cerdo;4.00
2025-06-28;Crema Perfecta;1.12
2025-06-28;Higado De Pollo;2.74
2025-06-28;Huesos Corriente;1.70
2025-06-28;Lomo de Cerdo;3.23
2025-06-28;Lomo de Res;1.60
2025-06-28;Medio Pollo;2.59
2025-06-28;Menudo;1.75
2025-06-28;Mortadela;3.90
2025-06-28;Muslo;1.36
2025-06-28;Muslo Especial;1.10
2025-06-28;Pechuga Con Ala;2.85
2025-06-28;Pechuga Especial;1.73
2025-06-28;Pierna Entera;1.61
2025-06-28;Pierna Especial;1.24
2025-06-28;Posta de Cerdo;1.91
2025-06-28;Posta de Corona;3.26
2025-06-28;Posta De Gallina;2.76
2025-06-28;Posta de Pierna;2.25
2025-06-28;Producto de Prueba;3.95
2025-06-28;Punta de Cacho;3.27
2025-06-28;Queso;3.95
2025-06-28;Salchicha;2.88
2025-06-28;Salchichon;2.58
2025-06-28;Sesina;1.97
2025-06-28;Titiles;1.75
2025-06-29;Centrolac leche entera 472 ml;2.88
2025-06-29;"Centrolac milk whole 1000 ml ";3.01
2025-06-29;Chincaca;2.25
2025-06-29;Chorizo Criollo;1.16
2025-06-29;Conito;1.73
2025-06-29;Costilla Alta;3.81
2025-06-29;Costilla de Cerdo;3.17
2025-06-29;Crema Perfecta;3.98
2025-06-29;Higado De Pollo;3.20
2025-06-29;Huesos Corriente;2.92
2025-06-29;Lomo de Cerdo;3.09
2025-06-29;Lomo de Res;2.52
2025-06-29;Medio Pollo;2.29
2025-06-29;Menudo;1.15
2025-06-29;Mortadela;3.70
2025-06-29;Muslo;1.01
2025-06-29;Muslo Especial;3.79
2025-06-29;Pechuga Con Ala;2.06
2025-06-29;Pechuga Especial;3.28
2025-06-29;Pierna Entera;3.71
2025-06-29;Pierna Especial;3.60
2025-06-29;Posta de Cerdo;3.07
2025-06-29;Posta de Corona;2.55
2025-06-29;Posta De Gallina;3.30
2025-06-29;Posta de Pierna;2.16
2025-06-29;Producto de Prueba;2.43
2025-06-29;Punta de Cacho;1.38
2025-06-29;Queso;1.33
2025-06-29;Salchicha;1.96
2025-06-29;Salchichon;1.05
2025-06-29;Sesina;3.03
2025-06-29;Titiles;2.84
2025-06-30;Centrolac leche entera 472 ml;3.19
2025-06-30;"Centrolac milk whole 1000 ml ";1.79
2025-06-30;Chincaca;1.96
2025-06-30;Chorizo Criollo;2.13
2025-06-30;Conito;1.59
2025-06-30;Costilla Alta;2.46
2025-06-30;Costilla de Cerdo;1.10
2025-06-30;Crema Perfecta;1.72
2025-06-30;Higado De Pollo;2.22
2025-06-30;Huesos Corriente;1.91
2025-06-30;Lomo de Cerdo;2.10
2025-06-30;Lomo de Res;3.97
2025-06-30;Medio Pollo;2.98
2025-06-30;Menudo;3.73
2025-06-30;Mortadela;2.20
2025-06-30;Muslo;3.60
2025-06-30;Muslo Especial;2.04
2025-06-30;Pechuga Con Ala;3.43
2025-06-30;Pechuga Especial;2.42
2025-06-30;Pierna Entera;3.32
2025-06-30;Pierna Especial;3.94
2025-06-30;Posta de Cerdo;1.27
2025-06-30;Posta de Corona;1.81
2025-06-30;Posta De Gallina;2.87
2025-06-30;Posta de Pierna;3.01
2025-06-30;Producto de Prueba;2.81
2025-06-30;Punta de Cacho;2.05
2025-06-30;Queso;1.90
2025-06-30;Salchicha;2.95
2025-06-30;Salchichon;2.00
2025-06-30;Sesina;2.18
2025-06-30;Titiles;3.15
2025-07-01;Centrolac leche entera 472 ml;1.28
2025-07-01;"Centrolac milk whole 1000 ml ";2.13
2025-07-01;Chincaca;1.15
2025-07-01;Chorizo Criollo;3.98
2025-07-01;Conito;3.58
2025-07-01;Costilla Alta;3.58
2025-07-01;Costilla de Cerdo;2.09
2025-07-01;Crema Perfecta;3.78
2025-07-01;Higado De Pollo;1.28
2025-07-01;Huesos Corriente;2.47
2025-07-01;Lomo de Cerdo;3.26
2025-07-01;Lomo de Res;2.41
2025-07-01;Medio Pollo;1.17
2025-07-01;Menudo;1.88
2025-07-01;Mortadela;1.90
2025-07-01;Muslo;3.71
2025-07-01;Muslo Especial;2.18
2025-07-01;Pechuga Con Ala;1.26
2025-07-01;Pechuga Especial;3.89
2025-07-01;Pierna Entera;3.13
2025-07-01;Pierna Especial;3.63
2025-07-01;Posta de Cerdo;2.15
2025-07-01;Posta de Corona;1.59
2025-07-01;Posta De Gallina;2.93
2025-07-01;Posta de Pierna;1.75
2025-07-01;Producto de Prueba;3.61
2025-07-01;Punta de Cacho;1.88
2025-07-01;Queso;1.15
2025-07-01;Salchicha;3.22
2025-07-01;Salchichon;2.01
2025-07-01;Sesina;2.99
2025-07-01;Titiles;3.92
2025-07-02;Centrolac leche entera 472 ml;1.05
2025-07-02;"Centrolac milk whole 1000 ml ";2.18
2025-07-02;Chincaca;2.05
2025-07-02;Chorizo Criollo;2.81
2025-07-02;Conito;3.53
2025-07-02;Costilla Alta;2.65
2025-07-02;Costilla de Cerdo;3.59
2025-07-02;Crema Perfecta;2.90
2025-07-02;Higado De Pollo;2.32
2025-07-02;Huesos Corriente;3.10
2025-07-02;Lomo de Cerdo;3.00
2025-07-02;Lomo de Res;2.37
2025-07-02;Medio Pollo;3.78
2025-07-02;Menudo;3.68
2025-07-02;Mortadela;1.81
2025-07-02;Muslo;2.55
2025-07-02;Muslo Especial;3.93
2025-07-02;Pechuga Con Ala;3.88
2025-07-02;Pechuga Especial;3.31
2025-07-02;Pierna Entera;2.63
2025-07-02;Pierna Especial;3.10
2025-07-02;Posta de Cerdo;1.10
2025-07-02;Posta de Corona;2.00
2025-07-02;Posta De Gallina;4.00
2025-07-02;Posta de Pierna;1.79
2025-07-02;Producto de Prueba;1.80
2025-07-02;Punta de Cacho;3.60
2025-07-02;Queso;1.23
2025-07-02;Salchicha;2.26
2025-07-02;Salchichon;3.96
2025-07-02;Sesina;1.08
2025-07-02;Titiles;1.79
2025-07-03;Centrolac leche entera 472 ml;2.52
2025-07-03;"Centrolac milk whole 1000 ml ";3.58
2025-07-03;Chincaca;3.06
2025-07-03;Chorizo Criollo;1.58
2025-07-03;Conito;1.18
2025-07-03;Costilla Alta;3.08
2025-07-03;Costilla de Cerdo;3.84
2025-07-03;Crema Perfecta;2.61
2025-07-03;Higado De Pollo;2.73
2025-07-03;Huesos Corriente;1.26
2025-07-03;Lomo de Cerdo;1.29
2025-07-03;Lomo de Res;2.22
2025-07-03;Medio Pollo;2.40
2025-07-03;Menudo;3.97
2025-07-03;Mortadela;1.82
2025-07-03;Muslo;3.80
2025-07-03;Muslo Especial;2.23
2025-07-03;Pechuga Con Ala;1.32
2025-07-03;Pechuga Especial;2.72
2025-07-03;Pierna Entera;2.85
2025-07-03;Pierna Especial;2.61
2025-07-03;Posta de Cerdo;3.37
2025-07-03;Posta de Corona;2.80
2025-07-03;Posta De Gallina;1.43
2025-07-03;Posta de Pierna;3.40
2025-07-03;Producto de Prueba;3.32
2025-07-03;Punta de Cacho;1.16
2025-07-03;Queso;2.25
2025-07-03;Salchicha;3.97
2025-07-03;Salchichon;1.27
2025-07-03;Sesina;3.48
2025-07-03;Titiles;2.89
2025-07-04;Centrolac leche entera 472 ml;3.69
2025-07-04;"Centrolac milk whole 1000 ml ";3.43
2025-07-04;Chincaca;3.87
2025-07-04;Chorizo Criollo;2.28
2025-07-04;Conito;2.57
2025-07-04;Costilla Alta;1.76
2025-07-04;Costilla de Cerdo;1.93
2025-07-04;Crema Perfecta;2.36
2025-07-04;Higado De Pollo;2.64
2025-07-04;Huesos Corriente;2.55
2025-07-04;Lomo de Cerdo;3.77
2025-07-04;Lomo de Res;3.66
2025-07-04;Medio Pollo;1.67
2025-07-04;Menudo;1.20
2025-07-04;Mortadela;1.43
2025-07-04;Muslo;2.08
2025-07-04;Muslo Especial;1.42
2025-07-04;Pechuga Con Ala;3.52
2025-07-04;Pechuga Especial;3.35
2025-07-04;Pierna Entera;3.84
2025-07-04;Pierna Especial;1.74
2025-07-04;Posta de Cerdo;2.40
2025-07-04;Posta de Corona;3.75
2025-07-04;Posta De Gallina;1.89
2025-07-04;Posta de Pierna;2.72
2025-07-04;Producto de Prueba;3.85
2025-07-04;Punta de Cacho;3.06
2025-07-04;Queso;2.43
2025-07-04;Salchicha;3.61
2025-07-04;Salchichon;3.74
2025-07-04;Sesina;2.45
2025-07-04;Titiles;1.25
2025-07-05;Centrolac leche entera 472 ml;3.26
2025-07-05;"Centrolac milk whole 1000 ml ";3.01
2025-07-05;Chincaca;3.15
2025-07-05;Chorizo Criollo;1.53
2025-07-05;Conito;3.34
2025-07-05;Costilla Alta;3.64
2025-07-05;Costilla de Cerdo;1.57
2025-07-05;Crema Perfecta;2.58
2025-07-05;Higado De Pollo;3.95
2025-07-05;Huesos Corriente;3.13
2025-07-05;Lomo de Cerdo;3.13
2025-07-05;Lomo de Res;1.48
2025-07-05;Medio Pollo;1.95
2025-07-05;Menudo;3.82
2025-07-05;Mortadela;2.14
2025-07-05;Muslo;3.59
2025-07-05;Muslo Especial;2.61
2025-07-05;Pechuga Con Ala;1.23
2025-07-05;Pechuga Especial;3.80
2025-07-05;Pierna Entera;3.47
2025-07-05;Pierna Especial;3.69
2025-07-05;Posta de Cerdo;1.49
2025-07-05;Posta de Corona;1.65
2025-07-05;Posta De Gallina;1.21
2025-07-05;Posta de Pierna;3.12
2025-07-05;Producto de Prueba;3.27
2025-07-05;Punta de Cacho;2.70
2025-07-05;Queso;1.43
2025-07-05;Salchicha;3.29
2025-07-05;Salchichon;3.74
2025-07-05;Sesina;2.06
2025-07-05;Titiles;3.32
2025-07-06;Centrolac leche entera 472 ml;1.78
2025-07-06;"Centrolac milk whole 1000 ml ";2.97
2025-07-06;Chincaca;3.31
2025-07-06;Chorizo Criollo;3.55
2025-07-06;Conito;3.63
2025-07-06;Costilla Alta;3.56
2025-07-06;Costilla de Cerdo;3.77
2025-07-06;Crema Perfecta;3.39
2025-07-06;Higado De Pollo;3.49
2025-07-06;Huesos Corriente;3.09
2025-07-06;Lomo de Cerdo;2.23
2025-07-06;Lomo de Res;3.69
2025-07-06;Medio Pollo;1.40
2025-07-06;Menudo;2.95
2025-07-06;Mortadela;2.39
2025-07-06;Muslo;1.95
2025-07-06;Muslo Especial;2.80
2025-07-06;Pechuga Con Ala;1.07
2025-07-06;Pechuga Especial;1.91
2025-07-06;Pierna Entera;2.55
2025-07-06;Pierna Especial;1.04
2025-07-06;Posta de Cerdo;2.43
2025-07-06;Posta de Corona;1.32
2025-07-06;Posta De Gallina;1.74
2025-07-06;Posta de Pierna;3.90
2025-07-06;Producto de Prueba;2.49
2025-07-06;Punta de Cacho;1.70
2025-07-06;Queso;1.44
2025-07-06;Salchicha;2.51
2025-07-06;Salchichon;2.50
2025-07-06;Sesina;1.80
2025-07-06;Titiles;1.87
2025-07-07;Centrolac leche entera 472 ml;2.11
2025-07-07;"Centrolac milk whole 1000 ml ";3.35
2025-07-07;Chincaca;2.04
2025-07-07;Chorizo Criollo;2.39
2025-07-07;Conito;1.07
2025-07-07;Costilla Alta;1.10
2025-07-07;Costilla de Cerdo;1.03
2025-07-07;Crema Perfecta;3.74
2025-07-07;Higado De Pollo;1.91
2025-07-07;Huesos Corriente;2.65
2025-07-07;Lomo de Cerdo;1.98
2025-07-07;Lomo de Res;1.92
2025-07-07;Medio Pollo;1.74
2025-07-07;Menudo;2.61
2025-07-07;Mortadela;3.94
2025-07-07;Muslo;2.99
2025-07-07;Muslo Especial;3.00
2025-07-07;Pechuga Con Ala;2.14
2025-07-07;Pechuga Especial;1.71
2025-07-07;Pierna Entera;3.08
2025-07-07;Pierna Especial;2.11
2025-07-07;Posta de Cerdo;2.56
2025-07-07;Posta de Corona;3.76
2025-07-07;Posta De Gallina;1.77
2025-07-07;Posta de Pierna;3.56
2025-07-07;Producto de Prueba;2.16
2025-07-07;Punta de Cacho;2.76
2025-07-07;Queso;3.86
2025-07-07;Salchicha;2.23
2025-07-07;Salchichon;3.50
2025-07-07;Sesina;2.05
2025-07-07;Titiles;2.09
2025-07-08;Centrolac leche entera 472 ml;3.03
2025-07-08;"Centrolac milk whole 1000 ml ";1.03
2025-07-08;Chincaca;1.42
2025-07-08;Chorizo Criollo;2.48
2025-07-08;Conito;1.95
2025-07-08;Costilla Alta;2.90
2025-07-08;Costilla de Cerdo;3.53
2025-07-08;Crema Perfecta;1.32
2025-07-08;Higado De Pollo;3.85
2025-07-08;Huesos Corriente;2.41
2025-07-08;Lomo de Cerdo;3.19
2025-07-08;Lomo de Res;1.26
2025-07-08;Medio Pollo;1.65
2025-07-08;Menudo;2.08
2025-07-08;Mortadela;2.43
2025-07-08;Muslo;1.98
2025-07-08;Muslo Especial;3.59
2025-07-08;Pechuga Con Ala;3.13
2025-07-08;Pechuga Especial;2.05
2025-07-08;Pierna Entera;1.22
2025-07-08;Pierna Especial;2.14
2025-07-08;Posta de Cerdo;1.14
2025-07-08;Posta de Corona;3.46
2025-07-08;Posta De Gallina;1.38
2025-07-08;Posta de Pierna;2.41
2025-07-08;Producto de Prueba;2.11
2025-07-08;Punta de Cacho;3.87
2025-07-08;Queso;2.96
2025-07-08;Salchicha;2.22
2025-07-08;Salchichon;2.98
2025-07-08;Sesina;3.93
2025-07-08;Titiles;2.36
2025-07-09;Centrolac leche entera 472 ml;3.77
2025-07-09;"Centrolac milk whole 1000 ml ";1.55
2025-07-09;Chincaca;3.62
2025-07-09;Chorizo Criollo;3.07
2025-07-09;Conito;3.60
2025-07-09;Costilla Alta;2.10
2025-07-09;Costilla de Cerdo;3.74
2025-07-09;Crema Perfecta;2.87
2025-07-09;Higado De Pollo;2.84
2025-07-09;Huesos Corriente;3.10
2025-07-09;Lomo de Cerdo;3.73
2025-07-09;Lomo de Res;1.99
2025-07-09;Medio Pollo;1.97
2025-07-09;Menudo;1.65
2025-07-09;Mortadela;3.14
2025-07-09;Muslo;3.56
2025-07-09;Muslo Especial;3.09
2025-07-09;Pechuga Con Ala;3.05
2025-07-09;Pechuga Especial;1.41
2025-07-09;Pierna Entera;3.90
2025-07-09;Pierna Especial;2.65
2025-07-09;Posta de Cerdo;2.29
2025-07-09;Posta de Corona;2.32
2025-07-09;Posta De Gallina;1.21
2025-07-09;Posta de Pierna;1.59
2025-07-09;Producto de Prueba;1.59
2025-07-09;Punta de Cacho;3.93
2025-07-09;Queso;3.25
2025-07-09;Salchicha;2.62
2025-07-09;Salchichon;1.05
2025-07-09;Sesina;3.60
2025-07-09;Titiles;1.55
2025-07-10;Centrolac leche entera 472 ml;1.79
2025-07-10;"Centrolac milk whole 1000 ml ";1.79
2025-07-10;Chincaca;2.82
2025-07-10;Chorizo Criollo;3.15
2025-07-10;Conito;3.38
2025-07-10;Costilla Alta;1.47
2025-07-10;Costilla de Cerdo;2.60
2025-07-10;Crema Perfecta;2.68
2025-07-10;Higado De Pollo;3.57
2025-07-10;Huesos Corriente;1.17
2025-07-10;Lomo de Cerdo;1.78
2025-07-10;Lomo de Res;3.62
2025-07-10;Medio Pollo;2.73
2025-07-10;Menudo;2.04
2025-07-10;Mortadela;2.12
2025-07-10;Muslo;2.98
2025-07-10;Muslo Especial;3.17
2025-07-10;Pechuga Con Ala;2.31
2025-07-10;Pechuga Especial;1.46
2025-07-10;Pierna Entera;1.40
2025-07-10;Pierna Especial;1.67
2025-07-10;Posta de Cerdo;1.25
2025-07-10;Posta de Corona;2.92
2025-07-10;Posta De Gallina;2.34
2025-07-10;Posta de Pierna;2.83
2025-07-10;Producto de Prueba;2.56
2025-07-10;Punta de Cacho;1.09
2025-07-10;Queso;3.32
2025-07-10;Salchicha;1.05
2025-07-10;Salchichon;3.45
2025-07-10;Sesina;3.56
2025-07-10;Titiles;1.98
2025-07-11;Centrolac leche entera 472 ml;3.57
2025-07-11;"Centrolac milk whole 1000 ml ";1.17
2025-07-11;Chincaca;2.49
2025-07-11;Chorizo Criollo;1.26
2025-07-11;Conito;3.88
2025-07-11;Costilla Alta;1.55
2025-07-11;Costilla de Cerdo;1.53
2025-07-11;Crema Perfecta;3.49
2025-07-11;Higado De Pollo;3.64
2025-07-11;Huesos Corriente;1.86
2025-07-11;Lomo de Cerdo;1.02
2025-07-11;Lomo de Res;1.67
2025-07-11;Medio Pollo;1.32
2025-07-11;Menudo;2.54
2025-07-11;Mortadela;2.11
2025-07-11;Muslo;3.53
2025-07-11;Muslo Especial;2.20
2025-07-11;Pechuga Con Ala;1.26
2025-07-11;Pechuga Especial;2.97
2025-07-11;Pierna Entera;1.13
2025-07-11;Pierna Especial;1.66
2025-07-11;Posta de Cerdo;3.96
2025-07-11;Posta de Corona;2.92
2025-07-11;Posta De Gallina;1.76
2025-07-11;Posta de Pierna;1.05
2025-07-11;Producto de Prueba;2.57
2025-07-11;Punta de Cacho;3.54
2025-07-11;Queso;1.46
2025-07-11;Salchicha;1.45
2025-07-11;Salchichon;1.57
2025-07-11;Sesina;1.36
2025-07-11;Titiles;3.08
2025-07-12;Centrolac leche entera 472 ml;2.09
2025-07-12;"Centrolac milk whole 1000 ml ";3.36
2025-07-12;Chincaca;1.46
2025-07-12;Chorizo Criollo;3.61
2025-07-12;Conito;1.75
2025-07-12;Costilla Alta;2.04
2025-07-12;Costilla de Cerdo;1.40
2025-07-12;Crema Perfecta;3.46
2025-07-12;Higado De Pollo;2.09
2025-07-12;Huesos Corriente;1.26
2025-07-12;Lomo de Cerdo;2.92
2025-07-12;Lomo de Res;2.82
2025-07-12;Medio Pollo;3.34
2025-07-12;Menudo;1.94
2025-07-12;Mortadela;3.83
2025-07-12;Muslo;1.89
2025-07-12;Muslo Especial;2.55
2025-07-12;Pechuga Con Ala;2.26
2025-07-12;Pechuga Especial;1.11
2025-07-12;Pierna Entera;2.62
2025-07-12;Pierna Especial;1.26
2025-07-12;Posta de Cerdo;3.36
2025-07-12;Posta de Corona;2.21
2025-07-12;Posta De Gallina;1.91
2025-07-12;Posta de Pierna;2.31
2025-07-12;Producto de Prueba;2.75
2025-07-12;Punta de Cacho;2.26
2025-07-12;Queso;2.06
2025-07-12;Salchicha;2.97
2025-07-12;Salchichon;3.09
2025-07-12;Sesina;3.56
2025-07-12;Titiles;1.64
2025-07-13;Centrolac leche entera 472 ml;1.18
2025-07-13;"Centrolac milk whole 1000 ml ";2.04
2025-07-13;Chincaca;3.51
2025-07-13;Chorizo Criollo;2.00
2025-07-13;Conito;2.55
2025-07-13;Costilla Alta;2.20
2025-07-13;Costilla de Cerdo;2.18
2025-07-13;Crema Perfecta;1.76
2025-07-13;Higado De Pollo;1.33
2025-07-13;Huesos Corriente;3.20
2025-07-13;Lomo de Cerdo;2.24
2025-07-13;Lomo de Res;3.90
2025-07-13;Medio Pollo;1.64
2025-07-13;Menudo;1.55
2025-07-13;Mortadela;2.85
2025-07-13;Muslo;2.05
2025-07-13;Muslo Especial;2.31
2025-07-13;Pechuga Con Ala;3.85
2025-07-13;Pechuga Especial;3.96
2025-07-13;Pierna Entera;2.40
2025-07-13;Pierna Especial;1.88
2025-07-13;Posta de Cerdo;3.82
2025-07-13;Posta de Corona;3.00
2025-07-13;Posta De Gallina;2.96
2025-07-13;Posta de Pierna;3.14
2025-07-13;Producto de Prueba;1.79
2025-07-13;Punta de Cacho;3.65
2025-07-13;Queso;3.38
2025-07-13;Salchicha;3.83
2025-07-13;Salchichon;1.01
2025-07-13;Sesina;1.60
2025-07-13;Titiles;1.44
2025-07-14;Centrolac leche entera 472 ml;2.17
2025-07-14;"Centrolac milk whole 1000 ml ";1.23
2025-07-14;Chincaca;3.00
2025-07-14;Chorizo Criollo;1.84
2025-07-14;Conito;3.37
2025-07-14;Costilla Alta;1.32
2025-07-14;Costilla de Cerdo;3.74
2025-07-14;Crema Perfecta;1.59
2025-07-14;Higado De Pollo;3.26
2025-07-14;Huesos Corriente;2.95
2025-07-14;Lomo de Cerdo;2.55
2025-07-14;Lomo de Res;3.29
2025-07-14;Medio Pollo;1.53
2025-07-14;Menudo;2.21
2025-07-14;Mortadela;3.51
2025-07-14;Muslo;3.76
2025-07-14;Muslo Especial;1.97
2025-07-14;Pechuga Con Ala;3.84
2025-07-14;Pechuga Especial;2.63
2025-07-14;Pierna Entera;3.08
2025-07-14;Pierna Especial;2.08
2025-07-14;Posta de Cerdo;1.55
2025-07-14;Posta de Corona;1.17
2025-07-14;Posta De Gallina;2.17
2025-07-14;Posta de Pierna;2.24
2025-07-14;Producto de Prueba;3.90
2025-07-14;Punta de Cacho;1.78
2025-07-14;Queso;3.71
2025-07-14;Salchicha;3.29
2025-07-14;Salchichon;3.98
2025-07-14;Sesina;1.69
2025-07-14;Titiles;3.31
2025-07-15;Centrolac leche entera 472 ml;3.67
2025-07-15;"Centrolac milk whole 1000 ml ";1.82
2025-07-15;Chincaca;2.18
2025-07-15;Chorizo Criollo;2.27
2025-07-15;Conito;1.77
2025-07-15;Costilla Alta;1.32
2025-07-15;Costilla de Cerdo;3.40
2025-07-15;Crema Perfecta;1.15
2025-07-15;Higado De Pollo;1.28
2025-07-15;Huesos Corriente;1.29
2025-07-15;Lomo de Cerdo;1.15
2025-07-15;Lomo de Res;2.34
2025-07-15;Medio Pollo;3.96
2025-07-15;Menudo;1.91
2025-07-15;Mortadela;2.07
2025-07-15;Muslo;2.66
2025-07-15;Muslo Especial;1.00
2025-07-15;Pechuga Con Ala;1.76
2025-07-15;Pechuga Especial;1.11
2025-07-15;Pierna Entera;1.19
2025-07-15;Pierna Especial;3.66
2025-07-15;Posta de Cerdo;1.11
2025-07-15;Posta de Corona;1.22
2025-07-15;Posta De Gallina;1.00
2025-07-15;Posta de Pierna;3.12
2025-07-15;Producto de Prueba;2.15
2025-07-15;Punta de Cacho;2.30
2025-07-15;Queso;2.01
2025-07-15;Salchicha;1.20
2025-07-15;Salchichon;3.26
2025-07-15;Sesina;1.53
2025-07-15;Titiles;3.55
2025-07-16;Centrolac leche entera 472 ml;1.54
2025-07-16;"Centrolac milk whole 1000 ml ";1.57
2025-07-16;Chincaca;3.23
2025-07-16;Chorizo Criollo;2.34
2025-07-16;Conito;3.97
2025-07-16;Costilla Alta;1.73
2025-07-16;Costilla de Cerdo;3.60
2025-07-16;Crema Perfecta;2.02
2025-07-16;Higado De Pollo;3.30
2025-07-16;Huesos Corriente;1.99
2025-07-16;Lomo de Cerdo;1.18
2025-07-16;Lomo de Res;2.80
2025-07-16;Medio Pollo;2.40
2025-07-16;Menudo;1.02
2025-07-16;Mortadela;3.50
2025-07-16;Muslo;2.53
2025-07-16;Muslo Especial;3.72
2025-07-16;Pechuga Con Ala;1.85
2025-07-16;Pechuga Especial;2.84
2025-07-16;Pierna Entera;3.61
2025-07-16;Pierna Especial;3.13
2025-07-16;Posta de Cerdo;2.50
2025-07-16;Posta de Corona;3.10
2025-07-16;Posta De Gallina;1.97
2025-07-16;Posta de Pierna;1.25
2025-07-16;Producto de Prueba;3.14
2025-07-16;Punta de Cacho;1.00
2025-07-16;Queso;3.90
2025-07-16;Salchicha;3.83
2025-07-16;Salchichon;1.92
2025-07-16;Sesina;2.31
2025-07-16;Titiles;2.11
2025-07-17;Centrolac leche entera 472 ml;1.71
2025-07-17;"Centrolac milk whole 1000 ml ";2.71
2025-07-17;Chincaca;1.88
2025-07-17;Chorizo Criollo;3.75
2025-07-17;Conito;3.19
2025-07-17;Costilla Alta;1.28
2025-07-17;Costilla de Cerdo;2.21
2025-07-17;Crema Perfecta;3.00
2025-07-17;Higado De Pollo;3.09
2025-07-17;Huesos Corriente;2.08
2025-07-17;Lomo de Cerdo;2.43
2025-07-17;Lomo de Res;1.99
2025-07-17;Medio Pollo;3.72
2025-07-17;Menudo;3.09
2025-07-17;Mortadela;2.47
2025-07-17;Muslo;3.72
2025-07-17;Muslo Especial;1.22
2025-07-17;Pechuga Con Ala;1.66
2025-07-17;Pechuga Especial;1.75
2025-07-17;Pierna Entera;3.59
2025-07-17;Pierna Especial;1.07
2025-07-17;Posta de Cerdo;1.79
2025-07-17;Posta de Corona;3.77
2025-07-17;Posta De Gallina;1.56
2025-07-17;Posta de Pierna;3.37
2025-07-17;Producto de Prueba;1.98
2025-07-17;Punta de Cacho;1.60
2025-07-17;Queso;3.03
2025-07-17;Salchicha;2.87
2025-07-17;Salchichon;2.40
2025-07-17;Sesina;2.66
2025-07-17;Titiles;3.62
2025-07-18;Centrolac leche entera 472 ml;1.88
2025-07-18;"Centrolac milk whole 1000 ml ";2.15
2025-07-18;Chincaca;3.27
2025-07-18;Chorizo Criollo;1.54
2025-07-18;Conito;1.64
2025-07-18;Costilla Alta;1.90
2025-07-18;Costilla de Cerdo;3.14
2025-07-18;Crema Perfecta;1.82
2025-07-18;Higado De Pollo;1.81
2025-07-18;Huesos Corriente;3.15
2025-07-18;Lomo de Cerdo;1.66
2025-07-18;Lomo de Res;3.03
2025-07-18;Medio Pollo;1.03
2025-07-18;Menudo;3.20
2025-07-18;Mortadela;3.63
2025-07-18;Muslo;3.68
2025-07-18;Muslo Especial;2.71
2025-07-18;Pechuga Con Ala;1.68
2025-07-18;Pechuga Especial;2.18
2025-07-18;Pierna Entera;3.36
2025-07-18;Pierna Especial;3.46
2025-07-18;Posta de Cerdo;1.22
2025-07-18;Posta de Corona;2.06
2025-07-18;Posta De Gallina;3.34
2025-07-18;Posta de Pierna;1.67
2025-07-18;Producto de Prueba;3.38
2025-07-18;Punta de Cacho;3.48
2025-07-18;Queso;3.31
2025-07-18;Salchicha;1.08
2025-07-18;Salchichon;1.93
2025-07-18;Sesina;3.57
2025-07-18;Titiles;3.36
2025-07-19;Centrolac leche entera 472 ml;3.39
2025-07-19;"Centrolac milk whole 1000 ml ";1.86
2025-07-19;Chincaca;2.84
2025-07-19;Chorizo Criollo;2.29
2025-07-19;Conito;3.23
2025-07-19;Costilla Alta;2.22
2025-07-19;Costilla de Cerdo;3.64
2025-07-19;Crema Perfecta;3.09
2025-07-19;Higado De Pollo;1.88
2025-07-19;Huesos Corriente;3.86
2025-07-19;Lomo de Cerdo;2.41
2025-07-19;Lomo de Res;3.23
2025-07-19;Medio Pollo;1.16
2025-07-19;Menudo;1.15
2025-07-19;Mortadela;1.83
2025-07-19;Muslo;3.82
2025-07-19;Muslo Especial;2.98
2025-07-19;Pechuga Con Ala;1.48
2025-07-19;Pechuga Especial;2.81
2025-07-19;Pierna Entera;3.71
2025-07-19;Pierna Especial;2.20
2025-07-19;Posta de Cerdo;3.38
2025-07-19;Posta de Corona;1.36
2025-07-19;Posta De Gallina;2.80
2025-07-19;Posta de Pierna;2.18
2025-07-19;Producto de Prueba;1.26
2025-07-19;Punta de Cacho;2.27
2025-07-19;Queso;2.46
2025-07-19;Salchicha;2.53
2025-07-19;Salchichon;3.22
2025-07-19;Sesina;2.97
2025-07-19;Titiles;3.18
2025-07-20;Centrolac leche entera 472 ml;1.58
2025-07-20;"Centrolac milk whole 1000 ml ";1.53
2025-07-20;Chincaca;3.12
2025-07-20;Chorizo Criollo;1.31
2025-07-20;Conito;3.45
2025-07-20;Costilla Alta;1.01
2025-07-20;Costilla de Cerdo;2.73
2025-07-20;Crema Perfecta;1.22
2025-07-20;Higado De Pollo;1.21
2025-07-20;Huesos Corriente;1.12
2025-07-20;Lomo de Cerdo;2.25
2025-07-20;Lomo de Res;3.50
2025-07-20;Medio Pollo;1.72
2025-07-20;Menudo;2.62
2025-07-20;Mortadela;3.00
2025-07-20;Muslo;1.73
2025-07-20;Muslo Especial;1.20
2025-07-20;Pechuga Con Ala;2.38
2025-07-20;Pechuga Especial;2.93
2025-07-20;Pierna Entera;3.96
2025-07-20;Pierna Especial;2.17
2025-07-20;Posta de Cerdo;3.09
2025-07-20;Posta de Corona;1.98
2025-07-20;Posta De Gallina;1.10
2025-07-20;Posta de Pierna;2.97
2025-07-20;Producto de Prueba;1.28
2025-07-20;Punta de Cacho;2.80
2025-07-20;Queso;1.78
2025-07-20;Salchicha;1.48
2025-07-20;Salchichon;1.35
2025-07-20;Sesina;3.60
2025-07-20;Titiles;3.43
2025-07-21;Centrolac leche entera 472 ml;1.50
2025-07-21;"Centrolac milk whole 1000 ml ";3.63
2025-07-21;Chincaca;3.92
2025-07-21;Chorizo Criollo;1.33
2025-07-21;Conito;2.43
2025-07-21;Costilla Alta;2.65
2025-07-21;Costilla de Cerdo;2.30
2025-07-21;Crema Perfecta;2.15
2025-07-21;Higado De Pollo;2.22
2025-07-21;Huesos Corriente;2.07
2025-07-21;Lomo de Cerdo;2.12
2025-07-21;Lomo de Res;1.86
2025-07-21;Medio Pollo;1.96
2025-07-21;Menudo;3.26
2025-07-21;Mortadela;1.00
2025-07-21;Muslo;2.19
2025-07-21;Muslo Especial;1.44
2025-07-21;Pechuga Con Ala;1.03
2025-07-21;Pechuga Especial;3.52
2025-07-21;Pierna Entera;1.48
2025-07-21;Pierna Especial;3.09
2025-07-21;Posta de Cerdo;2.30
2025-07-21;Posta de Corona;1.98
2025-07-21;Posta De Gallina;2.74
2025-07-21;Posta de Pierna;1.61
2025-07-21;Producto de Prueba;1.33
2025-07-21;Punta de Cacho;1.21
2025-07-21;Queso;2.26
2025-07-21;Salchicha;2.27
2025-07-21;Salchichon;2.36
2025-07-21;Sesina;2.62
2025-07-21;Titiles;2.92
2025-07-22;Centrolac leche entera 472 ml;2.78
2025-07-22;"Centrolac milk whole 1000 ml ";3.27
2025-07-22;Chincaca;1.29
2025-07-22;Chorizo Criollo;2.21
2025-07-22;Conito;1.97
2025-07-22;Costilla Alta;2.50
2025-07-22;Costilla de Cerdo;1.65
2025-07-22;Crema Perfecta;3.40
2025-07-22;Higado De Pollo;3.13
2025-07-22;Huesos Corriente;2.61
2025-07-22;Lomo de Cerdo;3.67
2025-07-22;Lomo de Res;1.55
2025-07-22;Medio Pollo;3.32
2025-07-22;Menudo;1.88
2025-07-22;Mortadela;1.11
2025-07-22;Muslo;2.49
2025-07-22;Muslo Especial;3.19
2025-07-22;Pechuga Con Ala;2.14
2025-07-22;Pechuga Especial;1.31
2025-07-22;Pierna Entera;3.26
2025-07-22;Pierna Especial;3.06
2025-07-22;Posta de Cerdo;2.51
2025-07-22;Posta de Corona;1.94
2025-07-22;Posta De Gallina;3.32
2025-07-22;Posta de Pierna;2.46
2025-07-22;Producto de Prueba;1.41
2025-07-22;Punta de Cacho;3.04
2025-07-22;Queso;3.35
2025-07-22;Salchicha;2.79
2025-07-22;Salchichon;3.82
2025-07-22;Sesina;2.08
2025-07-22;Titiles;3.14
2025-07-23;Centrolac leche entera 472 ml;2.67
2025-07-23;"Centrolac milk whole 1000 ml ";1.54
2025-07-23;Chincaca;2.27
2025-07-23;Chorizo Criollo;2.74
2025-07-23;Conito;3.97
2025-07-23;Costilla Alta;3.75
2025-07-23;Costilla de Cerdo;2.31
2025-07-23;Crema Perfecta;2.79
2025-07-23;Higado De Pollo;3.55
2025-07-23;Huesos Corriente;3.89
2025-07-23;Lomo de Cerdo;2.25
2025-07-23;Lomo de Res;1.87
2025-07-23;Medio Pollo;1.49
2025-07-23;Menudo;2.86
2025-07-23;Mortadela;1.19
2025-07-23;Muslo;1.89
2025-07-23;Muslo Especial;3.91
2025-07-23;Pechuga Con Ala;1.33
2025-07-23;Pechuga Especial;1.76
2025-07-23;Pierna Entera;2.41
2025-07-23;Pierna Especial;3.39
2025-07-23;Posta de Cerdo;3.14
2025-07-23;Posta de Corona;1.17
2025-07-23;Posta De Gallina;3.16
2025-07-23;Posta de Pierna;2.24
2025-07-23;Producto de Prueba;2.28
2025-07-23;Punta de Cacho;1.40
2025-07-23;Queso;2.08
2025-07-23;Salchicha;2.87
2025-07-23;Salchichon;2.75
2025-07-23;Sesina;2.55
2025-07-23;Titiles;3.28
2025-07-24;Centrolac leche entera 472 ml;3.64
2025-07-24;"Centrolac milk whole 1000 ml ";2.54
2025-07-24;Chincaca;3.36
2025-07-24;Chorizo Criollo;2.39
2025-07-24;Conito;1.48
2025-07-24;Costilla Alta;3.72
2025-07-24;Costilla de Cerdo;3.31
2025-07-24;Crema Perfecta;1.93
2025-07-24;Higado De Pollo;3.66
2025-07-24;Huesos Corriente;3.46
2025-07-24;Lomo de Cerdo;1.80
2025-07-24;Lomo de Res;2.87
2025-07-24;Medio Pollo;2.82
2025-07-24;Menudo;2.58
2025-07-24;Mortadela;3.39
2025-07-24;Muslo;2.54
2025-07-24;Muslo Especial;3.03
2025-07-24;Pechuga Con Ala;3.93
2025-07-24;Pechuga Especial;2.44
2025-07-24;Pierna Entera;2.77
2025-07-24;Pierna Especial;2.18
2025-07-24;Posta de Cerdo;1.18
2025-07-24;Posta de Corona;2.65
2025-07-24;Posta De Gallina;2.34
2025-07-24;Posta de Pierna;1.17
2025-07-24;Producto de Prueba;3.46
2025-07-24;Punta de Cacho;2.66
2025-07-24;Queso;3.30
2025-07-24;Salchicha;3.07
2025-07-24;Salchichon;2.61
2025-07-24;Sesina;1.71
2025-07-24;Titiles;2.01
2025-07-25;Centrolac leche entera 472 ml;1.62
2025-07-25;"Centrolac milk whole 1000 ml ";2.70
2025-07-25;Chincaca;1.60
2025-07-25;Chorizo Criollo;2.77
2025-07-25;Conito;2.92
2025-07-25;Costilla Alta;3.27
2025-07-25;Costilla de Cerdo;2.20
2025-07-25;Crema Perfecta;3.31
2025-07-25;Higado De Pollo;1.16
2025-07-25;Huesos Corriente;3.67
2025-07-25;Lomo de Cerdo;2.92
2025-07-25;Lomo de Res;3.51
2025-07-25;Medio Pollo;3.97
2025-07-25;Menudo;3.08
2025-07-25;Mortadela;2.57
2025-07-25;Muslo;3.72
2025-07-25;Muslo Especial;2.56
2025-07-25;Pechuga Con Ala;1.64
2025-07-25;Pechuga Especial;2.75
2025-07-25;Pierna Entera;1.26
2025-07-25;Pierna Especial;1.37
2025-07-25;Posta de Cerdo;2.25
2025-07-25;Posta de Corona;2.29
2025-07-25;Posta De Gallina;2.19
2025-07-25;Posta de Pierna;2.63
2025-07-25;Producto de Prueba;1.83
2025-07-25;Punta de Cacho;1.70
2025-07-25;Queso;3.26
2025-07-25;Salchicha;3.41
2025-07-25;Salchichon;1.65
2025-07-25;Sesina;3.32
2025-07-25;Titiles;1.68
2025-07-26;Centrolac leche entera 472 ml;1.28
2025-07-26;"Centrolac milk whole 1000 ml ";3.78
2025-07-26;Chincaca;3.39
2025-07-26;Chorizo Criollo;3.33
2025-07-26;Conito;3.85
2025-07-26;Costilla Alta;2.31
2025-07-26;Costilla de Cerdo;2.87
2025-07-26;Crema Perfecta;3.68
2025-07-26;Higado De Pollo;3.45
2025-07-26;Huesos Corriente;2.06
2025-07-26;Lomo de Cerdo;2.50
2025-07-26;Lomo de Res;3.80
2025-07-26;Medio Pollo;2.97
2025-07-26;Menudo;1.62
2025-07-26;Mortadela;1.90
2025-07-26;Muslo;1.71
2025-07-26;Muslo Especial;2.28
2025-07-26;Pechuga Con Ala;1.12
2025-07-26;Pechuga Especial;2.88
2025-07-26;Pierna Entera;2.16
2025-07-26;Pierna Especial;3.37
2025-07-26;Posta de Cerdo;1.92
2025-07-26;Posta de Corona;2.56
2025-07-26;Posta De Gallina;2.19
2025-07-26;Posta de Pierna;2.94
2025-07-26;Producto de Prueba;2.05
2025-07-26;Punta de Cacho;3.69
2025-07-26;Queso;3.89
2025-07-26;Salchicha;1.94
2025-07-26;Salchichon;1.54
2025-07-26;Sesina;3.56
2025-07-26;Titiles;2.36
2025-07-27;Centrolac leche entera 472 ml;2.64
2025-07-27;"Centrolac milk whole 1000 ml ";3.32
2025-07-27;Chincaca;1.19
2025-07-27;Chorizo Criollo;3.09
2025-07-27;Conito;2.94
2025-07-27;Costilla Alta;1.27
2025-07-27;Costilla de Cerdo;2.82
2025-07-27;Crema Perfecta;2.88
2025-07-27;Higado De Pollo;1.94
2025-07-27;Huesos Corriente;1.79
2025-07-27;Lomo de Cerdo;1.68
2025-07-27;Lomo de Res;3.28
2025-07-27;Medio Pollo;3.42
2025-07-27;Menudo;3.18
2025-07-27;Mortadela;3.66
2025-07-27;Muslo;2.42
2025-07-27;Muslo Especial;3.50
2025-07-27;Pechuga Con Ala;3.86
2025-07-27;Pechuga Especial;1.09
2025-07-27;Pierna Entera;3.19
2025-07-27;Pierna Especial;3.66
2025-07-27;Posta de Cerdo;3.79
2025-07-27;Posta de Corona;2.75
2025-07-27;Posta De Gallina;3.07
2025-07-27;Posta de Pierna;1.63
2025-07-27;Producto de Prueba;3.74
2025-07-27;Punta de Cacho;1.19
2025-07-27;Queso;1.16
2025-07-27;Salchicha;2.54
2025-07-27;Salchichon;2.03
2025-07-27;Sesina;2.77
2025-07-27;Titiles;2.61
2025-07-28;Centrolac leche entera 472 ml;1.62
2025-07-28;"Centrolac milk whole 1000 ml ";2.80
2025-07-28;Chincaca;2.06
2025-07-28;Chorizo Criollo;1.53
2025-07-28;Conito;2.53
2025-07-28;Costilla Alta;2.97
2025-07-28;Costilla de Cerdo;3.47
2025-07-28;Crema Perfecta;2.19
2025-07-28;Higado De Pollo;2.05
2025-07-28;Huesos Corriente;2.36
2025-07-28;Lomo de Cerdo;2.90
2025-07-28;Lomo de Res;1.72
2025-07-28;Medio Pollo;2.35
2025-07-28;Menudo;1.81
2025-07-28;Mortadela;1.63
2025-07-28;Muslo;3.70
2025-07-28;Muslo Especial;2.68
2025-07-28;Pechuga Con Ala;3.21
2025-07-28;Pechuga Especial;3.61
2025-07-28;Pierna Entera;3.83
2025-07-28;Pierna Especial;2.54
2025-07-28;Posta de Cerdo;2.93
2025-07-28;Posta de Corona;3.35
2025-07-28;Posta De Gallina;1.49
2025-07-28;Posta de Pierna;3.20
2025-07-28;Producto de Prueba;1.02
2025-07-28;Punta de Cacho;3.72
2025-07-28;Queso;1.45
2025-07-28;Salchicha;3.25
2025-07-28;Salchichon;2.36
2025-07-28;Sesina;2.15
2025-07-28;Titiles;2.32
2025-07-29;Centrolac leche entera 472 ml;3.96
2025-07-29;"Centrolac milk whole 1000 ml ";3.44
2025-07-29;Chincaca;3.53
2025-07-29;Chorizo Criollo;3.96
2025-07-29;Conito;2.34
2025-07-29;Costilla Alta;3.94
2025-07-29;Costilla de Cerdo;1.01
2025-07-29;Crema Perfecta;3.53
2025-07-29;Higado De Pollo;1.20
2025-07-29;Huesos Corriente;2.11
2025-07-29;Lomo de Cerdo;3.02
2025-07-29;Lomo de Res;2.42
2025-07-29;Medio Pollo;1.21
2025-07-29;Menudo;3.61
2025-07-29;Mortadela;2.24
2025-07-29;Muslo;3.35
2025-07-29;Muslo Especial;1.32
2025-07-29;Pechuga Con Ala;2.84
2025-07-29;Pechuga Especial;3.78
2025-07-29;Pierna Entera;2.27
2025-07-29;Pierna Especial;3.17
2025-07-29;Posta de Cerdo;2.13
2025-07-29;Posta de Corona;1.32
2025-07-29;Posta De Gallina;1.04
2025-07-29;Posta de Pierna;3.05
2025-07-29;Producto de Prueba;3.91
2025-07-29;Punta de Cacho;1.33
2025-07-29;Queso;2.47
2025-07-29;Salchicha;1.49
2025-07-29;Salchichon;1.27
2025-07-29;Sesina;2.33
2025-07-29;Titiles;3.16
2025-07-30;Centrolac leche entera 472 ml;2.38
2025-07-30;"Centrolac milk whole 1000 ml ";3.17
2025-07-30;Chincaca;1.19
2025-07-30;Chorizo Criollo;1.90
2025-07-30;Conito;3.56
2025-07-30;Costilla Alta;3.52
2025-07-30;Costilla de Cerdo;2.22
2025-07-30;Crema Perfecta;2.52
2025-07-30;Higado De Pollo;3.94
2025-07-30;Huesos Corriente;1.43
2025-07-30;Lomo de Cerdo;1.19
2025-07-30;Lomo de Res;2.90
2025-07-30;Medio Pollo;1.10
2025-07-30;Menudo;1.37
2025-07-30;Mortadela;1.33
2025-07-30;Muslo;3.26
2025-07-30;Muslo Especial;2.46
2025-07-30;Pechuga Con Ala;3.49
2025-07-30;Pechuga Especial;2.64
2025-07-30;Pierna Entera;1.75
2025-07-30;Pierna Especial;2.44
2025-07-30;Posta de Cerdo;2.88
2025-07-30;Posta de Corona;3.35
2025-07-30;Posta De Gallina;1.87
2025-07-30;Posta de Pierna;2.73
2025-07-30;Producto de Prueba;1.31
2025-07-30;Punta de Cacho;1.37
2025-07-30;Queso;3.63
2025-07-30;Salchicha;2.60
2025-07-30;Salchichon;1.22
2025-07-30;Sesina;3.37
2025-07-30;Titiles;1.89
2025-07-31;Centrolac leche entera 472 ml;1.07
2025-07-31;"Centrolac milk whole 1000 ml ";1.42
2025-07-31;Chincaca;2.12
2025-07-31;Chorizo Criollo;3.86
2025-07-31;Conito;1.14
2025-07-31;Costilla Alta;2.96
2025-07-31;Costilla de Cerdo;2.59
2025-07-31;Crema Perfecta;2.56
2025-07-31;Higado De Pollo;2.54
2025-07-31;Huesos Corriente;2.74
2025-07-31;Lomo de Cerdo;1.95
2025-07-31;Lomo de Res;2.22
2025-07-31;Medio Pollo;3.11
2025-07-31;Menudo;2.21
2025-07-31;Mortadela;3.30
2025-07-31;Muslo;2.79
2025-07-31;Muslo Especial;2.36
2025-07-31;Pechuga Con Ala;3.58
2025-07-31;Pechuga Especial;1.51
2025-07-31;Pierna Entera;1.79
2025-07-31;Pierna Especial;1.62
2025-07-31;Posta de Cerdo;2.60
2025-07-31;Posta de Corona;3.01
2025-07-31;Posta De Gallina;2.68
2025-07-31;Posta de Pierna;2.75
2025-07-31;Producto de Prueba;1.02
2025-07-31;Punta de Cacho;3.95
2025-07-31;Queso;1.24
2025-07-31;Salchicha;1.83
2025-07-31;Salchichon;1.83
2025-07-31;Sesina;1.09
2025-07-31;Titiles;3.56
2025-08-01;Centrolac leche entera 472 ml;2.93
2025-08-01;"Centrolac milk whole 1000 ml ";2.42
2025-08-01;Chincaca;2.80
2025-08-01;Chorizo Criollo;1.82
2025-08-01;Conito;1.09
2025-08-01;Costilla Alta;1.66
2025-08-01;Costilla de Cerdo;1.66
2025-08-01;Crema Perfecta;2.43
2025-08-01;Higado De Pollo;1.03
2025-08-01;Huesos Corriente;1.18
2025-08-01;Lomo de Cerdo;2.73
2025-08-01;Lomo de Res;1.02
2025-08-01;Medio Pollo;1.37
2025-08-01;Menudo;3.87
2025-08-01;Mortadela;2.66
2025-08-01;Muslo;3.17
2025-08-01;Muslo Especial;1.54
2025-08-01;Pechuga Con Ala;1.88
2025-08-01;Pechuga Especial;1.38
2025-08-01;Pierna Entera;3.38
2025-08-01;Pierna Especial;1.31
2025-08-01;Posta de Cerdo;2.28
2025-08-01;Posta de Corona;3.36
2025-08-01;Posta De Gallina;3.68
2025-08-01;Posta de Pierna;3.32
2025-08-01;Producto de Prueba;1.04
2025-08-01;Punta de Cacho;2.05
2025-08-01;Queso;1.65
2025-08-01;Salchicha;2.09
2025-08-01;Salchichon;1.07
2025-08-01;Sesina;2.70
2025-08-01;Titiles;1.34
2025-08-02;Centrolac leche entera 472 ml;2.32
2025-08-02;"Centrolac milk whole 1000 ml ";2.17
2025-08-02;Chincaca;3.15
2025-08-02;Chorizo Criollo;3.03
2025-08-02;Conito;2.47
2025-08-02;Costilla Alta;1.49
2025-08-02;Costilla de Cerdo;2.24
2025-08-02;Crema Perfecta;3.32
2025-08-02;Higado De Pollo;1.31
2025-08-02;Huesos Corriente;3.67
2025-08-02;Lomo de Cerdo;1.05
2025-08-02;Lomo de Res;2.06
2025-08-02;Medio Pollo;2.61
2025-08-02;Menudo;2.21
2025-08-02;Mortadela;2.85
2025-08-02;Muslo;1.62
2025-08-02;Muslo Especial;3.26
2025-08-02;Pechuga Con Ala;3.24
2025-08-02;Pechuga Especial;1.01
2025-08-02;Pierna Entera;1.47
2025-08-02;Pierna Especial;3.60
2025-08-02;Posta de Cerdo;2.51
2025-08-02;Posta de Corona;1.41
2025-08-02;Posta De Gallina;3.79
2025-08-02;Posta de Pierna;2.42
2025-08-02;Producto de Prueba;1.11
2025-08-02;Punta de Cacho;3.14
2025-08-02;Queso;1.28
2025-08-02;Salchicha;2.69
2025-08-02;Salchichon;1.91
2025-08-02;Sesina;2.65
2025-08-02;Titiles;1.03
2025-08-03;Centrolac leche entera 472 ml;2.72
2025-08-03;"Centrolac milk whole 1000 ml ";1.85
2025-08-03;Chincaca;1.50
2025-08-03;Chorizo Criollo;2.12
2025-08-03;Conito;1.92
2025-08-03;Costilla Alta;3.61
2025-08-03;Costilla de Cerdo;3.64
2025-08-03;Crema Perfecta;1.27
2025-08-03;Higado De Pollo;4.00
2025-08-03;Huesos Corriente;3.04
2025-08-03;Lomo de Cerdo;2.59
2025-08-03;Lomo de Res;3.71
2025-08-03;Medio Pollo;2.65
2025-08-03;Menudo;3.93
2025-08-03;Mortadela;2.82
2025-08-03;Muslo;2.97
2025-08-03;Muslo Especial;3.18
2025-08-03;Pechuga Con Ala;1.83
2025-08-03;Pechuga Especial;1.59
2025-08-03;Pierna Entera;1.01
2025-08-03;Pierna Especial;1.85
2025-08-03;Posta de Cerdo;3.26
2025-08-03;Posta de Corona;1.17
2025-08-03;Posta De Gallina;3.28
2025-08-03;Posta de Pierna;2.07
2025-08-03;Producto de Prueba;2.01
2025-08-03;Punta de Cacho;2.64
2025-08-03;Queso;2.76
2025-08-03;Salchicha;3.77
2025-08-03;Salchichon;1.15
2025-08-03;Sesina;1.33
2025-08-03;Titiles;2.31
2025-08-04;Centrolac leche entera 472 ml;3.81
2025-08-04;"Centrolac milk whole 1000 ml ";3.48
2025-08-04;Chincaca;3.06
2025-08-04;Chorizo Criollo;1.91
2025-08-04;Conito;1.36
2025-08-04;Costilla Alta;3.76
2025-08-04;Costilla de Cerdo;3.99
2025-08-04;Crema Perfecta;3.18
2025-08-04;Higado De Pollo;2.73
2025-08-04;Huesos Corriente;1.51
2025-08-04;Lomo de Cerdo;2.08
2025-08-04;Lomo de Res;3.76
2025-08-04;Medio Pollo;2.06
2025-08-04;Menudo;1.91
2025-08-04;Mortadela;2.36
2025-08-04;Muslo;2.69
2025-08-04;Muslo Especial;3.49
2025-08-04;Pechuga Con Ala;3.85
2025-08-04;Pechuga Especial;1.91
2025-08-04;Pierna Entera;2.23
2025-08-04;Pierna Especial;2.98
2025-08-04;Posta de Cerdo;2.34
2025-08-04;Posta de Corona;2.27
2025-08-04;Posta De Gallina;3.21
2025-08-04;Posta de Pierna;3.92
2025-08-04;Producto de Prueba;2.96
2025-08-04;Punta de Cacho;1.47
2025-08-04;Queso;1.60
2025-08-04;Salchicha;1.72
2025-08-04;Salchichon;3.35
2025-08-04;Sesina;1.61
2025-08-04;Titiles;3.54
2025-08-05;Centrolac leche entera 472 ml;2.10
2025-08-05;"Centrolac milk whole 1000 ml ";1.05
2025-08-05;Chincaca;3.80
2025-08-05;Chorizo Criollo;2.72
2025-08-05;Conito;2.23
2025-08-05;Costilla Alta;2.64
2025-08-05;Costilla de Cerdo;1.27
2025-08-05;Crema Perfecta;2.64
2025-08-05;Higado De Pollo;1.88
2025-08-05;Huesos Corriente;2.20
2025-08-05;Lomo de Cerdo;2.82
2025-08-05;Lomo de Res;2.60
2025-08-05;Medio Pollo;1.89
2025-08-05;Menudo;1.30
2025-08-05;Mortadela;1.73
2025-08-05;Muslo;1.74
2025-08-05;Muslo Especial;2.37
2025-08-05;Pechuga Con Ala;3.87
2025-08-05;Pechuga Especial;1.24
2025-08-05;Pierna Entera;2.96
2025-08-05;Pierna Especial;2.13
2025-08-05;Posta de Cerdo;1.68
2025-08-05;Posta de Corona;2.62
2025-08-05;Posta De Gallina;2.88
2025-08-05;Posta de Pierna;3.52
2025-08-05;Producto de Prueba;3.61
2025-08-05;Punta de Cacho;3.37
2025-08-05;Queso;1.84
2025-08-05;Salchicha;3.43
2025-08-05;Salchichon;2.30
2025-08-05;Sesina;2.61
2025-08-05;Titiles;2.89
2025-08-06;Centrolac leche entera 472 ml;1.40
2025-08-06;"Centrolac milk whole 1000 ml ";3.70
2025-08-06;Chincaca;1.66
2025-08-06;Chorizo Criollo;2.20
2025-08-06;Conito;2.05
2025-08-06;Costilla Alta;3.72
2025-08-06;Costilla de Cerdo;2.14
2025-08-06;Crema Perfecta;2.04
2025-08-06;Higado De Pollo;3.35
2025-08-06;Huesos Corriente;2.13
2025-08-06;Lomo de Cerdo;1.64
2025-08-06;Lomo de Res;2.39
2025-08-06;Medio Pollo;1.75
2025-08-06;Menudo;3.41
2025-08-06;Mortadela;2.81
2025-08-06;Muslo;1.42
2025-08-06;Muslo Especial;2.62
2025-08-06;Pechuga Con Ala;2.82
2025-08-06;Pechuga Especial;1.31
2025-08-06;Pierna Entera;3.19
2025-08-06;Pierna Especial;1.98
2025-08-06;Posta de Cerdo;3.26
2025-08-06;Posta de Corona;2.39
2025-08-06;Posta De Gallina;2.07
2025-08-06;Posta de Pierna;1.81
2025-08-06;Producto de Prueba;2.78
2025-08-06;Punta de Cacho;2.62
2025-08-06;Queso;1.36
2025-08-06;Salchicha;2.33
2025-08-06;Salchichon;1.19
2025-08-06;Sesina;3.17
2025-08-06;Titiles;3.77
2025-08-07;Centrolac leche entera 472 ml;1.39
2025-08-07;"Centrolac milk whole 1000 ml ";2.82
2025-08-07;Chincaca;1.10
2025-08-07;Chorizo Criollo;2.45
2025-08-07;Conito;3.92
2025-08-07;Costilla Alta;3.49
2025-08-07;Costilla de Cerdo;3.52
2025-08-07;Crema Perfecta;1.12
2025-08-07;Higado De Pollo;3.91
2025-08-07;Huesos Corriente;2.77
2025-08-07;Lomo de Cerdo;2.62
2025-08-07;Lomo de Res;1.43
2025-08-07;Medio Pollo;2.34
2025-08-07;Menudo;1.91
2025-08-07;Mortadela;2.26
2025-08-07;Muslo;3.78
2025-08-07;Muslo Especial;1.76
2025-08-07;Pechuga Con Ala;3.67
2025-08-07;Pechuga Especial;3.61
2025-08-07;Pierna Entera;3.65
2025-08-07;Pierna Especial;1.66
2025-08-07;Posta de Cerdo;3.44
2025-08-07;Posta de Corona;1.69
2025-08-07;Posta De Gallina;1.12
2025-08-07;Posta de Pierna;1.29
2025-08-07;Producto de Prueba;3.91
2025-08-07;Punta de Cacho;2.79
2025-08-07;Queso;2.99
2025-08-07;Salchicha;1.67
2025-08-07;Salchichon;3.10
2025-08-07;Sesina;1.60
2025-08-07;Titiles;1.84
2025-08-08;Centrolac leche entera 472 ml;1.27
2025-08-08;"Centrolac milk whole 1000 ml ";1.61
2025-08-08;Chincaca;1.96
2025-08-08;Chorizo Criollo;2.26
2025-08-08;Conito;3.56
2025-08-08;Costilla Alta;1.24
2025-08-08;Costilla de Cerdo;1.37
2025-08-08;Crema Perfecta;3.58
2025-08-08;Higado De Pollo;1.19
2025-08-08;Huesos Corriente;1.68
2025-08-08;Lomo de Cerdo;1.75
2025-08-08;Lomo de Res;1.58
2025-08-08;Medio Pollo;2.23
2025-08-08;Menudo;3.44
2025-08-08;Mortadela;3.93
2025-08-08;Muslo;3.51
2025-08-08;Muslo Especial;3.42
2025-08-08;Pechuga Con Ala;1.86
2025-08-08;Pechuga Especial;3.30
2025-08-08;Pierna Entera;1.02
2025-08-08;Pierna Especial;3.99
2025-08-08;Posta de Cerdo;2.59
2025-08-08;Posta de Corona;1.34
2025-08-08;Posta De Gallina;2.67
2025-08-08;Posta de Pierna;2.78
2025-08-08;Producto de Prueba;1.30
2025-08-08;Punta de Cacho;3.10
2025-08-08;Queso;1.32
2025-08-08;Salchicha;1.28
2025-08-08;Salchichon;2.50
2025-08-08;Sesina;1.35
2025-08-08;Titiles;1.95
2025-08-09;Centrolac leche entera 472 ml;2.13
2025-08-09;"Centrolac milk whole 1000 ml ";1.73
2025-08-09;Chincaca;3.10
2025-08-09;Chorizo Criollo;2.04
2025-08-09;Conito;1.15
2025-08-09;Costilla Alta;1.86
2025-08-09;Costilla de Cerdo;2.97
2025-08-09;Crema Perfecta;3.44
2025-08-09;Higado De Pollo;1.57
2025-08-09;Huesos Corriente;1.22
2025-08-09;Lomo de Cerdo;3.91
2025-08-09;Lomo de Res;3.97
2025-08-09;Medio Pollo;2.51
2025-08-09;Menudo;2.07
2025-08-09;Mortadela;1.78
2025-08-09;Muslo;3.61
2025-08-09;Muslo Especial;1.20
2025-08-09;Pechuga Con Ala;3.53
2025-08-09;Pechuga Especial;3.60
2025-08-09;Pierna Entera;2.55
2025-08-09;Pierna Especial;2.29
2025-08-09;Posta de Cerdo;2.09
2025-08-09;Posta de Corona;1.25
2025-08-09;Posta De Gallina;2.32
2025-08-09;Posta de Pierna;1.67
2025-08-09;Producto de Prueba;1.25
2025-08-09;Punta de Cacho;3.36
2025-08-09;Queso;2.49
2025-08-09;Salchicha;3.22
2025-08-09;Salchichon;2.39
2025-08-09;Sesina;3.77
2025-08-09;Titiles;2.56
2025-08-10;Centrolac leche entera 472 ml;2.44
2025-08-10;"Centrolac milk whole 1000 ml ";3.76
2025-08-10;Chincaca;3.72
2025-08-10;Chorizo Criollo;3.36
2025-08-10;Conito;3.03
2025-08-10;Costilla Alta;3.68
2025-08-10;Costilla de Cerdo;2.72
2025-08-10;Crema Perfecta;3.45
2025-08-10;Higado De Pollo;3.25
2025-08-10;Huesos Corriente;1.86
2025-08-10;Lomo de Cerdo;3.02
2025-08-10;Lomo de Res;1.70
2025-08-10;Medio Pollo;2.53
2025-08-10;Menudo;1.98
2025-08-10;Mortadela;1.48
2025-08-10;Muslo;3.55
2025-08-10;Muslo Especial;3.31
2025-08-10;Pechuga Con Ala;3.44
2025-08-10;Pechuga Especial;2.74
2025-08-10;Pierna Entera;2.59
2025-08-10;Pierna Especial;2.57
2025-08-10;Posta de Cerdo;2.48
2025-08-10;Posta de Corona;1.63
2025-08-10;Posta De Gallina;3.06
2025-08-10;Posta de Pierna;3.54
2025-08-10;Producto de Prueba;4.00
2025-08-10;Punta de Cacho;3.16
2025-08-10;Queso;2.06
2025-08-10;Salchicha;3.18
2025-08-10;Salchichon;3.35
2025-08-10;Sesina;3.91
2025-08-10;Titiles;3.11
2025-08-11;Centrolac leche entera 472 ml;2.29
2025-08-11;"Centrolac milk whole 1000 ml ";2.33
2025-08-11;Chincaca;2.76
2025-08-11;Chorizo Criollo;2.12
2025-08-11;Conito;3.41
2025-08-11;Costilla Alta;1.73
2025-08-11;Costilla de Cerdo;1.36
2025-08-11;Crema Perfecta;3.70
2025-08-11;Higado De Pollo;2.57
2025-08-11;Huesos Corriente;2.09
2025-08-11;Lomo de Cerdo;1.64
2025-08-11;Lomo de Res;1.63
2025-08-11;Medio Pollo;1.92
2025-08-11;Menudo;2.33
2025-08-11;Mortadela;2.29
2025-08-11;Muslo;2.13
2025-08-11;Muslo Especial;2.83
2025-08-11;Pechuga Con Ala;3.66
2025-08-11;Pechuga Especial;1.25
2025-08-11;Pierna Entera;2.77
2025-08-11;Pierna Especial;2.22
2025-08-11;Posta de Cerdo;3.36
2025-08-11;Posta de Corona;2.90
2025-08-11;Posta De Gallina;1.83
2025-08-11;Posta de Pierna;2.42
2025-08-11;Producto de Prueba;3.94
2025-08-11;Punta de Cacho;1.88
2025-08-11;Queso;3.45
2025-08-11;Salchicha;1.60
2025-08-11;Salchichon;1.37
2025-08-11;Sesina;3.97
2025-08-11;Titiles;1.33
2025-08-12;Centrolac leche entera 472 ml;2.57
2025-08-12;"Centrolac milk whole 1000 ml ";1.82
2025-08-12;Chincaca;2.15
2025-08-12;Chorizo Criollo;3.69
2025-08-12;Conito;1.83
2025-08-12;Costilla Alta;2.62
2025-08-12;Costilla de Cerdo;3.46
2025-08-12;Crema Perfecta;1.57
2025-08-12;Higado De Pollo;1.51
2025-08-12;Huesos Corriente;1.33
2025-08-12;Lomo de Cerdo;2.21
2025-08-12;Lomo de Res;2.23
2025-08-12;Medio Pollo;1.25
2025-08-12;Menudo;3.24
2025-08-12;Mortadela;1.46
2025-08-12;Muslo;3.68
2025-08-12;Muslo Especial;1.83
2025-08-12;Pechuga Con Ala;3.64
2025-08-12;Pechuga Especial;3.45
2025-08-12;Pierna Entera;1.62
2025-08-12;Pierna Especial;3.08
2025-08-12;Posta de Cerdo;1.54
2025-08-12;Posta de Corona;2.30
2025-08-12;Posta De Gallina;3.04
2025-08-12;Posta de Pierna;2.44
2025-08-12;Producto de Prueba;2.15
2025-08-12;Punta de Cacho;3.26
2025-08-12;Queso;3.63
2025-08-12;Salchicha;2.94
2025-08-12;Salchichon;2.32
2025-08-12;Sesina;3.85
2025-08-12;Titiles;3.58
2025-08-13;Centrolac leche entera 472 ml;1.09
2025-08-13;"Centrolac milk whole 1000 ml ";3.87
2025-08-13;Chincaca;2.91
2025-08-13;Chorizo Criollo;2.59
2025-08-13;Conito;1.76
2025-08-13;Costilla Alta;3.21
2025-08-13;Costilla de Cerdo;3.70
2025-08-13;Crema Perfecta;3.94
2025-08-13;Higado De Pollo;2.47
2025-08-13;Huesos Corriente;3.64
2025-08-13;Lomo de Cerdo;2.68
2025-08-13;Lomo de Res;2.50
2025-08-13;Medio Pollo;2.45
2025-08-13;Menudo;2.79
2025-08-13;Mortadela;2.29
2025-08-13;Muslo;3.27
2025-08-13;Muslo Especial;1.37
2025-08-13;Pechuga Con Ala;3.45
2025-08-13;Pechuga Especial;3.74
2025-08-13;Pierna Entera;1.84
2025-08-13;Pierna Especial;2.38
2025-08-13;Posta de Cerdo;2.77
2025-08-13;Posta de Corona;2.85
2025-08-13;Posta De Gallina;2.31
2025-08-13;Posta de Pierna;1.69
2025-08-13;Producto de Prueba;2.08
2025-08-13;Punta de Cacho;1.14
2025-08-13;Queso;3.14
2025-08-13;Salchicha;2.87
2025-08-13;Salchichon;1.72
2025-08-13;Sesina;3.01
2025-08-13;Titiles;2.23
2025-08-14;Centrolac leche entera 472 ml;3.64
2025-08-14;"Centrolac milk whole 1000 ml ";3.81
2025-08-14;Chincaca;1.18
2025-08-14;Chorizo Criollo;3.58
2025-08-14;Conito;2.44
2025-08-14;Costilla Alta;3.24
2025-08-14;Costilla de Cerdo;3.96
2025-08-14;Crema Perfecta;3.16
2025-08-14;Higado De Pollo;2.76
2025-08-14;Huesos Corriente;3.14
2025-08-14;Lomo de Cerdo;1.73
2025-08-14;Lomo de Res;2.89
2025-08-14;Medio Pollo;1.35
2025-08-14;Menudo;3.04
2025-08-14;Mortadela;3.01
2025-08-14;Muslo;3.11
2025-08-14;Muslo Especial;2.57
2025-08-14;Pechuga Con Ala;1.55
2025-08-14;Pechuga Especial;3.73
2025-08-14;Pierna Entera;3.11
2025-08-14;Pierna Especial;3.34
2025-08-14;Posta de Cerdo;1.44
2025-08-14;Posta de Corona;2.82
2025-08-14;Posta De Gallina;1.68
2025-08-14;Posta de Pierna;1.81
2025-08-14;Producto de Prueba;2.52
2025-08-14;Punta de Cacho;2.10
2025-08-14;Queso;3.55
2025-08-14;Salchicha;1.25
2025-08-14;Salchichon;3.42
2025-08-14;Sesina;1.09
2025-08-14;Titiles;3.78
2025-08-15;Centrolac leche entera 472 ml;2.10
2025-08-15;"Centrolac milk whole 1000 ml ";1.38
2025-08-15;Chincaca;1.15
2025-08-15;Chorizo Criollo;3.81
2025-08-15;Conito;1.24
2025-08-15;Costilla Alta;3.43
2025-08-15;Costilla de Cerdo;2.50
2025-08-15;Crema Perfecta;1.09
2025-08-15;Higado De Pollo;3.23
2025-08-15;Huesos Corriente;2.48
2025-08-15;Lomo de Cerdo;1.50
2025-08-15;Lomo de Res;1.79
2025-08-15;Medio Pollo;1.94
2025-08-15;Menudo;2.59
2025-08-15;Mortadela;3.00
2025-08-15;Muslo;2.93
2025-08-15;Muslo Especial;3.59
2025-08-15;Pechuga Con Ala;1.07
2025-08-15;Pechuga Especial;3.11
2025-08-15;Pierna Entera;2.64
2025-08-15;Pierna Especial;2.43
2025-08-15;Posta de Cerdo;1.84
2025-08-15;Posta de Corona;2.82
2025-08-15;Posta De Gallina;2.09
2025-08-15;Posta de Pierna;3.11
2025-08-15;Producto de Prueba;1.57
2025-08-15;Punta de Cacho;2.64
2025-08-15;Queso;1.84
2025-08-15;Salchicha;3.69
2025-08-15;Salchichon;1.47
2025-08-15;Sesina;2.74
2025-08-15;Titiles;2.76
2025-08-16;Centrolac leche entera 472 ml;3.66
2025-08-16;"Centrolac milk whole 1000 ml ";3.69
2025-08-16;Chincaca;3.10
2025-08-16;Chorizo Criollo;3.33
2025-08-16;Conito;3.72
2025-08-16;Costilla Alta;1.45
2025-08-16;Costilla de Cerdo;2.73
2025-08-16;Crema Perfecta;1.59
2025-08-16;Higado De Pollo;2.87
2025-08-16;Huesos Corriente;1.05
2025-08-16;Lomo de Cerdo;1.66
2025-08-16;Lomo de Res;3.40
2025-08-16;Medio Pollo;1.37
2025-08-16;Menudo;1.92
2025-08-16;Mortadela;1.10
2025-08-16;Muslo;3.00
2025-08-16;Muslo Especial;3.60
2025-08-16;Pechuga Con Ala;3.13
2025-08-16;Pechuga Especial;2.02
2025-08-16;Pierna Entera;2.27
2025-08-16;Pierna Especial;1.85
2025-08-16;Posta de Cerdo;3.97
2025-08-16;Posta de Corona;3.59
2025-08-16;Posta De Gallina;1.64
2025-08-16;Posta de Pierna;1.20
2025-08-16;Producto de Prueba;3.54
2025-08-16;Punta de Cacho;2.22
2025-08-16;Queso;1.46
2025-08-16;Salchicha;3.33
2025-08-16;Salchichon;2.70
2025-08-16;Sesina;2.44
2025-08-16;Titiles;2.26
2025-08-17;Centrolac leche entera 472 ml;1.75
2025-08-17;"Centrolac milk whole 1000 ml ";2.83
2025-08-17;Chincaca;2.66
2025-08-17;Chorizo Criollo;1.53
2025-08-17;Conito;1.34
2025-08-17;Costilla Alta;3.94
2025-08-17;Costilla de Cerdo;2.36
2025-08-17;Crema Perfecta;1.01
2025-08-17;Higado De Pollo;3.14
2025-08-17;Huesos Corriente;3.24
2025-08-17;Lomo de Cerdo;1.15
2025-08-17;Lomo de Res;2.41
2025-08-17;Medio Pollo;1.53
2025-08-17;Menudo;2.77
2025-08-17;Mortadela;1.37
2025-08-17;Muslo;3.21
2025-08-17;Muslo Especial;2.84
2025-08-17;Pechuga Con Ala;2.33
2025-08-17;Pechuga Especial;2.32
2025-08-17;Pierna Entera;2.29
2025-08-17;Pierna Especial;3.20
2025-08-17;Posta de Cerdo;2.20
2025-08-17;Posta de Corona;3.69
2025-08-17;Posta De Gallina;3.53
2025-08-17;Posta de Pierna;1.86
2025-08-17;Producto de Prueba;2.15
2025-08-17;Punta de Cacho;1.88
2025-08-17;Queso;3.17
2025-08-17;Salchicha;2.58
2025-08-17;Salchichon;3.92
2025-08-17;Sesina;3.16
2025-08-17;Titiles;1.12
2025-08-18;Centrolac leche entera 472 ml;3.85
2025-08-18;"Centrolac milk whole 1000 ml ";1.12
2025-08-18;Chincaca;1.20
2025-08-18;Chorizo Criollo;2.27
2025-08-18;Conito;1.60
2025-08-18;Costilla Alta;3.01
2025-08-18;Costilla de Cerdo;3.95
2025-08-18;Crema Perfecta;3.16
2025-08-18;Higado De Pollo;2.66
2025-08-18;Huesos Corriente;3.99
2025-08-18;Lomo de Cerdo;3.63
2025-08-18;Lomo de Res;1.53
2025-08-18;Medio Pollo;3.18
2025-08-18;Menudo;2.27
2025-08-18;Mortadela;2.83
2025-08-18;Muslo;2.53
2025-08-18;Muslo Especial;3.73
2025-08-18;Pechuga Con Ala;2.89
2025-08-18;Pechuga Especial;2.80
2025-08-18;Pierna Entera;3.25
2025-08-18;Pierna Especial;3.65
2025-08-18;Posta de Cerdo;3.18
2025-08-18;Posta de Corona;3.91
2025-08-18;Posta De Gallina;2.16
2025-08-18;Posta de Pierna;2.23
2025-08-18;Producto de Prueba;3.57
2025-08-18;Punta de Cacho;3.35
2025-08-18;Queso;3.86
2025-08-18;Salchicha;3.72
2025-08-18;Salchichon;4.00
2025-08-18;Sesina;3.12
2025-08-18;Titiles;3.69
2025-08-19;Centrolac leche entera 472 ml;2.63
2025-08-19;"Centrolac milk whole 1000 ml ";2.98
2025-08-19;Chincaca;2.44
2025-08-19;Chorizo Criollo;2.09
2025-08-19;Conito;1.40
2025-08-19;Costilla Alta;3.42
2025-08-19;Costilla de Cerdo;2.72
2025-08-19;Crema Perfecta;3.18
2025-08-19;Higado De Pollo;1.75
2025-08-19;Huesos Corriente;3.84
2025-08-19;Lomo de Cerdo;1.01
2025-08-19;Lomo de Res;1.44
2025-08-19;Medio Pollo;1.14
2025-08-19;Menudo;3.95
2025-08-19;Mortadela;3.46
2025-08-19;Muslo;1.82
2025-08-19;Muslo Especial;2.94
2025-08-19;Pechuga Con Ala;3.08
2025-08-19;Pechuga Especial;1.48
2025-08-19;Pierna Entera;3.72
2025-08-19;Pierna Especial;2.40
2025-08-19;Posta de Cerdo;1.88
2025-08-19;Posta de Corona;2.99
2025-08-19;Posta De Gallina;2.78
2025-08-19;Posta de Pierna;1.45
2025-08-19;Producto de Prueba;1.29
2025-08-19;Punta de Cacho;2.01
2025-08-19;Queso;1.35
2025-08-19;Salchicha;1.05
2025-08-19;Salchichon;3.98
2025-08-19;Sesina;3.60
2025-08-19;Titiles;1.60
2025-08-20;Centrolac leche entera 472 ml;3.55
2025-08-20;"Centrolac milk whole 1000 ml ";2.86
2025-08-20;Chincaca;3.82
2025-08-20;Chorizo Criollo;1.11
2025-08-20;Conito;2.04
2025-08-20;Costilla Alta;1.40
2025-08-20;Costilla de Cerdo;1.33
2025-08-20;Crema Perfecta;3.59
2025-08-20;Higado De Pollo;3.65
2025-08-20;Huesos Corriente;3.35
2025-08-20;Lomo de Cerdo;1.42
2025-08-20;Lomo de Res;1.99
2025-08-20;Medio Pollo;2.88
2025-08-20;Menudo;1.73
2025-08-20;Mortadela;2.55
2025-08-20;Muslo;2.31
2025-08-20;Muslo Especial;3.75
2025-08-20;Pechuga Con Ala;1.36
2025-08-20;Pechuga Especial;3.48
2025-08-20;Pierna Entera;3.67
2025-08-20;Pierna Especial;1.33
2025-08-20;Posta de Cerdo;1.45
2025-08-20;Posta de Corona;3.99
2025-08-20;Posta De Gallina;3.97
2025-08-20;Posta de Pierna;2.87
2025-08-20;Producto de Prueba;1.28
2025-08-20;Punta de Cacho;2.70
2025-08-20;Queso;1.15
2025-08-20;Salchicha;1.80
2025-08-20;Salchichon;1.22
2025-08-20;Sesina;1.64
2025-08-20;Titiles;2.90
2025-08-21;Centrolac leche entera 472 ml;1.12
2025-08-21;"Centrolac milk whole 1000 ml ";1.18
2025-08-21;Chincaca;2.31
2025-08-21;Chorizo Criollo;1.68
2025-08-21;Conito;3.81
2025-08-21;Costilla Alta;3.26
2025-08-21;Costilla de Cerdo;2.39
2025-08-21;Crema Perfecta;3.53
2025-08-21;Higado De Pollo;3.25
2025-08-21;Huesos Corriente;2.29
2025-08-21;Lomo de Cerdo;2.75
2025-08-21;Lomo de Res;3.91
2025-08-21;Medio Pollo;2.79
2025-08-21;Menudo;1.46
2025-08-21;Mortadela;3.13
2025-08-21;Muslo;2.43
2025-08-21;Muslo Especial;2.47
2025-08-21;Pechuga Con Ala;2.93
2025-08-21;Pechuga Especial;3.56
2025-08-21;Pierna Entera;2.46
2025-08-21;Pierna Especial;2.86
2025-08-21;Posta de Cerdo;1.81
2025-08-21;Posta de Corona;3.38
2025-08-21;Posta De Gallina;1.31
2025-08-21;Posta de Pierna;2.60
2025-08-21;Producto de Prueba;3.55
2025-08-21;Punta de Cacho;2.49
2025-08-21;Queso;1.07
2025-08-21;Salchicha;3.59
2025-08-21;Salchichon;3.03
2025-08-21;Sesina;1.28
2025-08-21;Titiles;1.44
2025-08-22;Centrolac leche entera 472 ml;3.28
2025-08-22;"Centrolac milk whole 1000 ml ";2.51
2025-08-22;Chincaca;1.35
2025-08-22;Chorizo Criollo;3.88
2025-08-22;Conito;2.11
2025-08-22;Costilla Alta;3.81
2025-08-22;Costilla de Cerdo;3.93
2025-08-22;Crema Perfecta;1.96
2025-08-22;Higado De Pollo;3.20
2025-08-22;Huesos Corriente;2.90
2025-08-22;Lomo de Cerdo;2.58
2025-08-22;Lomo de Res;2.38
2025-08-22;Medio Pollo;2.52
2025-08-22;Menudo;2.86
2025-08-22;Mortadela;1.79
2025-08-22;Muslo;3.24
2025-08-22;Muslo Especial;2.14
2025-08-22;Pechuga Con Ala;2.92
2025-08-22;Pechuga Especial;2.62
2025-08-22;Pierna Entera;3.54
2025-08-22;Pierna Especial;3.73
2025-08-22;Posta de Cerdo;3.37
2025-08-22;Posta de Corona;3.00
2025-08-22;Posta De Gallina;1.10
2025-08-22;Posta de Pierna;3.72
2025-08-22;Producto de Prueba;3.09
2025-08-22;Punta de Cacho;1.79
2025-08-22;Queso;2.62
2025-08-22;Salchicha;2.49
2025-08-22;Salchichon;2.18
2025-08-22;Sesina;3.93
2025-08-22;Titiles;1.19
2025-08-23;Centrolac leche entera 472 ml;3.30
2025-08-23;"Centrolac milk whole 1000 ml ";1.90
2025-08-23;Chincaca;1.72
2025-08-23;Chorizo Criollo;2.43
2025-08-23;Conito;2.18
2025-08-23;Costilla Alta;3.44
2025-08-23;Costilla de Cerdo;3.08
2025-08-23;Crema Perfecta;1.96
2025-08-23;Higado De Pollo;2.52
2025-08-23;Huesos Corriente;2.49
2025-08-23;Lomo de Cerdo;3.29
2025-08-23;Lomo de Res;2.11
2025-08-23;Medio Pollo;1.81
2025-08-23;Menudo;2.02
2025-08-23;Mortadela;2.88
2025-08-23;Muslo;3.04
2025-08-23;Muslo Especial;2.72
2025-08-23;Pechuga Con Ala;3.45
2025-08-23;Pechuga Especial;1.47
2025-08-23;Pierna Entera;3.21
2025-08-23;Pierna Especial;2.55
2025-08-23;Posta de Cerdo;2.44
2025-08-23;Posta de Corona;2.79
2025-08-23;Posta De Gallina;1.51
2025-08-23;Posta de Pierna;2.73
2025-08-23;Producto de Prueba;1.36
2025-08-23;Punta de Cacho;2.06
2025-08-23;Queso;3.83
2025-08-23;Salchicha;3.18
2025-08-23;Salchichon;2.22
2025-08-23;Sesina;3.19
2025-08-23;Titiles;1.07
2025-08-24;Centrolac leche entera 472 ml;3.66
2025-08-24;"Centrolac milk whole 1000 ml ";2.96
2025-08-24;Chincaca;1.14
2025-08-24;Chorizo Criollo;3.18
2025-08-24;Conito;1.63
2025-08-24;Costilla Alta;2.23
2025-08-24;Costilla de Cerdo;3.84
2025-08-24;Crema Perfecta;2.05
2025-08-24;Higado De Pollo;2.27
2025-08-24;Huesos Corriente;3.08
2025-08-24;Lomo de Cerdo;1.73
2025-08-24;Lomo de Res;2.19
2025-08-24;Medio Pollo;2.64
2025-08-24;Menudo;2.92
2025-08-24;Mortadela;2.82
2025-08-24;Muslo;2.65
2025-08-24;Muslo Especial;3.38
2025-08-24;Pechuga Con Ala;2.47
2025-08-24;Pechuga Especial;1.53
2025-08-24;Pierna Entera;2.59
2025-08-24;Pierna Especial;3.22
2025-08-24;Posta de Cerdo;1.95
2025-08-24;Posta de Corona;1.91
2025-08-24;Posta De Gallina;3.92
2025-08-24;Posta de Pierna;2.54
2025-08-24;Producto de Prueba;3.82
2025-08-24;Punta de Cacho;2.14
2025-08-24;Queso;3.67
2025-08-24;Salchicha;3.30
2025-08-24;Salchichon;3.36
2025-08-24;Sesina;3.73
2025-08-24;Titiles;2.44
2025-08-25;Centrolac leche entera 472 ml;2.95
2025-08-25;"Centrolac milk whole 1000 ml ";1.54
2025-08-25;Chincaca;2.63
2025-08-25;Chorizo Criollo;2.54
2025-08-25;Conito;2.78
2025-08-25;Costilla Alta;1.23
2025-08-25;Costilla de Cerdo;2.23
2025-08-25;Crema Perfecta;3.44
2025-08-25;Higado De Pollo;1.72
2025-08-25;Huesos Corriente;2.96
2025-08-25;Lomo de Cerdo;2.11
2025-08-25;Lomo de Res;2.79
2025-08-25;Medio Pollo;2.85
2025-08-25;Menudo;1.00
2025-08-25;Mortadela;3.36
2025-08-25;Muslo;2.31
2025-08-25;Muslo Especial;1.19
2025-08-25;Pechuga Con Ala;1.28
2025-08-25;Pechuga Especial;2.92
2025-08-25;Pierna Entera;2.04
2025-08-25;Pierna Especial;3.11
2025-08-25;Posta de Cerdo;1.31
2025-08-25;Posta de Corona;2.47
2025-08-25;Posta De Gallina;1.76
2025-08-25;Posta de Pierna;2.82
2025-08-25;Producto de Prueba;2.77
2025-08-25;Punta de Cacho;3.87
2025-08-25;Queso;3.97
2025-08-25;Salchicha;3.24
2025-08-25;Salchichon;2.56
2025-08-25;Sesina;1.24
2025-08-25;Titiles;3.93
2025-08-26;Centrolac leche entera 472 ml;2.01
2025-08-26;"Centrolac milk whole 1000 ml ";2.36
2025-08-26;Chincaca;2.58
2025-08-26;Chorizo Criollo;2.07
2025-08-26;Conito;1.10
2025-08-26;Costilla Alta;3.11
2025-08-26;Costilla de Cerdo;3.05
2025-08-26;Crema Perfecta;3.87
2025-08-26;Higado De Pollo;3.69
2025-08-26;Huesos Corriente;3.28
2025-08-26;Lomo de Cerdo;3.98
2025-08-26;Lomo de Res;2.44
2025-08-26;Medio Pollo;1.02
2025-08-26;Menudo;2.81
2025-08-26;Mortadela;3.43
2025-08-26;Muslo;2.89
2025-08-26;Muslo Especial;3.81
2025-08-26;Pechuga Con Ala;2.76
2025-08-26;Pechuga Especial;3.38
2025-08-26;Pierna Entera;1.73
2025-08-26;Pierna Especial;3.99
2025-08-26;Posta de Cerdo;2.10
2025-08-26;Posta de Corona;3.62
2025-08-26;Posta De Gallina;3.40
2025-08-26;Posta de Pierna;2.01
2025-08-26;Producto de Prueba;1.81
2025-08-26;Punta de Cacho;2.99
2025-08-26;Queso;3.65
2025-08-26;Salchicha;3.72
2025-08-26;Salchichon;2.40
2025-08-26;Sesina;1.67
2025-08-26;Titiles;3.15
2025-08-27;Centrolac leche entera 472 ml;2.96
2025-08-27;"Centrolac milk whole 1000 ml ";3.59
2025-08-27;Chincaca;1.33
2025-08-27;Chorizo Criollo;1.65
2025-08-27;Conito;3.88
2025-08-27;Costilla Alta;2.80
2025-08-27;Costilla de Cerdo;3.94
2025-08-27;Crema Perfecta;2.85
2025-08-27;Higado De Pollo;1.90
2025-08-27;Huesos Corriente;3.25
2025-08-27;Lomo de Cerdo;1.83
2025-08-27;Lomo de Res;3.73
2025-08-27;Medio Pollo;2.24
2025-08-27;Menudo;3.31
2025-08-27;Mortadela;1.05
2025-08-27;Muslo;3.49
2025-08-27;Muslo Especial;3.95
2025-08-27;Pechuga Con Ala;2.25
2025-08-27;Pechuga Especial;2.20
2025-08-27;Pierna Entera;3.20
2025-08-27;Pierna Especial;1.85
2025-08-27;Posta de Cerdo;1.16
2025-08-27;Posta de Corona;2.43
2025-08-27;Posta De Gallina;1.18
2025-08-27;Posta de Pierna;2.02
2025-08-27;Producto de Prueba;2.45
2025-08-27;Punta de Cacho;1.90
2025-08-27;Queso;2.68
2025-08-27;Salchicha;1.85
2025-08-27;Salchichon;3.49
2025-08-27;Sesina;3.58
2025-08-27;Titiles;2.14
2025-08-28;Centrolac leche entera 472 ml;1.83
2025-08-28;"Centrolac milk whole 1000 ml ";3.97
2025-08-28;Chincaca;2.43
2025-08-28;Chorizo Criollo;2.72
2025-08-28;Conito;3.20
2025-08-28;Costilla Alta;3.10
2025-08-28;Costilla de Cerdo;1.02
2025-08-28;Crema Perfecta;2.59
2025-08-28;Higado De Pollo;1.33
2025-08-28;Huesos Corriente;1.19
2025-08-28;Lomo de Cerdo;2.09
2025-08-28;Lomo de Res;3.22
2025-08-28;Medio Pollo;3.63
2025-08-28;Menudo;1.40
2025-08-28;Mortadela;3.63
2025-08-28;Muslo;3.31
2025-08-28;Muslo Especial;1.36
2025-08-28;Pechuga Con Ala;1.48
2025-08-28;Pechuga Especial;3.71
2025-08-28;Pierna Entera;1.12
2025-08-28;Pierna Especial;3.65
2025-08-28;Posta de Cerdo;2.89
2025-08-28;Posta de Corona;1.16
2025-08-28;Posta De Gallina;3.85
2025-08-28;Posta de Pierna;2.69
2025-08-28;Producto de Prueba;3.08
2025-08-28;Punta de Cacho;2.57
2025-08-28;Queso;1.45
2025-08-28;Salchicha;3.15
2025-08-28;Salchichon;2.05
2025-08-28;Sesina;1.47
2025-08-28;Titiles;2.34
2025-08-29;Centrolac leche entera 472 ml;1.36
2025-08-29;"Centrolac milk whole 1000 ml ";3.75
2025-08-29;Chincaca;1.03
2025-08-29;Chorizo Criollo;2.28
2025-08-29;Conito;1.57
2025-08-29;Costilla Alta;2.42
2025-08-29;Costilla de Cerdo;2.35
2025-08-29;Crema Perfecta;3.35
2025-08-29;Higado De Pollo;2.69
2025-08-29;Huesos Corriente;3.35
2025-08-29;Lomo de Cerdo;2.13
2025-08-29;Lomo de Res;2.03
2025-08-29;Medio Pollo;3.86
2025-08-29;Menudo;1.54
2025-08-29;Mortadela;1.02
2025-08-29;Muslo;3.23
2025-08-29;Muslo Especial;1.06
2025-08-29;Pechuga Con Ala;3.94
2025-08-29;Pechuga Especial;3.26
2025-08-29;Pierna Entera;1.99
2025-08-29;Pierna Especial;1.24
2025-08-29;Posta de Cerdo;1.64
2025-08-29;Posta de Corona;3.62
2025-08-29;Posta De Gallina;3.30
2025-08-29;Posta de Pierna;3.28
2025-08-29;Producto de Prueba;2.72
2025-08-29;Punta de Cacho;3.11
2025-08-29;Queso;3.04
2025-08-29;Salchicha;1.37
2025-08-29;Salchichon;1.45
2025-08-29;Sesina;3.90
2025-08-29;Titiles;2.59
2025-08-30;Centrolac leche entera 472 ml;1.63
2025-08-30;"Centrolac milk whole 1000 ml ";3.87
2025-08-30;Chincaca;2.57
2025-08-30;Chorizo Criollo;3.22
2025-08-30;Conito;2.63
2025-08-30;Costilla Alta;3.89
2025-08-30;Costilla de Cerdo;2.82
2025-08-30;Crema Perfecta;2.58
2025-08-30;Higado De Pollo;2.14
2025-08-30;Huesos Corriente;2.63
2025-08-30;Lomo de Cerdo;2.18
2025-08-30;Lomo de Res;3.15
2025-08-30;Medio Pollo;1.69
2025-08-30;Menudo;3.59
2025-08-30;Mortadela;3.79
2025-08-30;Muslo;2.72
2025-08-30;Muslo Especial;1.23
2025-08-30;Pechuga Con Ala;2.36
2025-08-30;Pechuga Especial;2.29
2025-08-30;Pierna Entera;3.19
2025-08-30;Pierna Especial;2.78
2025-08-30;Posta de Cerdo;2.51
2025-08-30;Posta de Corona;1.17
2025-08-30;Posta De Gallina;3.87
2025-08-30;Posta de Pierna;3.87
2025-08-30;Producto de Prueba;1.81
2025-08-30;Punta de Cacho;1.35
2025-08-30;Queso;2.33
2025-08-30;Salchicha;2.95
2025-08-30;Salchichon;2.43
2025-08-30;Sesina;2.10
2025-08-30;Titiles;1.36
2025-08-31;Centrolac leche entera 472 ml;1.21
2025-08-31;"Centrolac milk whole 1000 ml ";2.04
2025-08-31;Chincaca;3.98
2025-08-31;Chorizo Criollo;2.50
2025-08-31;Conito;2.76
2025-08-31;Costilla Alta;2.92
2025-08-31;Costilla de Cerdo;3.48
2025-08-31;Crema Perfecta;3.71
2025-08-31;Higado De Pollo;3.38
2025-08-31;Huesos Corriente;1.17
2025-08-31;Lomo de Cerdo;3.03
2025-08-31;Lomo de Res;3.57
2025-08-31;Medio Pollo;3.98
2025-08-31;Menudo;2.30
2025-08-31;Mortadela;2.97
2025-08-31;Muslo;1.08
2025-08-31;Muslo Especial;3.58
2025-08-31;Pechuga Con Ala;1.40
2025-08-31;Pechuga Especial;2.35
2025-08-31;Pierna Entera;1.34
2025-08-31;Pierna Especial;2.77
2025-08-31;Posta de Cerdo;3.15
2025-08-31;Posta de Corona;1.41
2025-08-31;Posta De Gallina;1.73
2025-08-31;Posta de Pierna;3.12
2025-08-31;Producto de Prueba;2.68
2025-08-31;Punta de Cacho;2.82
2025-08-31;Queso;3.58
2025-08-31;Salchicha;3.04
2025-08-31;Salchichon;3.66
2025-08-31;Sesina;3.50
2025-08-31;Titiles;2.46
2025-09-01;Centrolac leche entera 472 ml;2.62
2025-09-01;"Centrolac milk whole 1000 ml ";2.44
2025-09-01;Chincaca;2.61
2025-09-01;Chorizo Criollo;2.22
2025-09-01;Conito;1.07
2025-09-01;Costilla Alta;2.24
2025-09-01;Costilla de Cerdo;2.36
2025-09-01;Crema Perfecta;2.79
2025-09-01;Higado De Pollo;2.88
2025-09-01;Huesos Corriente;3.68
2025-09-01;Lomo de Cerdo;2.19
2025-09-01;Lomo de Res;3.82
2025-09-01;Medio Pollo;3.88
2025-09-01;Menudo;2.97
2025-09-01;Mortadela;1.43
2025-09-01;Muslo;1.50
2025-09-01;Muslo Especial;3.95
2025-09-01;Pechuga Con Ala;2.40
2025-09-01;Pechuga Especial;3.23
2025-09-01;Pierna Entera;2.98
2025-09-01;Pierna Especial;3.55
2025-09-01;Posta de Cerdo;2.38
2025-09-01;Posta de Corona;1.28
2025-09-01;Posta De Gallina;3.90
2025-09-01;Posta de Pierna;2.47
2025-09-01;Producto de Prueba;3.35
2025-09-01;Punta de Cacho;3.64
2025-09-01;Queso;3.56
2025-09-01;Salchicha;1.72
2025-09-01;Salchichon;3.89
2025-09-01;Sesina;3.79
2025-09-01;Titiles;1.25
2025-09-02;Centrolac leche entera 472 ml;1.18
2025-09-02;"Centrolac milk whole 1000 ml ";3.17
2025-09-02;Chincaca;3.10
2025-09-02;Chorizo Criollo;2.32
2025-09-02;Conito;1.90
2025-09-02;Costilla Alta;3.17
2025-09-02;Costilla de Cerdo;2.56
2025-09-02;Crema Perfecta;1.97
2025-09-02;Higado De Pollo;2.18
2025-09-02;Huesos Corriente;2.48
2025-09-02;Lomo de Cerdo;3.94
2025-09-02;Lomo de Res;1.87
2025-09-02;Medio Pollo;1.54
2025-09-02;Menudo;2.41
2025-09-02;Mortadela;3.90
2025-09-02;Muslo;1.85
2025-09-02;Muslo Especial;2.86
2025-09-02;Pechuga Con Ala;3.45
2025-09-02;Pechuga Especial;3.19
2025-09-02;Pierna Entera;3.26
2025-09-02;Pierna Especial;2.80
2025-09-02;Posta de Cerdo;3.75
2025-09-02;Posta de Corona;1.57
2025-09-02;Posta De Gallina;3.14
2025-09-02;Posta de Pierna;1.19
2025-09-02;Producto de Prueba;1.84
2025-09-02;Punta de Cacho;3.44
2025-09-02;Queso;1.29
2025-09-02;Salchicha;3.39
2025-09-02;Salchichon;3.48
2025-09-02;Sesina;1.64
2025-09-02;Titiles;1.71
2025-09-03;Centrolac leche entera 472 ml;3.22
2025-09-03;"Centrolac milk whole 1000 ml ";3.79
2025-09-03;Chincaca;1.68
2025-09-03;Chorizo Criollo;2.11
2025-09-03;Conito;2.87
2025-09-03;Costilla Alta;1.77
2025-09-03;Costilla de Cerdo;3.33
2025-09-03;Crema Perfecta;1.44
2025-09-03;Higado De Pollo;1.22
2025-09-03;Huesos Corriente;1.47
2025-09-03;Lomo de Cerdo;3.88
2025-09-03;Lomo de Res;1.15
2025-09-03;Medio Pollo;3.97
2025-09-03;Menudo;1.47
2025-09-03;Mortadela;1.69
2025-09-03;Muslo;3.22
2025-09-03;Muslo Especial;1.11
2025-09-03;Pechuga Con Ala;3.17
2025-09-03;Pechuga Especial;2.95
2025-09-03;Pierna Entera;1.58
2025-09-03;Pierna Especial;3.42
2025-09-03;Posta de Cerdo;3.39
2025-09-03;Posta de Corona;2.95
2025-09-03;Posta De Gallina;3.15
2025-09-03;Posta de Pierna;2.42
2025-09-03;Producto de Prueba;3.48
2025-09-03;Punta de Cacho;2.54
2025-09-03;Queso;1.24
2025-09-03;Salchicha;1.80
2025-09-03;Salchichon;2.14
2025-09-03;Sesina;3.31
2025-09-03;Titiles;3.97
2025-09-04;Centrolac leche entera 472 ml;2.65
2025-09-04;"Centrolac milk whole 1000 ml ";1.17
2025-09-04;Chincaca;3.71
2025-09-04;Chorizo Criollo;3.47
2025-09-04;Conito;1.73
2025-09-04;Costilla Alta;1.57
2025-09-04;Costilla de Cerdo;2.24
2025-09-04;Crema Perfecta;3.38
2025-09-04;Higado De Pollo;1.88
2025-09-04;Huesos Corriente;1.78
2025-09-04;Lomo de Cerdo;2.84
2025-09-04;Lomo de Res;2.71
2025-09-04;Medio Pollo;1.90
2025-09-04;Menudo;3.37
2025-09-04;Mortadela;3.40
2025-09-04;Muslo;1.91
2025-09-04;Muslo Especial;3.78
2025-09-04;Pechuga Con Ala;2.24
2025-09-04;Pechuga Especial;3.79
2025-09-04;Pierna Entera;2.90
2025-09-04;Pierna Especial;1.94
2025-09-04;Posta de Cerdo;3.26
2025-09-04;Posta de Corona;1.94
2025-09-04;Posta De Gallina;2.71
2025-09-04;Posta de Pierna;2.95
2025-09-04;Producto de Prueba;1.65
2025-09-04;Punta de Cacho;2.51
2025-09-04;Queso;2.48
2025-09-04;Salchicha;2.95
2025-09-04;Salchichon;1.95
2025-09-04;Sesina;2.38
2025-09-04;Titiles;3.43
2025-09-05;Centrolac leche entera 472 ml;2.82
2025-09-05;"Centrolac milk whole 1000 ml ";2.97
2025-09-05;Chincaca;2.20
2025-09-05;Chorizo Criollo;1.19
2025-09-05;Conito;2.80
2025-09-05;Costilla Alta;1.92
2025-09-05;Costilla de Cerdo;2.08
2025-09-05;Crema Perfecta;2.61
2025-09-05;Higado De Pollo;3.48
2025-09-05;Huesos Corriente;2.41
2025-09-05;Lomo de Cerdo;3.61
2025-09-05;Lomo de Res;2.16
2025-09-05;Medio Pollo;3.78
2025-09-05;Menudo;2.88
2025-09-05;Mortadela;3.15
2025-09-05;Muslo;3.52
2025-09-05;Muslo Especial;3.30
2025-09-05;Pechuga Con Ala;3.47
2025-09-05;Pechuga Especial;3.93
2025-09-05;Pierna Entera;3.90
2025-09-05;Pierna Especial;2.50
2025-09-05;Posta de Cerdo;3.79
2025-09-05;Posta de Corona;3.92
2025-09-05;Posta De Gallina;1.28
2025-09-05;Posta de Pierna;3.66
2025-09-05;Producto de Prueba;3.23
2025-09-05;Punta de Cacho;3.88
2025-09-05;Queso;1.49
2025-09-05;Salchicha;3.53
2025-09-05;Salchichon;3.05
2025-09-05;Sesina;1.78
2025-09-05;Titiles;1.72
2025-09-06;Centrolac leche entera 472 ml;1.78
2025-09-06;"Centrolac milk whole 1000 ml ";1.41
2025-09-06;Chincaca;1.87
2025-09-06;Chorizo Criollo;2.34
2025-09-06;Conito;2.37
2025-09-06;Costilla Alta;2.06
2025-09-06;Costilla de Cerdo;1.14
2025-09-06;Crema Perfecta;2.65
2025-09-06;Higado De Pollo;3.06
2025-09-06;Huesos Corriente;1.59
2025-09-06;Lomo de Cerdo;3.55
2025-09-06;Lomo de Res;1.21
2025-09-06;Medio Pollo;1.39
2025-09-06;Menudo;1.36
2025-09-06;Mortadela;3.69
2025-09-06;Muslo;2.07
2025-09-06;Muslo Especial;1.11
2025-09-06;Pechuga Con Ala;1.47
2025-09-06;Pechuga Especial;3.90
2025-09-06;Pierna Entera;1.04
2025-09-06;Pierna Especial;3.50
2025-09-06;Posta de Cerdo;1.17
2025-09-06;Posta de Corona;1.03
2025-09-06;Posta De Gallina;1.60
2025-09-06;Posta de Pierna;2.77
2025-09-06;Producto de Prueba;2.61
2025-09-06;Punta de Cacho;3.50
2025-09-06;Queso;2.16
2025-09-06;Salchicha;1.91
2025-09-06;Salchichon;1.42
2025-09-06;Sesina;1.46
2025-09-06;Titiles;1.66
2025-09-07;Centrolac leche entera 472 ml;3.19
2025-09-07;"Centrolac milk whole 1000 ml ";2.92
2025-09-07;Chincaca;2.83
2025-09-07;Chorizo Criollo;2.09
2025-09-07;Conito;3.90
2025-09-07;Costilla Alta;2.37
2025-09-07;Costilla de Cerdo;1.07
2025-09-07;Crema Perfecta;3.82
2025-09-07;Higado De Pollo;2.52
2025-09-07;Huesos Corriente;1.15
2025-09-07;Lomo de Cerdo;1.43
2025-09-07;Lomo de Res;3.27
2025-09-07;Medio Pollo;1.75
2025-09-07;Menudo;2.27
2025-09-07;Mortadela;2.19
2025-09-07;Muslo;1.67
2025-09-07;Muslo Especial;3.74
2025-09-07;Pechuga Con Ala;2.72
2025-09-07;Pechuga Especial;1.56
2025-09-07;Pierna Entera;1.32
2025-09-07;Pierna Especial;1.53
2025-09-07;Posta de Cerdo;1.18
2025-09-07;Posta de Corona;3.56
2025-09-07;Posta De Gallina;2.78
2025-09-07;Posta de Pierna;1.49
2025-09-07;Producto de Prueba;2.01
2025-09-07;Punta de Cacho;2.85
2025-09-07;Queso;2.01
2025-09-07;Salchicha;2.15
2025-09-07;Salchichon;3.04
2025-09-07;Sesina;3.02
2025-09-07;Titiles;3.34
2025-09-08;Centrolac leche entera 472 ml;2.27
2025-09-08;"Centrolac milk whole 1000 ml ";3.43
2025-09-08;Chincaca;2.13
2025-09-08;Chorizo Criollo;1.45
2025-09-08;Conito;2.27
2025-09-08;Costilla Alta;2.42
2025-09-08;Costilla de Cerdo;1.02
2025-09-08;Crema Perfecta;2.59
2025-09-08;Higado De Pollo;3.44
2025-09-08;Huesos Corriente;3.35
2025-09-08;Lomo de Cerdo;2.04
2025-09-08;Lomo de Res;1.47
2025-09-08;Medio Pollo;1.88
2025-09-08;Menudo;2.01
2025-09-08;Mortadela;2.25
2025-09-08;Muslo;1.24
2025-09-08;Muslo Especial;3.54
2025-09-08;Pechuga Con Ala;2.24
2025-09-08;Pechuga Especial;1.31
2025-09-08;Pierna Entera;2.17
2025-09-08;Pierna Especial;3.71
2025-09-08;Posta de Cerdo;2.37
2025-09-08;Posta de Corona;3.47
2025-09-08;Posta De Gallina;1.58
2025-09-08;Posta de Pierna;1.06
2025-09-08;Producto de Prueba;1.16
2025-09-08;Punta de Cacho;3.33
2025-09-08;Queso;3.20
2025-09-08;Salchicha;1.37
2025-09-08;Salchichon;1.43
2025-09-08;Sesina;2.14
2025-09-08;Titiles;2.49
2025-09-09;Centrolac leche entera 472 ml;2.23
2025-09-09;"Centrolac milk whole 1000 ml ";3.68
2025-09-09;Chincaca;3.77
2025-09-09;Chorizo Criollo;3.71
2025-09-09;Conito;3.55
2025-09-09;Costilla Alta;2.54
2025-09-09;Costilla de Cerdo;1.20
2025-09-09;Crema Perfecta;3.10
2025-09-09;Higado De Pollo;1.00
2025-09-09;Huesos Corriente;2.95
2025-09-09;Lomo de Cerdo;2.33
2025-09-09;Lomo de Res;3.65
2025-09-09;Medio Pollo;1.20
2025-09-09;Menudo;1.34
2025-09-09;Mortadela;3.89
2025-09-09;Muslo;3.48
2025-09-09;Muslo Especial;2.88
2025-09-09;Pechuga Con Ala;3.27
2025-09-09;Pechuga Especial;1.86
2025-09-09;Pierna Entera;1.25
2025-09-09;Pierna Especial;2.33
2025-09-09;Posta de Cerdo;1.01
2025-09-09;Posta de Corona;2.90
2025-09-09;Posta De Gallina;3.68
2025-09-09;Posta de Pierna;3.31
2025-09-09;Producto de Prueba;2.07
2025-09-09;Punta de Cacho;1.31
2025-09-09;Queso;1.43
2025-09-09;Salchicha;3.97
2025-09-09;Salchichon;3.03
2025-09-09;Sesina;2.88
2025-09-09;Titiles;1.57
2025-09-10;Centrolac leche entera 472 ml;3.11
2025-09-10;"Centrolac milk whole 1000 ml ";3.30
2025-09-10;Chincaca;2.99
2025-09-10;Chorizo Criollo;3.05
2025-09-10;Conito;2.52
2025-09-10;Costilla Alta;2.94
2025-09-10;Costilla de Cerdo;2.79
2025-09-10;Crema Perfecta;2.61
2025-09-10;Higado De Pollo;2.41
2025-09-10;Huesos Corriente;3.88
2025-09-10;Lomo de Cerdo;1.71
2025-09-10;Lomo de Res;2.59
2025-09-10;Medio Pollo;2.31
2025-09-10;Menudo;3.90
2025-09-10;Mortadela;2.57
2025-09-10;Muslo;3.41
2025-09-10;Muslo Especial;3.57
2025-09-10;Pechuga Con Ala;1.42
2025-09-10;Pechuga Especial;1.50
2025-09-10;Pierna Entera;1.17
2025-09-10;Pierna Especial;2.01
2025-09-10;Posta de Cerdo;2.44
2025-09-10;Posta de Corona;2.79
2025-09-10;Posta De Gallina;1.04
2025-09-10;Posta de Pierna;2.60
2025-09-10;Producto de Prueba;2.05
2025-09-10;Punta de Cacho;3.65
2025-09-10;Queso;1.70
2025-09-10;Salchicha;1.90
2025-09-10;Salchichon;3.51
2025-09-10;Sesina;2.01
2025-09-10;Titiles;1.71
2025-09-11;Centrolac leche entera 472 ml;3.07
2025-09-11;"Centrolac milk whole 1000 ml ";3.41
2025-09-11;Chincaca;1.68
2025-09-11;Chorizo Criollo;1.32
2025-09-11;Conito;2.38
2025-09-11;Costilla Alta;3.61
2025-09-11;Costilla de Cerdo;3.02
2025-09-11;Crema Perfecta;2.00
2025-09-11;Higado De Pollo;1.73
2025-09-11;Huesos Corriente;2.24
2025-09-11;Lomo de Cerdo;1.29
2025-09-11;Lomo de Res;3.14
2025-09-11;Medio Pollo;1.72
2025-09-11;Menudo;2.24
2025-09-11;Mortadela;3.17
2025-09-11;Muslo;3.58
2025-09-11;Muslo Especial;3.95
2025-09-11;Pechuga Con Ala;2.87
2025-09-11;Pechuga Especial;3.42
2025-09-11;Pierna Entera;2.25
2025-09-11;Pierna Especial;3.18
2025-09-11;Posta de Cerdo;3.25
2025-09-11;Posta de Corona;2.89
2025-09-11;Posta De Gallina;2.30
2025-09-11;Posta de Pierna;2.01
2025-09-11;Producto de Prueba;1.91
2025-09-11;Punta de Cacho;1.73
2025-09-11;Queso;2.27
2025-09-11;Salchicha;1.31
2025-09-11;Salchichon;3.92
2025-09-11;Sesina;2.30
2025-09-11;Titiles;2.57
2025-09-12;Centrolac leche entera 472 ml;1.05
2025-09-12;"Centrolac milk whole 1000 ml ";2.61
2025-09-12;Chincaca;3.22
2025-09-12;Chorizo Criollo;2.60
2025-09-12;Conito;2.21
2025-09-12;Costilla Alta;3.33
2025-09-12;Costilla de Cerdo;2.31
2025-09-12;Crema Perfecta;2.44
2025-09-12;Higado De Pollo;2.47
2025-09-12;Huesos Corriente;2.54
2025-09-12;Lomo de Cerdo;3.94
2025-09-12;Lomo de Res;2.25
2025-09-12;Medio Pollo;2.24
2025-09-12;Menudo;2.97
2025-09-12;Mortadela;3.83
2025-09-12;Muslo;1.31
2025-09-12;Muslo Especial;1.44
2025-09-12;Pechuga Con Ala;2.34
2025-09-12;Pechuga Especial;3.73
2025-09-12;Pierna Entera;3.24
2025-09-12;Pierna Especial;1.70
2025-09-12;Posta de Cerdo;3.83
2025-09-12;Posta de Corona;1.92
2025-09-12;Posta De Gallina;2.34
2025-09-12;Posta de Pierna;1.58
2025-09-12;Producto de Prueba;1.17
2025-09-12;Punta de Cacho;3.01
2025-09-12;Queso;1.75
2025-09-12;Salchicha;3.74
2025-09-12;Salchichon;1.06
2025-09-12;Sesina;2.84
2025-09-12;Titiles;3.16
2025-09-13;Centrolac leche entera 472 ml;3.75
2025-09-13;"Centrolac milk whole 1000 ml ";3.00
2025-09-13;Chincaca;1.29
2025-09-13;Chorizo Criollo;1.89
2025-09-13;Conito;2.15
2025-09-13;Costilla Alta;1.67
2025-09-13;Costilla de Cerdo;3.10
2025-09-13;Crema Perfecta;2.02
2025-09-13;Higado De Pollo;3.20
2025-09-13;Huesos Corriente;1.11
2025-09-13;Lomo de Cerdo;1.91
2025-09-13;Lomo de Res;3.80
2025-09-13;Medio Pollo;2.68
2025-09-13;Menudo;2.84
2025-09-13;Mortadela;2.31
2025-09-13;Muslo;3.28
2025-09-13;Muslo Especial;2.32
2025-09-13;Pechuga Con Ala;1.82
2025-09-13;Pechuga Especial;2.69
2025-09-13;Pierna Entera;1.10
2025-09-13;Pierna Especial;1.10
2025-09-13;Posta de Cerdo;2.12
2025-09-13;Posta de Corona;1.27
2025-09-13;Posta De Gallina;3.15
2025-09-13;Posta de Pierna;2.05
2025-09-13;Producto de Prueba;3.74
2025-09-13;Punta de Cacho;2.86
2025-09-13;Queso;1.58
2025-09-13;Salchicha;3.70
2025-09-13;Salchichon;3.90
2025-09-13;Sesina;2.98
2025-09-13;Titiles;3.54
2025-09-14;Centrolac leche entera 472 ml;2.19
2025-09-14;"Centrolac milk whole 1000 ml ";2.23
2025-09-14;Chincaca;1.56
2025-09-14;Chorizo Criollo;3.02
2025-09-14;Conito;2.77
2025-09-14;Costilla Alta;3.73
2025-09-14;Costilla de Cerdo;2.08
2025-09-14;Crema Perfecta;1.35
2025-09-14;Higado De Pollo;2.67
2025-09-14;Huesos Corriente;1.61
2025-09-14;Lomo de Cerdo;2.47
2025-09-14;Lomo de Res;3.72
2025-09-14;Medio Pollo;1.83
2025-09-14;Menudo;1.72
2025-09-14;Mortadela;3.91
2025-09-14;Muslo;3.22
2025-09-14;Muslo Especial;1.00
2025-09-14;Pechuga Con Ala;1.41
2025-09-14;Pechuga Especial;3.78
2025-09-14;Pierna Entera;3.09
2025-09-14;Pierna Especial;1.03
2025-09-14;Posta de Cerdo;2.68
2025-09-14;Posta de Corona;1.71
2025-09-14;Posta De Gallina;3.45
2025-09-14;Posta de Pierna;1.03
2025-09-14;Producto de Prueba;2.92
2025-09-14;Punta de Cacho;2.56
2025-09-14;Queso;3.91
2025-09-14;Salchicha;3.73
2025-09-14;Salchichon;2.49
2025-09-14;Sesina;1.10
2025-09-14;Titiles;2.21
2025-09-15;Centrolac leche entera 472 ml;2.55
2025-09-15;"Centrolac milk whole 1000 ml ";1.22
2025-09-15;Chincaca;1.68
2025-09-15;Chorizo Criollo;1.18
2025-09-15;Conito;2.72
2025-09-15;Costilla Alta;2.45
2025-09-15;Costilla de Cerdo;2.20
2025-09-15;Crema Perfecta;1.86
2025-09-15;Higado De Pollo;3.31
2025-09-15;Huesos Corriente;2.85
2025-09-15;Lomo de Cerdo;3.60
2025-09-15;Lomo de Res;1.79
2025-09-15;Medio Pollo;1.08
2025-09-15;Menudo;3.16
2025-09-15;Mortadela;1.23
2025-09-15;Muslo;1.14
2025-09-15;Muslo Especial;3.31
2025-09-15;Pechuga Con Ala;1.89
2025-09-15;Pechuga Especial;2.86
2025-09-15;Pierna Entera;3.40
2025-09-15;Pierna Especial;3.33
2025-09-15;Posta de Cerdo;2.36
2025-09-15;Posta de Corona;2.13
2025-09-15;Posta De Gallina;2.26
2025-09-15;Posta de Pierna;1.50
2025-09-15;Producto de Prueba;1.73
2025-09-15;Punta de Cacho;3.39
2025-09-15;Queso;1.22
2025-09-15;Salchicha;2.89
2025-09-15;Salchichon;2.42
2025-09-15;Sesina;1.33
2025-09-15;Titiles;2.15
2025-09-16;Centrolac leche entera 472 ml;3.48
2025-09-16;"Centrolac milk whole 1000 ml ";1.75
2025-09-16;Chincaca;3.14
2025-09-16;Chorizo Criollo;1.65
2025-09-16;Conito;3.12
2025-09-16;Costilla Alta;3.20
2025-09-16;Costilla de Cerdo;1.51
2025-09-16;Crema Perfecta;1.19
2025-09-16;Higado De Pollo;1.79
2025-09-16;Huesos Corriente;1.71
2025-09-16;Lomo de Cerdo;2.08
2025-09-16;Lomo de Res;2.71
2025-09-16;Medio Pollo;2.16
2025-09-16;Menudo;1.80
2025-09-16;Mortadela;3.66
2025-09-16;Muslo;1.82
2025-09-16;Muslo Especial;3.91
2025-09-16;Pechuga Con Ala;1.76
2025-09-16;Pechuga Especial;3.02
2025-09-16;Pierna Entera;2.39
2025-09-16;Pierna Especial;2.18
2025-09-16;Posta de Cerdo;2.63
2025-09-16;Posta de Corona;3.82
2025-09-16;Posta De Gallina;3.82
2025-09-16;Posta de Pierna;3.79
2025-09-16;Producto de Prueba;2.17
2025-09-16;Punta de Cacho;3.65
2025-09-16;Queso;3.87
2025-09-16;Salchicha;1.25
2025-09-16;Salchichon;1.07
2025-09-16;Sesina;1.63
2025-09-16;Titiles;1.48
2025-09-17;Centrolac leche entera 472 ml;2.58
2025-09-17;"Centrolac milk whole 1000 ml ";2.41
2025-09-17;Chincaca;1.74
2025-09-17;Chorizo Criollo;3.81
2025-09-17;Conito;2.36
2025-09-17;Costilla Alta;3.25
2025-09-17;Costilla de Cerdo;2.45
2025-09-17;Crema Perfecta;3.22
2025-09-17;Higado De Pollo;2.18
2025-09-17;Huesos Corriente;2.61
2025-09-17;Lomo de Cerdo;1.61
2025-09-17;Lomo de Res;2.06
2025-09-17;Medio Pollo;1.78
2025-09-17;Menudo;1.48
2025-09-17;Mortadela;1.60
2025-09-17;Muslo;3.17
2025-09-17;Muslo Especial;2.45
2025-09-17;Pechuga Con Ala;3.43
2025-09-17;Pechuga Especial;2.34
2025-09-17;Pierna Entera;3.27
2025-09-17;Pierna Especial;3.41
2025-09-17;Posta de Cerdo;2.35
2025-09-17;Posta de Corona;2.90
2025-09-17;Posta De Gallina;1.71
2025-09-17;Posta de Pierna;2.98
2025-09-17;Producto de Prueba;3.23
2025-09-17;Punta de Cacho;2.10
2025-09-17;Queso;1.08
2025-09-17;Salchicha;3.54
2025-09-17;Salchichon;1.57
2025-09-17;Sesina;2.98
2025-09-17;Titiles;1.08
2025-09-18;Centrolac leche entera 472 ml;3.08
2025-09-18;"Centrolac milk whole 1000 ml ";2.79
2025-09-18;Chincaca;1.45
2025-09-18;Chorizo Criollo;2.27
2025-09-18;Conito;1.04
2025-09-18;Costilla Alta;2.09
2025-09-18;Costilla de Cerdo;1.58
2025-09-18;Crema Perfecta;1.78
2025-09-18;Higado De Pollo;1.34
2025-09-18;Huesos Corriente;2.53
2025-09-18;Lomo de Cerdo;1.80
2025-09-18;Lomo de Res;3.10
2025-09-18;Medio Pollo;2.40
2025-09-18;Menudo;3.22
2025-09-18;Mortadela;2.20
2025-09-18;Muslo;3.88
2025-09-18;Muslo Especial;1.93
2025-09-18;Pechuga Con Ala;3.84
2025-09-18;Pechuga Especial;3.01
2025-09-18;Pierna Entera;2.43
2025-09-18;Pierna Especial;3.99
2025-09-18;Posta de Cerdo;2.23
2025-09-18;Posta de Corona;2.80
2025-09-18;Posta De Gallina;2.25
2025-09-18;Posta de Pierna;1.83
2025-09-18;Producto de Prueba;3.44
2025-09-18;Punta de Cacho;3.23
2025-09-18;Queso;1.54
2025-09-18;Salchicha;1.52
2025-09-18;Salchichon;2.49
2025-09-18;Sesina;1.17
2025-09-18;Titiles;3.04
2025-09-19;Centrolac leche entera 472 ml;3.52
2025-09-19;"Centrolac milk whole 1000 ml ";1.81
2025-09-19;Chincaca;3.08
2025-09-19;Chorizo Criollo;2.58
2025-09-19;Conito;1.41
2025-09-19;Costilla Alta;2.00
2025-09-19;Costilla de Cerdo;1.26
2025-09-19;Crema Perfecta;1.48
2025-09-19;Higado De Pollo;1.67
2025-09-19;Huesos Corriente;3.23
2025-09-19;Lomo de Cerdo;3.44
2025-09-19;Lomo de Res;1.73
2025-09-19;Medio Pollo;2.83
2025-09-19;Menudo;1.50
2025-09-19;Mortadela;2.57
2025-09-19;Muslo;2.36
2025-09-19;Muslo Especial;2.59
2025-09-19;Pechuga Con Ala;1.13
2025-09-19;Pechuga Especial;2.16
2025-09-19;Pierna Entera;2.46
2025-09-19;Pierna Especial;2.23
2025-09-19;Posta de Cerdo;3.78
2025-09-19;Posta de Corona;3.61
2025-09-19;Posta De Gallina;3.72
2025-09-19;Posta de Pierna;2.32
2025-09-19;Producto de Prueba;3.06
2025-09-19;Punta de Cacho;3.17
2025-09-19;Queso;1.68
2025-09-19;Salchicha;2.05
2025-09-19;Salchichon;1.09
2025-09-19;Sesina;1.03
2025-09-19;Titiles;1.03
2025-09-20;Centrolac leche entera 472 ml;2.72
2025-09-20;"Centrolac milk whole 1000 ml ";3.35
2025-09-20;Chincaca;3.90
2025-09-20;Chorizo Criollo;1.21
2025-09-20;Conito;1.48
2025-09-20;Costilla Alta;1.19
2025-09-20;Costilla de Cerdo;4.00
2025-09-20;Crema Perfecta;2.65
2025-09-20;Higado De Pollo;2.48
2025-09-20;Huesos Corriente;2.05
2025-09-20;Lomo de Cerdo;3.13
2025-09-20;Lomo de Res;3.54
2025-09-20;Medio Pollo;1.56
2025-09-20;Menudo;2.58
2025-09-20;Mortadela;2.06
2025-09-20;Muslo;1.35
2025-09-20;Muslo Especial;1.78
2025-09-20;Pechuga Con Ala;3.31
2025-09-20;Pechuga Especial;2.20
2025-09-20;Pierna Entera;1.93
2025-09-20;Pierna Especial;3.73
2025-09-20;Posta de Cerdo;1.46
2025-09-20;Posta de Corona;1.74
2025-09-20;Posta De Gallina;1.62
2025-09-20;Posta de Pierna;3.83
2025-09-20;Producto de Prueba;1.30
2025-09-20;Punta de Cacho;3.84
2025-09-20;Queso;3.61
2025-09-20;Salchicha;2.46
2025-09-20;Salchichon;2.42
2025-09-20;Sesina;2.74
2025-09-20;Titiles;2.54
2025-09-21;Centrolac leche entera 472 ml;3.89
2025-09-21;"Centrolac milk whole 1000 ml ";3.95
2025-09-21;Chincaca;3.29
2025-09-21;Chorizo Criollo;2.02
2025-09-21;Conito;1.71
2025-09-21;Costilla Alta;1.74
2025-09-21;Costilla de Cerdo;2.30
2025-09-21;Crema Perfecta;1.72
2025-09-21;Higado De Pollo;2.28
2025-09-21;Huesos Corriente;3.42
2025-09-21;Lomo de Cerdo;1.08
2025-09-21;Lomo de Res;1.96
2025-09-21;Medio Pollo;2.77
2025-09-21;Menudo;1.19
2025-09-21;Mortadela;3.46
2025-09-21;Muslo;2.49
2025-09-21;Muslo Especial;3.62
2025-09-21;Pechuga Con Ala;2.53
2025-09-21;Pechuga Especial;3.06
2025-09-21;Pierna Entera;2.66
2025-09-21;Pierna Especial;2.90
2025-09-21;Posta de Cerdo;2.02
2025-09-21;Posta de Corona;3.63
2025-09-21;Posta De Gallina;2.84
2025-09-21;Posta de Pierna;1.43
2025-09-21;Producto de Prueba;1.28
2025-09-21;Punta de Cacho;1.37
2025-09-21;Queso;2.05
2025-09-21;Salchicha;2.31
2025-09-21;Salchichon;2.44
2025-09-21;Sesina;3.62
2025-09-21;Titiles;2.08
2025-09-22;Centrolac leche entera 472 ml;2.46
2025-09-22;"Centrolac milk whole 1000 ml ";2.44
2025-09-22;Chincaca;1.47
2025-09-22;Chorizo Criollo;2.21
2025-09-22;Conito;1.93
2025-09-22;Costilla Alta;3.62
2025-09-22;Costilla de Cerdo;1.27
2025-09-22;Crema Perfecta;1.49
2025-09-22;Higado De Pollo;3.24
2025-09-22;Huesos Corriente;1.63
2025-09-22;Lomo de Cerdo;3.97
2025-09-22;Lomo de Res;2.95
2025-09-22;Medio Pollo;1.91
2025-09-22;Menudo;1.48
2025-09-22;Mortadela;1.05
2025-09-22;Muslo;2.44
2025-09-22;Muslo Especial;3.81
2025-09-22;Pechuga Con Ala;3.48
2025-09-22;Pechuga Especial;2.67
2025-09-22;Pierna Entera;2.72
2025-09-22;Pierna Especial;1.94
2025-09-22;Posta de Cerdo;1.56
2025-09-22;Posta de Corona;2.47
2025-09-22;Posta De Gallina;2.22
2025-09-22;Posta de Pierna;2.48
2025-09-22;Producto de Prueba;2.06
2025-09-22;Punta de Cacho;3.50
2025-09-22;Queso;2.36
2025-09-22;Salchicha;1.27
2025-09-22;Salchichon;3.70
2025-09-22;Sesina;3.63
2025-09-22;Titiles;3.31
2025-09-23;Centrolac leche entera 472 ml;1.29
2025-09-23;"Centrolac milk whole 1000 ml ";2.38
2025-09-23;Chincaca;1.11
2025-09-23;Chorizo Criollo;1.19
2025-09-23;Conito;3.38
2025-09-23;Costilla Alta;1.07
2025-09-23;Costilla de Cerdo;3.90
2025-09-23;Crema Perfecta;3.39
2025-09-23;Higado De Pollo;2.73
2025-09-23;Huesos Corriente;3.01
2025-09-23;Lomo de Cerdo;2.72
2025-09-23;Lomo de Res;1.80
2025-09-23;Medio Pollo;1.37
2025-09-23;Menudo;1.05
2025-09-23;Mortadela;1.71
2025-09-23;Muslo;3.13
2025-09-23;Muslo Especial;2.99
2025-09-23;Pechuga Con Ala;3.79
2025-09-23;Pechuga Especial;3.95
2025-09-23;Pierna Entera;2.18
2025-09-23;Pierna Especial;3.23
2025-09-23;Posta de Cerdo;3.92
2025-09-23;Posta de Corona;3.54
2025-09-23;Posta De Gallina;2.16
2025-09-23;Posta de Pierna;3.71
2025-09-23;Producto de Prueba;1.42
2025-09-23;Punta de Cacho;3.00
2025-09-23;Queso;3.35
2025-09-23;Salchicha;1.24
2025-09-23;Salchichon;2.95
2025-09-23;Sesina;3.70
2025-09-23;Titiles;1.25
2025-09-24;Centrolac leche entera 472 ml;1.74
2025-09-24;"Centrolac milk whole 1000 ml ";2.83
2025-09-24;Chincaca;3.68
2025-09-24;Chorizo Criollo;3.99
2025-09-24;Conito;2.03
2025-09-24;Costilla Alta;1.66
2025-09-24;Costilla de Cerdo;2.05
2025-09-24;Crema Perfecta;3.48
2025-09-24;Higado De Pollo;2.65
2025-09-24;Huesos Corriente;3.02
2025-09-24;Lomo de Cerdo;2.21
2025-09-24;Lomo de Res;2.00
2025-09-24;Medio Pollo;2.36
2025-09-24;Menudo;3.61
2025-09-24;Mortadela;1.38
2025-09-24;Muslo;2.43
2025-09-24;Muslo Especial;1.46
2025-09-24;Pechuga Con Ala;3.06
2025-09-24;Pechuga Especial;1.84
2025-09-24;Pierna Entera;3.01
2025-09-24;Pierna Especial;3.14
2025-09-24;Posta de Cerdo;1.18
2025-09-24;Posta de Corona;1.86
2025-09-24;Posta De Gallina;1.19
2025-09-24;Posta de Pierna;1.12
2025-09-24;Producto de Prueba;2.46
2025-09-24;Punta de Cacho;2.84
2025-09-24;Queso;3.36
2025-09-24;Salchicha;3.29
2025-09-24;Salchichon;3.88
2025-09-24;Sesina;3.85
2025-09-24;Titiles;2.61
2025-09-25;Centrolac leche entera 472 ml;1.77
2025-09-25;"Centrolac milk whole 1000 ml ";2.21
2025-09-25;Chincaca;1.94
2025-09-25;Chorizo Criollo;2.02
2025-09-25;Conito;3.68
2025-09-25;Costilla Alta;1.48
2025-09-25;Costilla de Cerdo;3.40
2025-09-25;Crema Perfecta;2.09
2025-09-25;Higado De Pollo;3.56
2025-09-25;Huesos Corriente;1.80
2025-09-25;Lomo de Cerdo;1.40
2025-09-25;Lomo de Res;3.96
2025-09-25;Medio Pollo;1.22
2025-09-25;Menudo;2.72
2025-09-25;Mortadela;3.89
2025-09-25;Muslo;3.20
2025-09-25;Muslo Especial;2.66
2025-09-25;Pechuga Con Ala;3.30
2025-09-25;Pechuga Especial;1.43
2025-09-25;Pierna Entera;3.74
2025-09-25;Pierna Especial;2.33
2025-09-25;Posta de Cerdo;3.48
2025-09-25;Posta de Corona;1.83
2025-09-25;Posta De Gallina;2.59
2025-09-25;Posta de Pierna;3.46
2025-09-25;Producto de Prueba;2.91
2025-09-25;Punta de Cacho;2.12
2025-09-25;Queso;2.99
2025-09-25;Salchicha;3.86
2025-09-25;Salchichon;1.44
2025-09-25;Sesina;2.82
2025-09-25;Titiles;3.22
2025-09-26;Centrolac leche entera 472 ml;3.93
2025-09-26;"Centrolac milk whole 1000 ml ";2.52
2025-09-26;Chincaca;2.46
2025-09-26;Chorizo Criollo;2.57
2025-09-26;Conito;3.23
2025-09-26;Costilla Alta;3.56
2025-09-26;Costilla de Cerdo;3.89
2025-09-26;Crema Perfecta;3.74
2025-09-26;Higado De Pollo;1.91
2025-09-26;Huesos Corriente;1.63
2025-09-26;Lomo de Cerdo;3.24
2025-09-26;Lomo de Res;2.34
2025-09-26;Medio Pollo;2.43
2025-09-26;Menudo;1.61
2025-09-26;Mortadela;1.51
2025-09-26;Muslo;1.02
2025-09-26;Muslo Especial;3.00
2025-09-26;Pechuga Con Ala;2.57
2025-09-26;Pechuga Especial;2.77
2025-09-26;Pierna Entera;2.56
2025-09-26;Pierna Especial;2.06
2025-09-26;Posta de Cerdo;2.06
2025-09-26;Posta de Corona;3.10
2025-09-26;Posta De Gallina;2.20
2025-09-26;Posta de Pierna;2.73
2025-09-26;Producto de Prueba;3.32
2025-09-26;Punta de Cacho;3.25
2025-09-26;Queso;2.03
2025-09-26;Salchicha;1.63
2025-09-26;Salchichon;2.57
2025-09-26;Sesina;3.00
2025-09-26;Titiles;2.86
2025-09-27;Centrolac leche entera 472 ml;1.23
2025-09-27;"Centrolac milk whole 1000 ml ";3.66
2025-09-27;Chincaca;1.75
2025-09-27;Chorizo Criollo;1.36
2025-09-27;Conito;3.86
2025-09-27;Costilla Alta;2.96
2025-09-27;Costilla de Cerdo;2.45
2025-09-27;Crema Perfecta;3.84
2025-09-27;Higado De Pollo;1.40
2025-09-27;Huesos Corriente;3.54
2025-09-27;Lomo de Cerdo;1.73
2025-09-27;Lomo de Res;3.78
2025-09-27;Medio Pollo;1.03
2025-09-27;Menudo;1.86
2025-09-27;Mortadela;1.62
2025-09-27;Muslo;2.81
2025-09-27;Muslo Especial;1.50
2025-09-27;Pechuga Con Ala;2.61
2025-09-27;Pechuga Especial;2.12
2025-09-27;Pierna Entera;1.86
2025-09-27;Pierna Especial;2.61
2025-09-27;Posta de Cerdo;2.44
2025-09-27;Posta de Corona;2.17
2025-09-27;Posta De Gallina;3.43
2025-09-27;Posta de Pierna;3.25
2025-09-27;Producto de Prueba;3.52
2025-09-27;Punta de Cacho;2.28
2025-09-27;Queso;1.34
2025-09-27;Salchicha;3.64
2025-09-27;Salchichon;2.28
2025-09-27;Sesina;2.46
2025-09-27;Titiles;3.83
2025-09-28;Centrolac leche entera 472 ml;2.99
2025-09-28;"Centrolac milk whole 1000 ml ";2.50
2025-09-28;Chincaca;1.81
2025-09-28;Chorizo Criollo;1.97
2025-09-28;Conito;1.59
2025-09-28;Costilla Alta;3.80
2025-09-28;Costilla de Cerdo;3.57
2025-09-28;Crema Perfecta;2.20
2025-09-28;Higado De Pollo;1.15
2025-09-28;Huesos Corriente;2.30
2025-09-28;Lomo de Cerdo;3.67
2025-09-28;Lomo de Res;2.28
2025-09-28;Medio Pollo;1.95
2025-09-28;Menudo;2.41
2025-09-28;Mortadela;3.79
2025-09-28;Muslo;1.81
2025-09-28;Muslo Especial;2.08
2025-09-28;Pechuga Con Ala;2.59
2025-09-28;Pechuga Especial;3.26
2025-09-28;Pierna Entera;2.92
2025-09-28;Pierna Especial;1.27
2025-09-28;Posta de Cerdo;2.95
2025-09-28;Posta de Corona;3.03
2025-09-28;Posta De Gallina;1.79
2025-09-28;Posta de Pierna;3.46
2025-09-28;Producto de Prueba;3.36
2025-09-28;Punta de Cacho;1.58
2025-09-28;Queso;1.31
2025-09-28;Salchicha;3.94
2025-09-28;Salchichon;1.39
2025-09-28;Sesina;1.08
2025-09-28;Titiles;1.14
2025-09-29;Centrolac leche entera 472 ml;3.41
2025-09-29;"Centrolac milk whole 1000 ml ";1.58
2025-09-29;Chincaca;2.10
2025-09-29;Chorizo Criollo;3.67
2025-09-29;Conito;3.74
2025-09-29;Costilla Alta;3.57
2025-09-29;Costilla de Cerdo;1.35
2025-09-29;Crema Perfecta;3.48
2025-09-29;Higado De Pollo;2.11
2025-09-29;Huesos Corriente;3.33
2025-09-29;Lomo de Cerdo;1.91
2025-09-29;Lomo de Res;2.17
2025-09-29;Medio Pollo;1.15
2025-09-29;Menudo;1.84
2025-09-29;Mortadela;2.24
2025-09-29;Muslo;3.00
2025-09-29;Muslo Especial;3.53
2025-09-29;Pechuga Con Ala;2.97
2025-09-29;Pechuga Especial;2.40
2025-09-29;Pierna Entera;2.88
2025-09-29;Pierna Especial;3.30
2025-09-29;Posta de Cerdo;2.36
2025-09-29;Posta de Corona;3.31
2025-09-29;Posta De Gallina;2.49
2025-09-29;Posta de Pierna;3.31
2025-09-29;Producto de Prueba;1.41
2025-09-29;Punta de Cacho;2.24
2025-09-29;Queso;3.89
2025-09-29;Salchicha;1.50
2025-09-29;Salchichon;3.04
2025-09-29;Sesina;1.91
2025-09-29;Titiles;3.82
2025-09-30;Centrolac leche entera 472 ml;2.19
2025-09-30;"Centrolac milk whole 1000 ml ";1.97
2025-09-30;Chincaca;3.36
2025-09-30;Chorizo Criollo;2.20
2025-09-30;Conito;2.12
2025-09-30;Costilla Alta;1.11
2025-09-30;Costilla de Cerdo;3.99
2025-09-30;Crema Perfecta;3.81
2025-09-30;Higado De Pollo;2.86
2025-09-30;Huesos Corriente;2.35
2025-09-30;Lomo de Cerdo;2.28
2025-09-30;Lomo de Res;3.20
2025-09-30;Medio Pollo;2.26
2025-09-30;Menudo;2.24
2025-09-30;Mortadela;1.80
2025-09-30;Muslo;3.97
2025-09-30;Muslo Especial;2.16
2025-09-30;Pechuga Con Ala;2.27
2025-09-30;Pechuga Especial;3.23
2025-09-30;Pierna Entera;2.41
2025-09-30;Pierna Especial;1.29
2025-09-30;Posta de Cerdo;1.82
2025-09-30;Posta de Corona;3.03
2025-09-30;Posta De Gallina;3.83
2025-09-30;Posta de Pierna;3.48
2025-09-30;Producto de Prueba;2.87
2025-09-30;Punta de Cacho;2.94
2025-09-30;Queso;1.88
2025-09-30;Salchicha;3.43
2025-09-30;Salchichon;2.03
2025-09-30;Sesina;3.14
2025-09-30;Titiles;1.33
2025-10-01;Centrolac leche entera 472 ml;2.68
2025-10-01;"Centrolac milk whole 1000 ml ";3.85
2025-10-01;Chincaca;3.00
2025-10-01;Chorizo Criollo;1.91
2025-10-01;Conito;1.26
2025-10-01;Costilla Alta;1.07
2025-10-01;Costilla de Cerdo;2.07
2025-10-01;Crema Perfecta;1.13
2025-10-01;Higado De Pollo;3.80
2025-10-01;Huesos Corriente;3.07
2025-10-01;Lomo de Cerdo;1.11
2025-10-01;Lomo de Res;1.75
2025-10-01;Medio Pollo;1.20
2025-10-01;Menudo;2.68
2025-10-01;Mortadela;3.04
2025-10-01;Muslo;1.51
2025-10-01;Muslo Especial;1.21
2025-10-01;Pechuga Con Ala;3.95
2025-10-01;Pechuga Especial;1.23
2025-10-01;Pierna Entera;3.59
2025-10-01;Pierna Especial;2.42
2025-10-01;Posta de Cerdo;1.27
2025-10-01;Posta de Corona;1.62
2025-10-01;Posta De Gallina;1.95
2025-10-01;Posta de Pierna;3.76
2025-10-01;Producto de Prueba;1.31
2025-10-01;Punta de Cacho;1.09
2025-10-01;Queso;3.37
2025-10-01;Salchicha;3.68
2025-10-01;Salchichon;3.03
2025-10-01;Sesina;3.17
2025-10-01;Titiles;1.76
2025-10-02;Centrolac leche entera 472 ml;2.06
2025-10-02;"Centrolac milk whole 1000 ml ";1.04
2025-10-02;Chincaca;3.35
2025-10-02;Chorizo Criollo;3.53
2025-10-02;Conito;2.71
2025-10-02;Costilla Alta;2.74
2025-10-02;Costilla de Cerdo;3.28
2025-10-02;Crema Perfecta;1.42
2025-10-02;Higado De Pollo;2.49
2025-10-02;Huesos Corriente;2.16
2025-10-02;Lomo de Cerdo;3.90
2025-10-02;Lomo de Res;1.55
2025-10-02;Medio Pollo;2.40
2025-10-02;Menudo;3.59
2025-10-02;Mortadela;3.96
2025-10-02;Muslo;3.82
2025-10-02;Muslo Especial;3.51
2025-10-02;Pechuga Con Ala;2.18
2025-10-02;Pechuga Especial;1.62
2025-10-02;Pierna Entera;3.83
2025-10-02;Pierna Especial;2.25
2025-10-02;Posta de Cerdo;3.84
2025-10-02;Posta de Corona;1.50
2025-10-02;Posta De Gallina;3.49
2025-10-02;Posta de Pierna;3.05
2025-10-02;Producto de Prueba;1.53
2025-10-02;Punta de Cacho;3.99
2025-10-02;Queso;2.01
2025-10-02;Salchicha;2.06
2025-10-02;Salchichon;1.98
2025-10-02;Sesina;1.05
2025-10-02;Titiles;1.56
2025-10-03;Centrolac leche entera 472 ml;2.20
2025-10-03;"Centrolac milk whole 1000 ml ";1.69
2025-10-03;Chincaca;2.66
2025-10-03;Chorizo Criollo;1.74
2025-10-03;Conito;1.50
2025-10-03;Costilla Alta;1.64
2025-10-03;Costilla de Cerdo;3.57
2025-10-03;Crema Perfecta;1.77
2025-10-03;Higado De Pollo;2.32
2025-10-03;Huesos Corriente;2.05
2025-10-03;Lomo de Cerdo;1.88
2025-10-03;Lomo de Res;2.26
2025-10-03;Medio Pollo;2.41
2025-10-03;Menudo;1.84
2025-10-03;Mortadela;2.03
2025-10-03;Muslo;1.41
2025-10-03;Muslo Especial;2.23
2025-10-03;Pechuga Con Ala;1.71
2025-10-03;Pechuga Especial;3.67
2025-10-03;Pierna Entera;1.93
2025-10-03;Pierna Especial;2.41
2025-10-03;Posta de Cerdo;2.00
2025-10-03;Posta de Corona;3.59
2025-10-03;Posta De Gallina;3.38
2025-10-03;Posta de Pierna;3.59
2025-10-03;Producto de Prueba;1.84
2025-10-03;Punta de Cacho;1.68
2025-10-03;Queso;3.37
2025-10-03;Salchicha;1.07
2025-10-03;Salchichon;1.65
2025-10-03;Sesina;3.12
2025-10-03;Titiles;2.05
2025-10-04;Centrolac leche entera 472 ml;1.12
2025-10-04;"Centrolac milk whole 1000 ml ";3.98
2025-10-04;Chincaca;1.44
2025-10-04;Chorizo Criollo;3.34
2025-10-04;Conito;2.35
2025-10-04;Costilla Alta;3.01
2025-10-04;Costilla de Cerdo;2.14
2025-10-04;Crema Perfecta;2.01
2025-10-04;Higado De Pollo;2.48
2025-10-04;Huesos Corriente;2.74
2025-10-04;Lomo de Cerdo;1.23
2025-10-04;Lomo de Res;2.43
2025-10-04;Medio Pollo;1.70
2025-10-04;Menudo;3.72
2025-10-04;Mortadela;1.22
2025-10-04;Muslo;2.61
2025-10-04;Muslo Especial;2.78
2025-10-04;Pechuga Con Ala;3.46
2025-10-04;Pechuga Especial;2.22
2025-10-04;Pierna Entera;1.29
2025-10-04;Pierna Especial;2.85
2025-10-04;Posta de Cerdo;1.51
2025-10-04;Posta de Corona;2.33
2025-10-04;Posta De Gallina;3.00
2025-10-04;Posta de Pierna;1.23
2025-10-04;Producto de Prueba;3.19
2025-10-04;Punta de Cacho;2.01
2025-10-04;Queso;3.15
2025-10-04;Salchicha;3.22
2025-10-04;Salchichon;1.30
2025-10-04;Sesina;2.43
2025-10-04;Titiles;2.05
2025-10-05;Centrolac leche entera 472 ml;3.37
2025-10-05;"Centrolac milk whole 1000 ml ";1.60
2025-10-05;Chincaca;2.95
2025-10-05;Chorizo Criollo;3.70
2025-10-05;Conito;2.15
2025-10-05;Costilla Alta;1.70
2025-10-05;Costilla de Cerdo;3.26
2025-10-05;Crema Perfecta;2.14
2025-10-05;Higado De Pollo;1.02
2025-10-05;Huesos Corriente;1.19
2025-10-05;Lomo de Cerdo;1.12
2025-10-05;Lomo de Res;2.73
2025-10-05;Medio Pollo;2.66
2025-10-05;Menudo;3.01
2025-10-05;Mortadela;3.82
2025-10-05;Muslo;1.86
2025-10-05;Muslo Especial;2.75
2025-10-05;Pechuga Con Ala;1.16
2025-10-05;Pechuga Especial;3.99
2025-10-05;Pierna Entera;3.52
2025-10-05;Pierna Especial;2.01
2025-10-05;Posta de Cerdo;3.99
2025-10-05;Posta de Corona;2.79
2025-10-05;Posta De Gallina;3.83
2025-10-05;Posta de Pierna;1.70
2025-10-05;Producto de Prueba;2.06
2025-10-05;Punta de Cacho;2.24
2025-10-05;Queso;3.39
2025-10-05;Salchicha;2.71
2025-10-05;Salchichon;3.51
2025-10-05;Sesina;2.37
2025-10-05;Titiles;1.62
2025-10-06;Centrolac leche entera 472 ml;3.92
2025-10-06;"Centrolac milk whole 1000 ml ";2.14
2025-10-06;Chincaca;2.38
2025-10-06;Chorizo Criollo;3.44
2025-10-06;Conito;2.93
2025-10-06;Costilla Alta;3.32
2025-10-06;Costilla de Cerdo;2.85
2025-10-06;Crema Perfecta;3.64
2025-10-06;Higado De Pollo;1.33
2025-10-06;Huesos Corriente;2.08
2025-10-06;Lomo de Cerdo;2.72
2025-10-06;Lomo de Res;1.96
2025-10-06;Medio Pollo;1.19
2025-10-06;Menudo;2.50
2025-10-06;Mortadela;2.82
2025-10-06;Muslo;2.50
2025-10-06;Muslo Especial;2.41
2025-10-06;Pechuga Con Ala;3.45
2025-10-06;Pechuga Especial;2.39
2025-10-06;Pierna Entera;1.13
2025-10-06;Pierna Especial;1.86
2025-10-06;Posta de Cerdo;2.60
2025-10-06;Posta de Corona;3.64
2025-10-06;Posta De Gallina;3.52
2025-10-06;Posta de Pierna;3.88
2025-10-06;Producto de Prueba;3.95
2025-10-06;Punta de Cacho;3.84
2025-10-06;Queso;3.91
2025-10-06;Salchicha;2.70
2025-10-06;Salchichon;1.03
2025-10-06;Sesina;3.26
2025-10-06;Titiles;1.71
2025-10-07;Centrolac leche entera 472 ml;3.23
2025-10-07;"Centrolac milk whole 1000 ml ";3.92
2025-10-07;Chincaca;3.23
2025-10-07;Chorizo Criollo;1.60
2025-10-07;Conito;3.59
2025-10-07;Costilla Alta;3.91
2025-10-07;Costilla de Cerdo;2.31
2025-10-07;Crema Perfecta;2.03
2025-10-07;Higado De Pollo;2.92
2025-10-07;Huesos Corriente;3.78
2025-10-07;Lomo de Cerdo;3.13
2025-10-07;Lomo de Res;1.92
2025-10-07;Medio Pollo;1.06
2025-10-07;Menudo;2.83
2025-10-07;Mortadela;1.40
2025-10-07;Muslo;2.62
2025-10-07;Muslo Especial;1.85
2025-10-07;Pechuga Con Ala;1.79
2025-10-07;Pechuga Especial;2.67
2025-10-07;Pierna Entera;2.75
2025-10-07;Pierna Especial;1.47
2025-10-07;Posta de Cerdo;2.67
2025-10-07;Posta de Corona;1.23
2025-10-07;Posta De Gallina;1.66
2025-10-07;Posta de Pierna;1.43
2025-10-07;Producto de Prueba;1.38
2025-10-07;Punta de Cacho;1.35
2025-10-07;Queso;2.79
2025-10-07;Salchicha;3.07
2025-10-07;Salchichon;1.76
2025-10-07;Sesina;3.07
2025-10-07;Titiles;2.29
2025-10-08;Centrolac leche entera 472 ml;3.52
2025-10-08;"Centrolac milk whole 1000 ml ";1.91
2025-10-08;Chincaca;1.17
2025-10-08;Chorizo Criollo;2.81
2025-10-08;Conito;2.96
2025-10-08;Costilla Alta;3.47
2025-10-08;Costilla de Cerdo;2.11
2025-10-08;Crema Perfecta;2.21
2025-10-08;Higado De Pollo;1.60
2025-10-08;Huesos Corriente;1.06
2025-10-08;Lomo de Cerdo;1.65
2025-10-08;Lomo de Res;3.23
2025-10-08;Medio Pollo;1.72
2025-10-08;Menudo;2.71
2025-10-08;Mortadela;2.12
2025-10-08;Muslo;3.41
2025-10-08;Muslo Especial;2.33
2025-10-08;Pechuga Con Ala;3.44
2025-10-08;Pechuga Especial;1.83
2025-10-08;Pierna Entera;2.41
2025-10-08;Pierna Especial;2.15
2025-10-08;Posta de Cerdo;3.71
2025-10-08;Posta de Corona;1.81
2025-10-08;Posta De Gallina;3.65
2025-10-08;Posta de Pierna;1.21
2025-10-08;Producto de Prueba;2.44
2025-10-08;Punta de Cacho;3.66
2025-10-08;Queso;1.67
2025-10-08;Salchicha;3.80
2025-10-08;Salchichon;3.30
2025-10-08;Sesina;2.69
2025-10-08;Titiles;1.51
2025-10-09;Centrolac leche entera 472 ml;3.80
2025-10-09;"Centrolac milk whole 1000 ml ";1.66
2025-10-09;Chincaca;1.62
2025-10-09;Chorizo Criollo;2.26
2025-10-09;Conito;1.72
2025-10-09;Costilla Alta;2.28
2025-10-09;Costilla de Cerdo;1.21
2025-10-09;Crema Perfecta;3.86
2025-10-09;Higado De Pollo;2.65
2025-10-09;Huesos Corriente;3.74
2025-10-09;Lomo de Cerdo;1.08
2025-10-09;Lomo de Res;3.33
2025-10-09;Medio Pollo;1.29
2025-10-09;Menudo;3.07
2025-10-09;Mortadela;1.42
2025-10-09;Muslo;1.47
2025-10-09;Muslo Especial;3.99
2025-10-09;Pechuga Con Ala;2.76
2025-10-09;Pechuga Especial;2.43
2025-10-09;Pierna Entera;3.03
2025-10-09;Pierna Especial;3.73
2025-10-09;Posta de Cerdo;3.30
2025-10-09;Posta de Corona;1.22
2025-10-09;Posta De Gallina;2.85
2025-10-09;Posta de Pierna;2.83
2025-10-09;Producto de Prueba;1.78
2025-10-09;Punta de Cacho;3.84
2025-10-09;Queso;2.29
2025-10-09;Salchicha;3.07
2025-10-09;Salchichon;2.15
2025-10-09;Sesina;2.11
2025-10-09;Titiles;1.02
2025-10-10;Centrolac leche entera 472 ml;2.13
2025-10-10;"Centrolac milk whole 1000 ml ";1.90
2025-10-10;Chincaca;2.18
2025-10-10;Chorizo Criollo;3.01
2025-10-10;Conito;2.38
2025-10-10;Costilla Alta;1.23
2025-10-10;Costilla de Cerdo;2.40
2025-10-10;Crema Perfecta;1.48
2025-10-10;Higado De Pollo;1.22
2025-10-10;Huesos Corriente;1.67
2025-10-10;Lomo de Cerdo;3.12
2025-10-10;Lomo de Res;2.92
2025-10-10;Medio Pollo;1.90
2025-10-10;Menudo;2.04
2025-10-10;Mortadela;2.55
2025-10-10;Muslo;2.08
2025-10-10;Muslo Especial;3.61
2025-10-10;Pechuga Con Ala;1.09
2025-10-10;Pechuga Especial;2.54
2025-10-10;Pierna Entera;1.19
2025-10-10;Pierna Especial;2.69
2025-10-10;Posta de Cerdo;3.84
2025-10-10;Posta de Corona;2.82
2025-10-10;Posta De Gallina;2.02
2025-10-10;Posta de Pierna;1.36
2025-10-10;Producto de Prueba;3.11
2025-10-10;Punta de Cacho;2.51
2025-10-10;Queso;1.70
2025-10-10;Salchicha;2.61
2025-10-10;Salchichon;2.34
2025-10-10;Sesina;2.86
2025-10-10;Titiles;1.72
2025-10-11;Centrolac leche entera 472 ml;1.29
2025-10-11;"Centrolac milk whole 1000 ml ";3.25
2025-10-11;Chincaca;2.20
2025-10-11;Chorizo Criollo;3.31
2025-10-11;Conito;1.00
2025-10-11;Costilla Alta;3.05
2025-10-11;Costilla de Cerdo;2.00
2025-10-11;Crema Perfecta;2.90
2025-10-11;Higado De Pollo;3.93
2025-10-11;Huesos Corriente;3.39
2025-10-11;Lomo de Cerdo;1.77
2025-10-11;Lomo de Res;3.41
2025-10-11;Medio Pollo;3.41
2025-10-11;Menudo;2.76
2025-10-11;Mortadela;1.40
2025-10-11;Muslo;1.02
2025-10-11;Muslo Especial;2.87
2025-10-11;Pechuga Con Ala;1.03
2025-10-11;Pechuga Especial;1.57
2025-10-11;Pierna Entera;1.75
2025-10-11;Pierna Especial;2.57
2025-10-11;Posta de Cerdo;2.18
2025-10-11;Posta de Corona;3.38
2025-10-11;Posta De Gallina;1.70
2025-10-11;Posta de Pierna;3.18
2025-10-11;Producto de Prueba;1.75
2025-10-11;Punta de Cacho;2.19
2025-10-11;Queso;1.70
2025-10-11;Salchicha;3.17
2025-10-11;Salchichon;3.58
2025-10-11;Sesina;1.82
2025-10-11;Titiles;2.80
2025-10-12;Centrolac leche entera 472 ml;2.14
2025-10-12;"Centrolac milk whole 1000 ml ";3.47
2025-10-12;Chincaca;2.65
2025-10-12;Chorizo Criollo;2.10
2025-10-12;Conito;1.04
2025-10-12;Costilla Alta;3.82
2025-10-12;Costilla de Cerdo;1.20
2025-10-12;Crema Perfecta;3.56
2025-10-12;Higado De Pollo;3.15
2025-10-12;Huesos Corriente;2.43
2025-10-12;Lomo de Cerdo;3.45
2025-10-12;Lomo de Res;2.03
2025-10-12;Medio Pollo;1.64
2025-10-12;Menudo;3.92
2025-10-12;Mortadela;1.57
2025-10-12;Muslo;1.96
2025-10-12;Muslo Especial;2.62
2025-10-12;Pechuga Con Ala;2.80
2025-10-12;Pechuga Especial;1.77
2025-10-12;Pierna Entera;1.51
2025-10-12;Pierna Especial;2.98
2025-10-12;Posta de Cerdo;1.54
2025-10-12;Posta de Corona;1.93
2025-10-12;Posta De Gallina;3.48
2025-10-12;Posta de Pierna;2.50
2025-10-12;Producto de Prueba;3.03
2025-10-12;Punta de Cacho;3.13
2025-10-12;Queso;1.08
2025-10-12;Salchicha;3.06
2025-10-12;Salchichon;2.22
2025-10-12;Sesina;3.33
2025-10-12;Titiles;3.60
2025-10-13;Centrolac leche entera 472 ml;1.46
2025-10-13;"Centrolac milk whole 1000 ml ";1.84
2025-10-13;Chincaca;3.83
2025-10-13;Chorizo Criollo;1.29
2025-10-13;Conito;3.28
2025-10-13;Costilla Alta;3.78
2025-10-13;Costilla de Cerdo;2.44
2025-10-13;Crema Perfecta;2.48
2025-10-13;Higado De Pollo;1.67
2025-10-13;Huesos Corriente;3.86
2025-10-13;Lomo de Cerdo;3.29
2025-10-13;Lomo de Res;3.14
2025-10-13;Medio Pollo;1.35
2025-10-13;Menudo;2.19
2025-10-13;Mortadela;3.49
2025-10-13;Muslo;1.08
2025-10-13;Muslo Especial;1.29
2025-10-13;Pechuga Con Ala;2.31
2025-10-13;Pechuga Especial;1.37
2025-10-13;Pierna Entera;3.72
2025-10-13;Pierna Especial;2.47
2025-10-13;Posta de Cerdo;2.92
2025-10-13;Posta de Corona;1.14
2025-10-13;Posta De Gallina;1.17
2025-10-13;Posta de Pierna;1.98
2025-10-13;Producto de Prueba;2.42
2025-10-13;Punta de Cacho;2.05
2025-10-13;Queso;3.89
2025-10-13;Salchicha;2.71
2025-10-13;Salchichon;2.22
2025-10-13;Sesina;3.07
2025-10-13;Titiles;2.45
2025-10-14;Centrolac leche entera 472 ml;1.36
2025-10-14;"Centrolac milk whole 1000 ml ";3.41
2025-10-14;Chincaca;2.66
2025-10-14;Chorizo Criollo;3.06
2025-10-14;Conito;3.29
2025-10-14;Costilla Alta;2.13
2025-10-14;Costilla de Cerdo;1.42
2025-10-14;Crema Perfecta;1.25
2025-10-14;Higado De Pollo;3.17
2025-10-14;Huesos Corriente;1.36
2025-10-14;Lomo de Cerdo;2.33
2025-10-14;Lomo de Res;1.96
2025-10-14;Medio Pollo;3.83
2025-10-14;Menudo;3.24
2025-10-14;Mortadela;2.18
2025-10-14;Muslo;3.61
2025-10-14;Muslo Especial;1.59
2025-10-14;Pechuga Con Ala;2.60
2025-10-14;Pechuga Especial;1.92
2025-10-14;Pierna Entera;2.37
2025-10-14;Pierna Especial;1.54
2025-10-14;Posta de Cerdo;2.96
2025-10-14;Posta de Corona;1.57
2025-10-14;Posta De Gallina;1.60
2025-10-14;Posta de Pierna;3.27
2025-10-14;Producto de Prueba;3.41
2025-10-14;Punta de Cacho;3.05
2025-10-14;Queso;2.22
2025-10-14;Salchicha;3.60
2025-10-14;Salchichon;3.72
2025-10-14;Sesina;1.47
2025-10-14;Titiles;2.94
2025-10-15;Centrolac leche entera 472 ml;2.30
2025-10-15;"Centrolac milk whole 1000 ml ";2.44
2025-10-15;Chincaca;3.25
2025-10-15;Chorizo Criollo;3.46
2025-10-15;Conito;1.49
2025-10-15;Costilla Alta;2.10
2025-10-15;Costilla de Cerdo;3.74
2025-10-15;Crema Perfecta;3.04
2025-10-15;Higado De Pollo;2.38
2025-10-15;Huesos Corriente;1.18
2025-10-15;Lomo de Cerdo;1.92
2025-10-15;Lomo de Res;3.30
2025-10-15;Medio Pollo;1.70
2025-10-15;Menudo;2.53
2025-10-15;Mortadela;1.05
2025-10-15;Muslo;3.99
2025-10-15;Muslo Especial;2.44
2025-10-15;Pechuga Con Ala;1.66
2025-10-15;Pechuga Especial;2.45
2025-10-15;Pierna Entera;2.55
2025-10-15;Pierna Especial;3.69
2025-10-15;Posta de Cerdo;2.42
2025-10-15;Posta de Corona;2.49
2025-10-15;Posta De Gallina;1.04
2025-10-15;Posta de Pierna;3.29
2025-10-15;Producto de Prueba;1.33
2025-10-15;Punta de Cacho;1.07
2025-10-15;Queso;2.65
2025-10-15;Salchicha;3.06
2025-10-15;Salchichon;1.98
2025-10-15;Sesina;2.54
2025-10-15;Titiles;3.02
2025-10-16;Centrolac leche entera 472 ml;3.99
2025-10-16;"Centrolac milk whole 1000 ml ";3.32
2025-10-16;Chincaca;3.50
2025-10-16;Chorizo Criollo;2.50
2025-10-16;Conito;2.56
2025-10-16;Costilla Alta;1.41
2025-10-16;Costilla de Cerdo;3.13
2025-10-16;Crema Perfecta;2.01
2025-10-16;Higado De Pollo;2.22
2025-10-16;Huesos Corriente;3.28
2025-10-16;Lomo de Cerdo;3.10
2025-10-16;Lomo de Res;3.48
2025-10-16;Medio Pollo;3.24
2025-10-16;Menudo;3.40
2025-10-16;Mortadela;1.61
2025-10-16;Muslo;3.95
2025-10-16;Muslo Especial;1.10
2025-10-16;Pechuga Con Ala;3.89
2025-10-16;Pechuga Especial;2.45
2025-10-16;Pierna Entera;3.33
2025-10-16;Pierna Especial;1.28
2025-10-16;Posta de Cerdo;2.05
2025-10-16;Posta de Corona;1.24
2025-10-16;Posta De Gallina;3.45
2025-10-16;Posta de Pierna;3.37
2025-10-16;Producto de Prueba;3.88
2025-10-16;Punta de Cacho;3.31
2025-10-16;Queso;1.91
2025-10-16;Salchicha;1.47
2025-10-16;Salchichon;1.11
2025-10-16;Sesina;1.71
2025-10-16;Titiles;2.61
2025-10-17;Centrolac leche entera 472 ml;2.30
2025-10-17;"Centrolac milk whole 1000 ml ";3.66
2025-10-17;Chincaca;3.47
2025-10-17;Chorizo Criollo;2.13
2025-10-17;Conito;3.45
2025-10-17;Costilla Alta;3.41
2025-10-17;Costilla de Cerdo;3.15
2025-10-17;Crema Perfecta;3.54
2025-10-17;Higado De Pollo;1.09
2025-10-17;Huesos Corriente;3.08
2025-10-17;Lomo de Cerdo;3.32
2025-10-17;Lomo de Res;2.60
2025-10-17;Medio Pollo;2.68
2025-10-17;Menudo;1.71
2025-10-17;Mortadela;2.14
2025-10-17;Muslo;3.90
2025-10-17;Muslo Especial;3.12
2025-10-17;Pechuga Con Ala;1.74
2025-10-17;Pechuga Especial;2.94
2025-10-17;Pierna Entera;2.45
2025-10-17;Pierna Especial;1.31
2025-10-17;Posta de Cerdo;2.91
2025-10-17;Posta de Corona;1.31
2025-10-17;Posta De Gallina;2.26
2025-10-17;Posta de Pierna;1.91
2025-10-17;Producto de Prueba;3.06
2025-10-17;Punta de Cacho;3.07
2025-10-17;Queso;2.91
2025-10-17;Salchicha;2.97
2025-10-17;Salchichon;3.05
2025-10-17;Sesina;3.87
2025-10-17;Titiles;1.78
2025-10-18;Centrolac leche entera 472 ml;1.69
2025-10-18;"Centrolac milk whole 1000 ml ";1.76
2025-10-18;Chincaca;3.84
2025-10-18;Chorizo Criollo;3.68
2025-10-18;Conito;2.53
2025-10-18;Costilla Alta;3.69
2025-10-18;Costilla de Cerdo;2.25
2025-10-18;Crema Perfecta;3.83
2025-10-18;Higado De Pollo;3.31
2025-10-18;Huesos Corriente;2.66
2025-10-18;Lomo de Cerdo;2.26
2025-10-18;Lomo de Res;1.80
2025-10-18;Medio Pollo;3.51
2025-10-18;Menudo;3.12
2025-10-18;Mortadela;3.93
2025-10-18;Muslo;3.52
2025-10-18;Muslo Especial;2.49
2025-10-18;Pechuga Con Ala;1.92
2025-10-18;Pechuga Especial;2.22
2025-10-18;Pierna Entera;3.98
2025-10-18;Pierna Especial;2.66
2025-10-18;Posta de Cerdo;1.72
2025-10-18;Posta de Corona;3.07
2025-10-18;Posta De Gallina;2.33
2025-10-18;Posta de Pierna;3.34
2025-10-18;Producto de Prueba;2.39
2025-10-18;Punta de Cacho;1.82
2025-10-18;Queso;1.11
2025-10-18;Salchicha;2.33
2025-10-18;Salchichon;1.02
2025-10-18;Sesina;1.61
2025-10-18;Titiles;1.24
2025-10-19;Centrolac leche entera 472 ml;3.34
2025-10-19;"Centrolac milk whole 1000 ml ";2.76
2025-10-19;Chincaca;3.20
2025-10-19;Chorizo Criollo;2.65
2025-10-19;Conito;2.91
2025-10-19;Costilla Alta;2.29
2025-10-19;Costilla de Cerdo;3.12
2025-10-19;Crema Perfecta;3.49
2025-10-19;Higado De Pollo;1.68
2025-10-19;Huesos Corriente;1.41
2025-10-19;Lomo de Cerdo;2.36
2025-10-19;Lomo de Res;3.60
2025-10-19;Medio Pollo;1.18
2025-10-19;Menudo;2.53
2025-10-19;Mortadela;2.27
2025-10-19;Muslo;2.19
2025-10-19;Muslo Especial;2.72
2025-10-19;Pechuga Con Ala;2.17
2025-10-19;Pechuga Especial;3.76
2025-10-19;Pierna Entera;3.03
2025-10-19;Pierna Especial;1.42
2025-10-19;Posta de Cerdo;3.16
2025-10-19;Posta de Corona;1.55
2025-10-19;Posta De Gallina;3.41
2025-10-19;Posta de Pierna;2.73
2025-10-19;Producto de Prueba;3.44
2025-10-19;Punta de Cacho;2.50
2025-10-19;Queso;2.29
2025-10-19;Salchicha;2.41
2025-10-19;Salchichon;4.00
2025-10-19;Sesina;3.49
2025-10-19;Titiles;2.13
2025-10-20;Centrolac leche entera 472 ml;3.86
2025-10-20;"Centrolac milk whole 1000 ml ";1.51
2025-10-20;Chincaca;2.29
2025-10-20;Chorizo Criollo;2.48
2025-10-20;Conito;1.41
2025-10-20;Costilla Alta;1.18
2025-10-20;Costilla de Cerdo;3.15
2025-10-20;Crema Perfecta;2.02
2025-10-20;Higado De Pollo;2.71
2025-10-20;Huesos Corriente;2.93
2025-10-20;Lomo de Cerdo;2.35
2025-10-20;Lomo de Res;2.71
2025-10-20;Medio Pollo;2.31
2025-10-20;Menudo;3.71
2025-10-20;Mortadela;3.78
2025-10-20;Muslo;1.85
2025-10-20;Muslo Especial;2.72
2025-10-20;Pechuga Con Ala;1.49
2025-10-20;Pechuga Especial;3.67
2025-10-20;Pierna Entera;3.64
2025-10-20;Pierna Especial;1.65
2025-10-20;Posta de Cerdo;1.01
2025-10-20;Posta de Corona;1.01
2025-10-20;Posta De Gallina;3.71
2025-10-20;Posta de Pierna;3.92
2025-10-20;Producto de Prueba;2.48
2025-10-20;Punta de Cacho;2.06
2025-10-20;Queso;1.29
2025-10-20;Salchicha;3.60
2025-10-20;Salchichon;1.86
2025-10-20;Sesina;3.06
2025-10-20;Titiles;2.13
2025-10-21;Centrolac leche entera 472 ml;1.95
2025-10-21;"Centrolac milk whole 1000 ml ";3.55
2025-10-21;Chincaca;1.88
2025-10-21;Chorizo Criollo;1.05
2025-10-21;Conito;1.57
2025-10-21;Costilla Alta;3.85
2025-10-21;Costilla de Cerdo;2.88
2025-10-21;Crema Perfecta;3.59
2025-10-21;Higado De Pollo;1.62
2025-10-21;Huesos Corriente;2.68
2025-10-21;Lomo de Cerdo;1.49
2025-10-21;Lomo de Res;3.12
2025-10-21;Medio Pollo;2.87
2025-10-21;Menudo;1.18
2025-10-21;Mortadela;3.84
2025-10-21;Muslo;3.30
2025-10-21;Muslo Especial;2.12
2025-10-21;Pechuga Con Ala;2.11
2025-10-21;Pechuga Especial;3.11
2025-10-21;Pierna Entera;1.41
2025-10-21;Pierna Especial;2.79
2025-10-21;Posta de Cerdo;2.13
2025-10-21;Posta de Corona;2.10
2025-10-21;Posta De Gallina;3.58
2025-10-21;Posta de Pierna;2.57
2025-10-21;Producto de Prueba;3.28
2025-10-21;Punta de Cacho;3.92
2025-10-21;Queso;1.44
2025-10-21;Salchicha;1.56
2025-10-21;Salchichon;2.55
2025-10-21;Sesina;3.89
2025-10-21;Titiles;1.94
2025-10-22;Centrolac leche entera 472 ml;1.08
2025-10-22;"Centrolac milk whole 1000 ml ";1.20
2025-10-22;Chincaca;2.16
2025-10-22;Chorizo Criollo;1.83
2025-10-22;Conito;3.07
2025-10-22;Costilla Alta;1.79
2025-10-22;Costilla de Cerdo;2.22
2025-10-22;Crema Perfecta;3.21
2025-10-22;Higado De Pollo;2.36
2025-10-22;Huesos Corriente;3.88
2025-10-22;Lomo de Cerdo;3.86
2025-10-22;Lomo de Res;3.39
2025-10-22;Medio Pollo;1.13
2025-10-22;Menudo;3.56
2025-10-22;Mortadela;2.61
2025-10-22;Muslo;3.14
2025-10-22;Muslo Especial;3.59
2025-10-22;Pechuga Con Ala;1.86
2025-10-22;Pechuga Especial;3.19
2025-10-22;Pierna Entera;2.82
2025-10-22;Pierna Especial;1.37
2025-10-22;Posta de Cerdo;1.64
2025-10-22;Posta de Corona;2.98
2025-10-22;Posta De Gallina;1.78
2025-10-22;Posta de Pierna;2.28
2025-10-22;Producto de Prueba;1.40
2025-10-22;Punta de Cacho;2.06
2025-10-22;Queso;1.93
2025-10-22;Salchicha;3.46
2025-10-22;Salchichon;2.19
2025-10-22;Sesina;2.78
2025-10-22;Titiles;1.05
2025-10-23;Centrolac leche entera 472 ml;1.81
2025-10-23;"Centrolac milk whole 1000 ml ";2.72
2025-10-23;Chincaca;3.14
2025-10-23;Chorizo Criollo;1.71
2025-10-23;Conito;1.03
2025-10-23;Costilla Alta;3.70
2025-10-23;Costilla de Cerdo;2.89
2025-10-23;Crema Perfecta;2.06
2025-10-23;Higado De Pollo;1.56
2025-10-23;Huesos Corriente;2.44
2025-10-23;Lomo de Cerdo;3.10
2025-10-23;Lomo de Res;3.76
2025-10-23;Medio Pollo;2.24
2025-10-23;Menudo;1.44
2025-10-23;Mortadela;3.69
2025-10-23;Muslo;2.09
2025-10-23;Muslo Especial;3.49
2025-10-23;Pechuga Con Ala;2.66
2025-10-23;Pechuga Especial;3.31
2025-10-23;Pierna Entera;1.86
2025-10-23;Pierna Especial;2.69
2025-10-23;Posta de Cerdo;1.43
2025-10-23;Posta de Corona;2.52
2025-10-23;Posta De Gallina;1.51
2025-10-23;Posta de Pierna;1.21
2025-10-23;Producto de Prueba;2.02
2025-10-23;Punta de Cacho;3.96
2025-10-23;Queso;3.31
2025-10-23;Salchicha;3.82
2025-10-23;Salchichon;2.09
2025-10-23;Sesina;2.90
2025-10-23;Titiles;1.89
2025-10-24;Centrolac leche entera 472 ml;2.86
2025-10-24;"Centrolac milk whole 1000 ml ";3.53
2025-10-24;Chincaca;2.41
2025-10-24;Chorizo Criollo;2.53
2025-10-24;Conito;1.73
2025-10-24;Costilla Alta;3.22
2025-10-24;Costilla de Cerdo;1.82
2025-10-24;Crema Perfecta;1.47
2025-10-24;Higado De Pollo;2.11
2025-10-24;Huesos Corriente;3.30
2025-10-24;Lomo de Cerdo;2.52
2025-10-24;Lomo de Res;1.48
2025-10-24;Medio Pollo;1.69
2025-10-24;Menudo;3.90
2025-10-24;Mortadela;2.43
2025-10-24;Muslo;3.51
2025-10-24;Muslo Especial;1.75
2025-10-24;Pechuga Con Ala;2.43
2025-10-24;Pechuga Especial;2.88
2025-10-24;Pierna Entera;3.42
2025-10-24;Pierna Especial;3.54
2025-10-24;Posta de Cerdo;1.65
2025-10-24;Posta de Corona;1.98
2025-10-24;Posta De Gallina;1.63
2025-10-24;Posta de Pierna;2.33
2025-10-24;Producto de Prueba;1.23
2025-10-24;Punta de Cacho;3.42
2025-10-24;Queso;3.52
2025-10-24;Salchicha;1.82
2025-10-24;Salchichon;3.24
2025-10-24;Sesina;2.44
2025-10-24;Titiles;1.73
2025-10-25;Centrolac leche entera 472 ml;3.50
2025-10-25;"Centrolac milk whole 1000 ml ";3.73
2025-10-25;Chincaca;2.64
2025-10-25;Chorizo Criollo;1.97
2025-10-25;Conito;2.12
2025-10-25;Costilla Alta;3.69
2025-10-25;Costilla de Cerdo;2.93
2025-10-25;Crema Perfecta;1.01
2025-10-25;Higado De Pollo;1.84
2025-10-25;Huesos Corriente;1.25
2025-10-25;Lomo de Cerdo;2.60
2025-10-25;Lomo de Res;1.92
2025-10-25;Medio Pollo;2.93
2025-10-25;Menudo;3.65
2025-10-25;Mortadela;1.38
2025-10-25;Muslo;2.35
2025-10-25;Muslo Especial;2.80
2025-10-25;Pechuga Con Ala;1.44
2025-10-25;Pechuga Especial;1.34
2025-10-25;Pierna Entera;1.84
2025-10-25;Pierna Especial;1.24
2025-10-25;Posta de Cerdo;1.71
2025-10-25;Posta de Corona;3.12
2025-10-25;Posta De Gallina;3.57
2025-10-25;Posta de Pierna;1.00
2025-10-25;Producto de Prueba;1.35
2025-10-25;Punta de Cacho;3.43
2025-10-25;Queso;3.35
2025-10-25;Salchicha;3.61
2025-10-25;Salchichon;3.58
2025-10-25;Sesina;3.47
2025-10-25;Titiles;3.46
2025-10-26;Centrolac leche entera 472 ml;3.53
2025-10-26;"Centrolac milk whole 1000 ml ";1.74
2025-10-26;Chincaca;1.07
2025-10-26;Chorizo Criollo;2.90
2025-10-26;Conito;1.77
2025-10-26;Costilla Alta;1.99
2025-10-26;Costilla de Cerdo;3.59
2025-10-26;Crema Perfecta;2.19
2025-10-26;Higado De Pollo;1.97
2025-10-26;Huesos Corriente;2.50
2025-10-26;Lomo de Cerdo;2.33
2025-10-26;Lomo de Res;3.84
2025-10-26;Medio Pollo;1.68
2025-10-26;Menudo;1.17
2025-10-26;Mortadela;3.21
2025-10-26;Muslo;1.59
2025-10-26;Muslo Especial;3.18
2025-10-26;Pechuga Con Ala;2.10
2025-10-26;Pechuga Especial;3.35
2025-10-26;Pierna Entera;1.11
2025-10-26;Pierna Especial;3.97
2025-10-26;Posta de Cerdo;2.39
2025-10-26;Posta de Corona;1.59
2025-10-26;Posta De Gallina;1.91
2025-10-26;Posta de Pierna;2.78
2025-10-26;Producto de Prueba;2.74
2025-10-26;Punta de Cacho;1.87
2025-10-26;Queso;3.45
2025-10-26;Salchicha;3.55
2025-10-26;Salchichon;2.57
2025-10-26;Sesina;3.60
2025-10-26;Titiles;2.80
2025-10-27;Centrolac leche entera 472 ml;1.69
2025-10-27;"Centrolac milk whole 1000 ml ";3.86
2025-10-27;Chincaca;1.82
2025-10-27;Chorizo Criollo;2.67
2025-10-27;Conito;2.80
2025-10-27;Costilla Alta;2.28
2025-10-27;Costilla de Cerdo;1.09
2025-10-27;Crema Perfecta;2.00
2025-10-27;Higado De Pollo;3.20
2025-10-27;Huesos Corriente;1.40
2025-10-27;Lomo de Cerdo;3.83
2025-10-27;Lomo de Res;2.02
2025-10-27;Medio Pollo;3.67
2025-10-27;Menudo;3.36
2025-10-27;Mortadela;3.29
2025-10-27;Muslo;2.62
2025-10-27;Muslo Especial;1.83
2025-10-27;Pechuga Con Ala;3.02
2025-10-27;Pechuga Especial;2.04
2025-10-27;Pierna Entera;2.91
2025-10-27;Pierna Especial;2.82
2025-10-27;Posta de Cerdo;3.17
2025-10-27;Posta de Corona;1.68
2025-10-27;Posta De Gallina;3.22
2025-10-27;Posta de Pierna;1.63
2025-10-27;Producto de Prueba;2.94
2025-10-27;Punta de Cacho;3.88
2025-10-27;Queso;1.39
2025-10-27;Salchicha;3.08
2025-10-27;Salchichon;3.67
2025-10-27;Sesina;1.81
2025-10-27;Titiles;2.23
2025-10-28;Centrolac leche entera 472 ml;1.49
2025-10-28;"Centrolac milk whole 1000 ml ";3.45
2025-10-28;Chincaca;3.93
2025-10-28;Chorizo Criollo;3.41
2025-10-28;Conito;1.62
2025-10-28;Costilla Alta;3.74
2025-10-28;Costilla de Cerdo;3.35
2025-10-28;Crema Perfecta;2.32
2025-10-28;Higado De Pollo;2.68
2025-10-28;Huesos Corriente;2.31
2025-10-28;Lomo de Cerdo;3.67
2025-10-28;Lomo de Res;3.26
2025-10-28;Medio Pollo;1.21
2025-10-28;Menudo;1.77
2025-10-28;Mortadela;2.18
2025-10-28;Muslo;1.06
2025-10-28;Muslo Especial;2.32
2025-10-28;Pechuga Con Ala;3.97
2025-10-28;Pechuga Especial;1.37
2025-10-28;Pierna Entera;1.99
2025-10-28;Pierna Especial;3.99
2025-10-28;Posta de Cerdo;2.57
2025-10-28;Posta de Corona;3.98
2025-10-28;Posta De Gallina;2.88
2025-10-28;Posta de Pierna;1.19
2025-10-28;Producto de Prueba;2.89
2025-10-28;Punta de Cacho;3.65
2025-10-28;Queso;1.19
2025-10-28;Salchicha;2.62
2025-10-28;Salchichon;2.72
2025-10-28;Sesina;2.47
2025-10-28;Titiles;1.85
2025-10-29;Centrolac leche entera 472 ml;2.06
2025-10-29;"Centrolac milk whole 1000 ml ";2.23
2025-10-29;Chincaca;2.36
2025-10-29;Chorizo Criollo;2.17
2025-10-29;Conito;2.68
2025-10-29;Costilla Alta;1.80
2025-10-29;Costilla de Cerdo;2.87
2025-10-29;Crema Perfecta;2.51
2025-10-29;Higado De Pollo;2.52
2025-10-29;Huesos Corriente;3.25
2025-10-29;Lomo de Cerdo;2.69
2025-10-29;Lomo de Res;1.53
2025-10-29;Medio Pollo;3.59
2025-10-29;Menudo;1.73
2025-10-29;Mortadela;2.62
2025-10-29;Muslo;3.87
2025-10-29;Muslo Especial;2.64
2025-10-29;Pechuga Con Ala;3.41
2025-10-29;Pechuga Especial;3.17
2025-10-29;Pierna Entera;3.35
2025-10-29;Pierna Especial;1.42
2025-10-29;Posta de Cerdo;3.21
2025-10-29;Posta de Corona;2.32
2025-10-29;Posta De Gallina;1.29
2025-10-29;Posta de Pierna;2.14
2025-10-29;Producto de Prueba;3.17
2025-10-29;Punta de Cacho;3.56
2025-10-29;Queso;2.28
2025-10-29;Salchicha;1.68
2025-10-29;Salchichon;2.12
2025-10-29;Sesina;2.42
2025-10-29;Titiles;1.23
2025-10-30;Centrolac leche entera 472 ml;2.68
2025-10-30;"Centrolac milk whole 1000 ml ";1.83
2025-10-30;Chincaca;1.72
2025-10-30;Chorizo Criollo;2.63
2025-10-30;Conito;2.74
2025-10-30;Costilla Alta;2.23
2025-10-30;Costilla de Cerdo;1.76
2025-10-30;Crema Perfecta;3.21
2025-10-30;Higado De Pollo;1.83
2025-10-30;Huesos Corriente;2.35
2025-10-30;Lomo de Cerdo;1.45
2025-10-30;Lomo de Res;2.51
2025-10-30;Medio Pollo;3.54
2025-10-30;Menudo;1.57
2025-10-30;Mortadela;3.88
2025-10-30;Muslo;2.60
2025-10-30;Muslo Especial;2.24
2025-10-30;Pechuga Con Ala;1.22
2025-10-30;Pechuga Especial;2.95
2025-10-30;Pierna Entera;2.48
2025-10-30;Pierna Especial;1.52
2025-10-30;Posta de Cerdo;2.86
2025-10-30;Posta de Corona;1.80
2025-10-30;Posta De Gallina;3.06
2025-10-30;Posta de Pierna;3.60
2025-10-30;Producto de Prueba;1.67
2025-10-30;Punta de Cacho;1.44
2025-10-30;Queso;2.97
2025-10-30;Salchicha;3.69
2025-10-30;Salchichon;2.78
2025-10-30;Sesina;1.98
2025-10-30;Titiles;2.46
2025-10-31;Centrolac leche entera 472 ml;1.33
2025-10-31;"Centrolac milk whole 1000 ml ";2.86
2025-10-31;Chincaca;1.31
2025-10-31;Chorizo Criollo;1.02
2025-10-31;Conito;2.18
2025-10-31;Costilla Alta;3.03
2025-10-31;Costilla de Cerdo;2.81
2025-10-31;Crema Perfecta;1.60
2025-10-31;Higado De Pollo;2.06
2025-10-31;Huesos Corriente;3.85
2025-10-31;Lomo de Cerdo;2.24
2025-10-31;Lomo de Res;1.57
2025-10-31;Medio Pollo;1.06
2025-10-31;Menudo;1.49
2025-10-31;Mortadela;2.00
2025-10-31;Muslo;3.84
2025-10-31;Muslo Especial;1.53
2025-10-31;Pechuga Con Ala;1.28
2025-10-31;Pechuga Especial;2.93
2025-10-31;Pierna Entera;1.38
2025-10-31;Pierna Especial;3.33
2025-10-31;Posta de Cerdo;3.19
2025-10-31;Posta de Corona;3.58
2025-10-31;Posta De Gallina;2.59
2025-10-31;Posta de Pierna;1.70
2025-10-31;Producto de Prueba;1.34
2025-10-31;Punta de Cacho;1.96
2025-10-31;Queso;3.70
2025-10-31;Salchicha;1.37
2025-10-31;Salchichon;3.66
2025-10-31;Sesina;3.71
2025-10-31;Titiles;1.87
2025-11-01;Centrolac leche entera 472 ml;2.96
2025-11-01;"Centrolac milk whole 1000 ml ";1.21
2025-11-01;Chincaca;3.54
2025-11-01;Chorizo Criollo;1.80
2025-11-01;Conito;1.08
2025-11-01;Costilla Alta;2.98
2025-11-01;Costilla de Cerdo;3.05
2025-11-01;Crema Perfecta;3.46
2025-11-01;Higado De Pollo;3.90
2025-11-01;Huesos Corriente;1.80
2025-11-01;Lomo de Cerdo;2.23
2025-11-01;Lomo de Res;1.15
2025-11-01;Medio Pollo;3.20
2025-11-01;Menudo;2.36
2025-11-01;Mortadela;2.08
2025-11-01;Muslo;2.38
2025-11-01;Muslo Especial;3.15
2025-11-01;Pechuga Con Ala;3.53
2025-11-01;Pechuga Especial;2.64
2025-11-01;Pierna Entera;1.19
2025-11-01;Pierna Especial;1.77
2025-11-01;Posta de Cerdo;2.15
2025-11-01;Posta de Corona;3.47
2025-11-01;Posta De Gallina;3.94
2025-11-01;Posta de Pierna;1.98
2025-11-01;Producto de Prueba;3.56
2025-11-01;Punta de Cacho;1.64
2025-11-01;Queso;3.34
2025-11-01;Salchicha;3.73
2025-11-01;Salchichon;1.06
2025-11-01;Sesina;1.80
2025-11-01;Titiles;3.10
2025-11-02;Centrolac leche entera 472 ml;2.06
2025-11-02;"Centrolac milk whole 1000 ml ";1.42
2025-11-02;Chincaca;1.78
2025-11-02;Chorizo Criollo;2.99
2025-11-02;Conito;2.58
2025-11-02;Costilla Alta;1.40
2025-11-02;Costilla de Cerdo;2.51
2025-11-02;Crema Perfecta;1.31
2025-11-02;Higado De Pollo;2.64
2025-11-02;Huesos Corriente;2.58
2025-11-02;Lomo de Cerdo;2.01
2025-11-02;Lomo de Res;1.23
2025-11-02;Medio Pollo;1.32
2025-11-02;Menudo;2.06
2025-11-02;Mortadela;3.87
2025-11-02;Muslo;3.34
2025-11-02;Muslo Especial;1.55
2025-11-02;Pechuga Con Ala;3.15
2025-11-02;Pechuga Especial;1.20
2025-11-02;Pierna Entera;3.14
2025-11-02;Pierna Especial;1.96
2025-11-02;Posta de Cerdo;3.04
2025-11-02;Posta de Corona;1.28
2025-11-02;Posta De Gallina;2.41
2025-11-02;Posta de Pierna;1.45
2025-11-02;Producto de Prueba;3.91
2025-11-02;Punta de Cacho;1.76
2025-11-02;Queso;3.23
2025-11-02;Salchicha;2.36
2025-11-02;Salchichon;3.17
2025-11-02;Sesina;1.80
2025-11-02;Titiles;2.55
2025-11-03;Centrolac leche entera 472 ml;2.49
2025-11-03;"Centrolac milk whole 1000 ml ";2.10
2025-11-03;Chincaca;2.89
2025-11-03;Chorizo Criollo;1.02
2025-11-03;Conito;2.29
2025-11-03;Costilla Alta;3.25
2025-11-03;Costilla de Cerdo;3.74
2025-11-03;Crema Perfecta;2.16
2025-11-03;Higado De Pollo;1.08
2025-11-03;Huesos Corriente;3.43
2025-11-03;Lomo de Cerdo;1.52
2025-11-03;Lomo de Res;2.22
2025-11-03;Medio Pollo;1.04
2025-11-03;Menudo;1.42
2025-11-03;Mortadela;3.95
2025-11-03;Muslo;1.93
2025-11-03;Muslo Especial;3.53
2025-11-03;Pechuga Con Ala;3.37
2025-11-03;Pechuga Especial;2.91
2025-11-03;Pierna Entera;1.42
2025-11-03;Pierna Especial;2.94
2025-11-03;Posta de Cerdo;1.83
2025-11-03;Posta de Corona;3.90
2025-11-03;Posta De Gallina;3.87
2025-11-03;Posta de Pierna;1.07
2025-11-03;Producto de Prueba;3.61
2025-11-03;Punta de Cacho;3.10
2025-11-03;Queso;3.66
2025-11-03;Salchicha;3.07
2025-11-03;Salchichon;3.56
2025-11-03;Sesina;3.51
2025-11-03;Titiles;3.46
2025-11-04;Centrolac leche entera 472 ml;2.38
2025-11-04;"Centrolac milk whole 1000 ml ";1.41
2025-11-04;Chincaca;1.69
2025-11-04;Chorizo Criollo;1.67
2025-11-04;Conito;1.81
2025-11-04;Costilla Alta;2.98
2025-11-04;Costilla de Cerdo;2.14
2025-11-04;Crema Perfecta;3.01
2025-11-04;Higado De Pollo;2.64
2025-11-04;Huesos Corriente;2.91
2025-11-04;Lomo de Cerdo;3.72
2025-11-04;Lomo de Res;2.21
2025-11-04;Medio Pollo;1.66
2025-11-04;Menudo;1.58
2025-11-04;Mortadela;3.04
2025-11-04;Muslo;2.26
2025-11-04;Muslo Especial;3.37
2025-11-04;Pechuga Con Ala;1.64
2025-11-04;Pechuga Especial;1.50
2025-11-04;Pierna Entera;3.80
2025-11-04;Pierna Especial;3.58
2025-11-04;Posta de Cerdo;2.66
2025-11-04;Posta de Corona;3.81
2025-11-04;Posta De Gallina;3.33
2025-11-04;Posta de Pierna;1.87
2025-11-04;Producto de Prueba;2.65
2025-11-04;Punta de Cacho;1.56
2025-11-04;Queso;3.25
2025-11-04;Salchicha;1.34
2025-11-04;Salchichon;1.91
2025-11-04;Sesina;1.92
2025-11-04;Titiles;3.75
2025-11-05;Centrolac leche entera 472 ml;1.85
2025-11-05;"Centrolac milk whole 1000 ml ";1.65
2025-11-05;Chincaca;2.97
2025-11-05;Chorizo Criollo;3.93
2025-11-05;Conito;1.31
2025-11-05;Costilla Alta;1.06
2025-11-05;Costilla de Cerdo;3.56
2025-11-05;Crema Perfecta;3.21
2025-11-05;Higado De Pollo;1.98
2025-11-05;Huesos Corriente;1.78
2025-11-05;Lomo de Cerdo;3.49
2025-11-05;Lomo de Res;1.83
2025-11-05;Medio Pollo;1.11
2025-11-05;Menudo;1.44
2025-11-05;Mortadela;2.11
2025-11-05;Muslo;1.99
2025-11-05;Muslo Especial;1.97
2025-11-05;Pechuga Con Ala;3.45
2025-11-05;Pechuga Especial;2.66
2025-11-05;Pierna Entera;3.78
2025-11-05;Pierna Especial;3.67
2025-11-05;Posta de Cerdo;1.60
2025-11-05;Posta de Corona;2.14
2025-11-05;Posta De Gallina;2.29
2025-11-05;Posta de Pierna;3.06
2025-11-05;Producto de Prueba;1.45
2025-11-05;Punta de Cacho;2.62
2025-11-05;Queso;3.84
2025-11-05;Salchicha;2.67
2025-11-05;Salchichon;1.36
2025-11-05;Sesina;2.60
2025-11-05;Titiles;2.40
2025-11-06;Centrolac leche entera 472 ml;1.41
2025-11-06;"Centrolac milk whole 1000 ml ";1.53
2025-11-06;Chincaca;1.44
2025-11-06;Chorizo Criollo;2.01
2025-11-06;Conito;1.87
2025-11-06;Costilla Alta;2.34
2025-11-06;Costilla de Cerdo;2.87
2025-11-06;Crema Perfecta;3.84
2025-11-06;Higado De Pollo;3.02
2025-11-06;Huesos Corriente;4.00
2025-11-06;Lomo de Cerdo;1.80
2025-11-06;Lomo de Res;2.56
2025-11-06;Medio Pollo;3.76
2025-11-06;Menudo;1.51
2025-11-06;Mortadela;1.29
2025-11-06;Muslo;2.98
2025-11-06;Muslo Especial;3.00
2025-11-06;Pechuga Con Ala;3.32
2025-11-06;Pechuga Especial;3.42
2025-11-06;Pierna Entera;2.28
2025-11-06;Pierna Especial;3.08
2025-11-06;Posta de Cerdo;2.05
2025-11-06;Posta de Corona;1.37
2025-11-06;Posta De Gallina;3.63
2025-11-06;Posta de Pierna;3.63
2025-11-06;Producto de Prueba;3.56
2025-11-06;Punta de Cacho;1.09
2025-11-06;Queso;2.36
2025-11-06;Salchicha;3.69
2025-11-06;Salchichon;3.96
2025-11-06;Sesina;2.96
2025-11-06;Titiles;1.94
2025-11-07;Centrolac leche entera 472 ml;2.32
2025-11-07;"Centrolac milk whole 1000 ml ";3.86
2025-11-07;Chincaca;2.78
2025-11-07;Chorizo Criollo;3.09
2025-11-07;Conito;3.29
2025-11-07;Costilla Alta;2.04
2025-11-07;Costilla de Cerdo;3.65
2025-11-07;Crema Perfecta;1.92
2025-11-07;Higado De Pollo;1.27
2025-11-07;Huesos Corriente;3.53
2025-11-07;Lomo de Cerdo;2.75
2025-11-07;Lomo de Res;3.75
2025-11-07;Medio Pollo;1.36
2025-11-07;Menudo;1.61
2025-11-07;Mortadela;1.38
2025-11-07;Muslo;3.09
2025-11-07;Muslo Especial;1.70
2025-11-07;Pechuga Con Ala;2.13
2025-11-07;Pechuga Especial;1.85
2025-11-07;Pierna Entera;3.31
2025-11-07;Pierna Especial;3.09
2025-11-07;Posta de Cerdo;3.76
2025-11-07;Posta de Corona;1.98
2025-11-07;Posta De Gallina;1.87
2025-11-07;Posta de Pierna;2.28
2025-11-07;Producto de Prueba;3.59
2025-11-07;Punta de Cacho;3.37
2025-11-07;Queso;1.37
2025-11-07;Salchicha;1.60
2025-11-07;Salchichon;2.28
2025-11-07;Sesina;3.70
2025-11-07;Titiles;1.16
2025-11-08;Centrolac leche entera 472 ml;2.66
2025-11-08;"Centrolac milk whole 1000 ml ";2.88
2025-11-08;Chincaca;3.97
2025-11-08;Chorizo Criollo;2.02
2025-11-08;Conito;3.75
2025-11-08;Costilla Alta;2.12
2025-11-08;Costilla de Cerdo;2.95
2025-11-08;Crema Perfecta;3.48
2025-11-08;Higado De Pollo;3.28
2025-11-08;Huesos Corriente;3.09
2025-11-08;Lomo de Cerdo;1.37
2025-11-08;Lomo de Res;3.84
2025-11-08;Medio Pollo;2.44
2025-11-08;Menudo;3.49
2025-11-08;Mortadela;1.62
2025-11-08;Muslo;3.38
2025-11-08;Muslo Especial;2.97
2025-11-08;Pechuga Con Ala;3.00
2025-11-08;Pechuga Especial;1.87
2025-11-08;Pierna Entera;1.43
2025-11-08;Pierna Especial;2.43
2025-11-08;Posta de Cerdo;2.14
2025-11-08;Posta de Corona;2.83
2025-11-08;Posta De Gallina;2.21
2025-11-08;Posta de Pierna;3.64
2025-11-08;Producto de Prueba;3.39
2025-11-08;Punta de Cacho;2.46
2025-11-08;Queso;2.92
2025-11-08;Salchicha;1.63
2025-11-08;Salchichon;1.52
2025-11-08;Sesina;3.99
2025-11-08;Titiles;1.55
2025-11-09;Centrolac leche entera 472 ml;1.37
2025-11-09;"Centrolac milk whole 1000 ml ";1.68
2025-11-09;Chincaca;1.78
2025-11-09;Chorizo Criollo;3.10
2025-11-09;Conito;3.25
2025-11-09;Costilla Alta;2.44
2025-11-09;Costilla de Cerdo;3.99
2025-11-09;Crema Perfecta;2.34
2025-11-09;Higado De Pollo;1.63
2025-11-09;Huesos Corriente;3.37
2025-11-09;Lomo de Cerdo;1.44
2025-11-09;Lomo de Res;1.49
2025-11-09;Medio Pollo;3.39
2025-11-09;Menudo;3.83
2025-11-09;Mortadela;3.95
2025-11-09;Muslo;2.15
2025-11-09;Muslo Especial;2.43
2025-11-09;Pechuga Con Ala;2.10
2025-11-09;Pechuga Especial;2.19
2025-11-09;Pierna Entera;3.89
2025-11-09;Pierna Especial;3.00
2025-11-09;Posta de Cerdo;2.15
2025-11-09;Posta de Corona;1.33
2025-11-09;Posta De Gallina;1.74
2025-11-09;Posta de Pierna;3.00
2025-11-09;Producto de Prueba;2.84
2025-11-09;Punta de Cacho;1.53
2025-11-09;Queso;3.57
2025-11-09;Salchicha;2.35
2025-11-09;Salchichon;3.81
2025-11-09;Sesina;3.13
2025-11-09;Titiles;2.07
2025-11-10;Centrolac leche entera 472 ml;3.55
2025-11-10;"Centrolac milk whole 1000 ml ";2.98
2025-11-10;Chincaca;3.60
2025-11-10;Chorizo Criollo;1.32
2025-11-10;Conito;1.99
2025-11-10;Costilla Alta;3.61
2025-11-10;Costilla de Cerdo;2.86
2025-11-10;Crema Perfecta;2.58
2025-11-10;Higado De Pollo;1.96
2025-11-10;Huesos Corriente;3.84
2025-11-10;Lomo de Cerdo;3.44
2025-11-10;Lomo de Res;2.22
2025-11-10;Medio Pollo;1.84
2025-11-10;Menudo;3.90
2025-11-10;Mortadela;3.60
2025-11-10;Muslo;3.73
2025-11-10;Muslo Especial;1.03
2025-11-10;Pechuga Con Ala;2.27
2025-11-10;Pechuga Especial;2.10
2025-11-10;Pierna Entera;2.47
2025-11-10;Pierna Especial;1.68
2025-11-10;Posta de Cerdo;3.47
2025-11-10;Posta de Corona;1.04
2025-11-10;Posta De Gallina;3.38
2025-11-10;Posta de Pierna;1.00
2025-11-10;Producto de Prueba;2.67
2025-11-10;Punta de Cacho;1.80
2025-11-10;Queso;2.58
2025-11-10;Salchicha;3.37
2025-11-10;Salchichon;1.45
2025-11-10;Sesina;2.95
2025-11-10;Titiles;1.74
2025-11-11;Centrolac leche entera 472 ml;2.01
2025-11-11;"Centrolac milk whole 1000 ml ";2.01
2025-11-11;Chincaca;1.79
2025-11-11;Chorizo Criollo;3.91
2025-11-11;Conito;1.15
2025-11-11;Costilla Alta;3.78
2025-11-11;Costilla de Cerdo;2.36
2025-11-11;Crema Perfecta;1.69
2025-11-11;Higado De Pollo;1.74
2025-11-11;Huesos Corriente;1.21
2025-11-11;Lomo de Cerdo;1.70
2025-11-11;Lomo de Res;3.05
2025-11-11;Medio Pollo;3.08
2025-11-11;Menudo;3.85
2025-11-11;Mortadela;2.15
2025-11-11;Muslo;1.54
2025-11-11;Muslo Especial;1.86
2025-11-11;Pechuga Con Ala;3.75
2025-11-11;Pechuga Especial;2.30
2025-11-11;Pierna Entera;1.12
2025-11-11;Pierna Especial;3.70
2025-11-11;Posta de Cerdo;3.07
2025-11-11;Posta de Corona;3.73
2025-11-11;Posta De Gallina;1.79
2025-11-11;Posta de Pierna;1.69
2025-11-11;Producto de Prueba;3.25
2025-11-11;Punta de Cacho;2.08
2025-11-11;Queso;1.78
2025-11-11;Salchicha;3.27
2025-11-11;Salchichon;1.18
2025-11-11;Sesina;3.88
2025-11-11;Titiles;1.32
2025-11-12;Centrolac leche entera 472 ml;1.93
2025-11-12;"Centrolac milk whole 1000 ml ";3.72
2025-11-12;Chincaca;2.06
2025-11-12;Chorizo Criollo;3.65
2025-11-12;Conito;2.76
2025-11-12;Costilla Alta;3.77
2025-11-12;Costilla de Cerdo;1.75
2025-11-12;Crema Perfecta;3.47
2025-11-12;Higado De Pollo;2.32
2025-11-12;Huesos Corriente;1.03
2025-11-12;Lomo de Cerdo;3.15
2025-11-12;Lomo de Res;1.16
2025-11-12;Medio Pollo;3.28
2025-11-12;Menudo;3.87
2025-11-12;Mortadela;3.86
2025-11-12;Muslo;3.14
2025-11-12;Muslo Especial;1.33
2025-11-12;Pechuga Con Ala;3.65
2025-11-12;Pechuga Especial;3.16
2025-11-12;Pierna Entera;3.00
2025-11-12;Pierna Especial;2.73
2025-11-12;Posta de Cerdo;3.75
2025-11-12;Posta de Corona;3.53
2025-11-12;Posta De Gallina;1.32
2025-11-12;Posta de Pierna;1.37
2025-11-12;Producto de Prueba;3.62
2025-11-12;Punta de Cacho;2.25
2025-11-12;Queso;1.56
2025-11-12;Salchicha;1.15
2025-11-12;Salchichon;2.31
2025-11-12;Sesina;3.18
2025-11-12;Titiles;2.09
2025-11-13;Centrolac leche entera 472 ml;1.07
2025-11-13;"Centrolac milk whole 1000 ml ";3.04
2025-11-13;Chincaca;1.13
2025-11-13;Chorizo Criollo;3.56
2025-11-13;Conito;1.63
2025-11-13;Costilla Alta;3.51
2025-11-13;Costilla de Cerdo;3.34
2025-11-13;Crema Perfecta;3.72
2025-11-13;Higado De Pollo;1.99
2025-11-13;Huesos Corriente;2.15
2025-11-13;Lomo de Cerdo;1.58
2025-11-13;Lomo de Res;3.63
2025-11-13;Medio Pollo;1.50
2025-11-13;Menudo;3.98
2025-11-13;Mortadela;1.21
2025-11-13;Muslo;2.02
2025-11-13;Muslo Especial;2.90
2025-11-13;Pechuga Con Ala;2.81
2025-11-13;Pechuga Especial;2.74
2025-11-13;Pierna Entera;2.09
2025-11-13;Pierna Especial;2.55
2025-11-13;Posta de Cerdo;1.61
2025-11-13;Posta de Corona;2.47
2025-11-13;Posta De Gallina;3.45
2025-11-13;Posta de Pierna;3.24
2025-11-13;Producto de Prueba;2.20
2025-11-13;Punta de Cacho;2.12
2025-11-13;Queso;2.76
2025-11-13;Salchicha;1.11
2025-11-13;Salchichon;1.18
2025-11-13;Sesina;2.43
2025-11-13;Titiles;2.01
2025-11-14;Centrolac leche entera 472 ml;2.52
2025-11-14;"Centrolac milk whole 1000 ml ";1.24
2025-11-14;Chincaca;3.55
2025-11-14;Chorizo Criollo;1.45
2025-11-14;Conito;1.66
2025-11-14;Costilla Alta;1.88
2025-11-14;Costilla de Cerdo;2.52
2025-11-14;Crema Perfecta;1.39
2025-11-14;Higado De Pollo;2.84
2025-11-14;Huesos Corriente;3.64
2025-11-14;Lomo de Cerdo;1.24
2025-11-14;Lomo de Res;1.96
2025-11-14;Medio Pollo;1.54
2025-11-14;Menudo;1.54
2025-11-14;Mortadela;1.62
2025-11-14;Muslo;3.83
2025-11-14;Muslo Especial;3.01
2025-11-14;Pechuga Con Ala;1.22
2025-11-14;Pechuga Especial;2.65
2025-11-14;Pierna Entera;1.45
2025-11-14;Pierna Especial;2.06
2025-11-14;Posta de Cerdo;2.88
2025-11-14;Posta de Corona;2.79
2025-11-14;Posta De Gallina;3.30
2025-11-14;Posta de Pierna;1.30
2025-11-14;Producto de Prueba;1.45
2025-11-14;Punta de Cacho;1.21
2025-11-14;Queso;1.66
2025-11-14;Salchicha;2.08
2025-11-14;Salchichon;3.55
2025-11-14;Sesina;3.06
2025-11-14;Titiles;3.26
2025-11-15;Centrolac leche entera 472 ml;1.55
2025-11-15;"Centrolac milk whole 1000 ml ";1.25
2025-11-15;Chincaca;3.18
2025-11-15;Chorizo Criollo;1.84
2025-11-15;Conito;2.40
2025-11-15;Costilla Alta;3.40
2025-11-15;Costilla de Cerdo;3.88
2025-11-15;Crema Perfecta;1.86
2025-11-15;Higado De Pollo;3.25
2025-11-15;Huesos Corriente;1.65
2025-11-15;Lomo de Cerdo;2.57
2025-11-15;Lomo de Res;1.90
2025-11-15;Medio Pollo;2.82
2025-11-15;Menudo;3.24
2025-11-15;Mortadela;2.90
2025-11-15;Muslo;2.02
2025-11-15;Muslo Especial;3.24
2025-11-15;Pechuga Con Ala;1.19
2025-11-15;Pechuga Especial;3.00
2025-11-15;Pierna Entera;3.04
2025-11-15;Pierna Especial;2.39
2025-11-15;Posta de Cerdo;3.87
2025-11-15;Posta de Corona;2.23
2025-11-15;Posta De Gallina;2.31
2025-11-15;Posta de Pierna;1.08
2025-11-15;Producto de Prueba;2.49
2025-11-15;Punta de Cacho;1.44
2025-11-15;Queso;2.27
2025-11-15;Salchicha;1.03
2025-11-15;Salchichon;2.77
2025-11-15;Sesina;1.33
2025-11-15;Titiles;1.40
2025-11-16;Centrolac leche entera 472 ml;2.03
2025-11-16;"Centrolac milk whole 1000 ml ";3.17
2025-11-16;Chincaca;3.75
2025-11-16;Chorizo Criollo;3.56
2025-11-16;Conito;1.85
2025-11-16;Costilla Alta;3.98
2025-11-16;Costilla de Cerdo;3.02
2025-11-16;Crema Perfecta;2.83
2025-11-16;Higado De Pollo;1.29
2025-11-16;Huesos Corriente;3.42
2025-11-16;Lomo de Cerdo;2.01
2025-11-16;Lomo de Res;3.15
2025-11-16;Medio Pollo;1.36
2025-11-16;Menudo;1.77
2025-11-16;Mortadela;3.74
2025-11-16;Muslo;3.49
2025-11-16;Muslo Especial;3.69
2025-11-16;Pechuga Con Ala;2.44
2025-11-16;Pechuga Especial;2.65
2025-11-16;Pierna Entera;2.45
2025-11-16;Pierna Especial;1.48
2025-11-16;Posta de Cerdo;1.79
2025-11-16;Posta de Corona;1.31
2025-11-16;Posta De Gallina;3.57
2025-11-16;Posta de Pierna;2.96
2025-11-16;Producto de Prueba;2.57
2025-11-16;Punta de Cacho;3.43
2025-11-16;Queso;1.46
2025-11-16;Salchicha;2.74
2025-11-16;Salchichon;2.51
2025-11-16;Sesina;1.86
2025-11-16;Titiles;1.57
2025-11-17;Centrolac leche entera 472 ml;1.09
2025-11-17;"Centrolac milk whole 1000 ml ";2.18
2025-11-17;Chincaca;1.90
2025-11-17;Chorizo Criollo;1.05
2025-11-17;Conito;2.89
2025-11-17;Costilla Alta;1.95
2025-11-17;Costilla de Cerdo;2.56
2025-11-17;Crema Perfecta;3.94
2025-11-17;Higado De Pollo;2.85
2025-11-17;Huesos Corriente;3.06
2025-11-17;Lomo de Cerdo;3.52
2025-11-17;Lomo de Res;2.93
2025-11-17;Medio Pollo;3.24
2025-11-17;Menudo;3.68
2025-11-17;Mortadela;1.53
2025-11-17;Muslo;3.07
2025-11-17;Muslo Especial;1.06
2025-11-17;Pechuga Con Ala;2.62
2025-11-17;Pechuga Especial;1.44
2025-11-17;Pierna Entera;2.78
2025-11-17;Pierna Especial;1.95
2025-11-17;Posta de Cerdo;1.08
2025-11-17;Posta de Corona;1.22
2025-11-17;Posta De Gallina;1.62
2025-11-17;Posta de Pierna;1.84
2025-11-17;Producto de Prueba;2.65
2025-11-17;Punta de Cacho;3.44
2025-11-17;Queso;1.79
2025-11-17;Salchicha;3.70
2025-11-17;Salchichon;2.20
2025-11-17;Sesina;1.62
2025-11-17;Titiles;2.25
2025-11-18;Centrolac leche entera 472 ml;1.12
2025-11-18;"Centrolac milk whole 1000 ml ";2.27
2025-11-18;Chincaca;2.98
2025-11-18;Chorizo Criollo;3.51
2025-11-18;Conito;3.79
2025-11-18;Costilla Alta;1.58
2025-11-18;Costilla de Cerdo;2.10
2025-11-18;Crema Perfecta;1.39
2025-11-18;Higado De Pollo;2.72
2025-11-18;Huesos Corriente;2.36
2025-11-18;Lomo de Cerdo;3.35
2025-11-18;Lomo de Res;1.44
2025-11-18;Medio Pollo;1.12
2025-11-18;Menudo;1.04
2025-11-18;Mortadela;2.33
2025-11-18;Muslo;3.32
2025-11-18;Muslo Especial;1.37
2025-11-18;Pechuga Con Ala;1.14
2025-11-18;Pechuga Especial;2.18
2025-11-18;Pierna Entera;3.37
2025-11-18;Pierna Especial;1.15
2025-11-18;Posta de Cerdo;1.56
2025-11-18;Posta de Corona;1.82
2025-11-18;Posta De Gallina;1.04
2025-11-18;Posta de Pierna;1.47
2025-11-18;Producto de Prueba;2.79
2025-11-18;Punta de Cacho;1.39
2025-11-18;Queso;1.25
2025-11-18;Salchicha;1.59
2025-11-18;Salchichon;3.03
2025-11-18;Sesina;2.19
2025-11-18;Titiles;3.76
2025-11-19;Centrolac leche entera 472 ml;2.27
2025-11-19;"Centrolac milk whole 1000 ml ";3.97
2025-11-19;Chincaca;3.41
2025-11-19;Chorizo Criollo;3.83
2025-11-19;Conito;1.92
2025-11-19;Costilla Alta;3.42
2025-11-19;Costilla de Cerdo;2.42
2025-11-19;Crema Perfecta;1.53
2025-11-19;Higado De Pollo;3.54
2025-11-19;Huesos Corriente;3.22
2025-11-19;Lomo de Cerdo;1.98
2025-11-19;Lomo de Res;1.66
2025-11-19;Medio Pollo;1.63
2025-11-19;Menudo;3.73
2025-11-19;Mortadela;2.30
2025-11-19;Muslo;1.72
2025-11-19;Muslo Especial;1.06
2025-11-19;Pechuga Con Ala;2.90
2025-11-19;Pechuga Especial;1.21
2025-11-19;Pierna Entera;1.15
2025-11-19;Pierna Especial;1.83
2025-11-19;Posta de Cerdo;2.81
2025-11-19;Posta de Corona;1.95
2025-11-19;Posta De Gallina;2.78
2025-11-19;Posta de Pierna;1.38
2025-11-19;Producto de Prueba;2.84
2025-11-19;Punta de Cacho;1.80
2025-11-19;Queso;3.79
2025-11-19;Salchicha;1.77
2025-11-19;Salchichon;2.96
2025-11-19;Sesina;2.76
2025-11-19;Titiles;2.34
2025-11-20;Centrolac leche entera 472 ml;2.10
2025-11-20;"Centrolac milk whole 1000 ml ";3.12
2025-11-20;Chincaca;3.06
2025-11-20;Chorizo Criollo;2.45
2025-11-20;Conito;3.23
2025-11-20;Costilla Alta;3.71
2025-11-20;Costilla de Cerdo;1.71
2025-11-20;Crema Perfecta;1.04
2025-11-20;Higado De Pollo;1.44
2025-11-20;Huesos Corriente;2.04
2025-11-20;Lomo de Cerdo;3.95
2025-11-20;Lomo de Res;3.44
2025-11-20;Medio Pollo;3.93
2025-11-20;Menudo;3.37
2025-11-20;Mortadela;3.53
2025-11-20;Muslo;3.66
2025-11-20;Muslo Especial;1.14
2025-11-20;Pechuga Con Ala;2.39
2025-11-20;Pechuga Especial;2.06
2025-11-20;Pierna Entera;3.23
2025-11-20;Pierna Especial;2.76
2025-11-20;Posta de Cerdo;1.17
2025-11-20;Posta de Corona;2.91
2025-11-20;Posta De Gallina;3.13
2025-11-20;Posta de Pierna;3.97
2025-11-20;Producto de Prueba;3.53
2025-11-20;Punta de Cacho;1.54
2025-11-20;Queso;2.84
2025-11-20;Salchicha;2.48
2025-11-20;Salchichon;3.92
2025-11-20;Sesina;2.37
2025-11-20;Titiles;2.25
2025-11-21;Centrolac leche entera 472 ml;3.33
2025-11-21;"Centrolac milk whole 1000 ml ";1.04
2025-11-21;Chincaca;1.89
2025-11-21;Chorizo Criollo;2.36
2025-11-21;Conito;3.13
2025-11-21;Costilla Alta;3.30
2025-11-21;Costilla de Cerdo;2.58
2025-11-21;Crema Perfecta;2.76
2025-11-21;Higado De Pollo;2.78
2025-11-21;Huesos Corriente;1.13
2025-11-21;Lomo de Cerdo;1.85
2025-11-21;Lomo de Res;2.45
2025-11-21;Medio Pollo;1.30
2025-11-21;Menudo;3.15
2025-11-21;Mortadela;1.06
2025-11-21;Muslo;2.40
2025-11-21;Muslo Especial;3.04
2025-11-21;Pechuga Con Ala;1.23
2025-11-21;Pechuga Especial;3.65
2025-11-21;Pierna Entera;1.29
2025-11-21;Pierna Especial;3.44
2025-11-21;Posta de Cerdo;1.51
2025-11-21;Posta de Corona;2.34
2025-11-21;Posta De Gallina;3.62
2025-11-21;Posta de Pierna;1.90
2025-11-21;Producto de Prueba;2.69
2025-11-21;Punta de Cacho;3.28
2025-11-21;Queso;1.31
2025-11-21;Salchicha;3.19
2025-11-21;Salchichon;1.26
2025-11-21;Sesina;2.66
2025-11-21;Titiles;3.10
2025-11-22;Centrolac leche entera 472 ml;1.69
2025-11-22;"Centrolac milk whole 1000 ml ";1.76
2025-11-22;Chincaca;2.60
2025-11-22;Chorizo Criollo;2.93
2025-11-22;Conito;1.32
2025-11-22;Costilla Alta;2.58
2025-11-22;Costilla de Cerdo;2.18
2025-11-22;Crema Perfecta;2.23
2025-11-22;Higado De Pollo;2.61
2025-11-22;Huesos Corriente;1.50
2025-11-22;Lomo de Cerdo;3.44
2025-11-22;Lomo de Res;1.61
2025-11-22;Medio Pollo;1.81
2025-11-22;Menudo;2.80
2025-11-22;Mortadela;2.15
2025-11-22;Muslo;2.14
2025-11-22;Muslo Especial;3.05
2025-11-22;Pechuga Con Ala;3.20
2025-11-22;Pechuga Especial;3.79
2025-11-22;Pierna Entera;1.89
2025-11-22;Pierna Especial;1.36
2025-11-22;Posta de Cerdo;1.50
2025-11-22;Posta de Corona;3.67
2025-11-22;Posta De Gallina;1.29
2025-11-22;Posta de Pierna;2.28
2025-11-22;Producto de Prueba;3.05
2025-11-22;Punta de Cacho;2.18
2025-11-22;Queso;2.02
2025-11-22;Salchicha;3.30
2025-11-22;Salchichon;1.08
2025-11-22;Sesina;3.07
2025-11-22;Titiles;1.23
2025-11-23;Centrolac leche entera 472 ml;2.09
2025-11-23;"Centrolac milk whole 1000 ml ";1.57
2025-11-23;Chincaca;1.45
2025-11-23;Chorizo Criollo;1.92
2025-11-23;Conito;3.76
2025-11-23;Costilla Alta;3.63
2025-11-23;Costilla de Cerdo;3.09
2025-11-23;Crema Perfecta;2.24
2025-11-23;Higado De Pollo;1.92
2025-11-23;Huesos Corriente;3.01
2025-11-23;Lomo de Cerdo;1.68
2025-11-23;Lomo de Res;1.95
2025-11-23;Medio Pollo;3.41
2025-11-23;Menudo;1.10
2025-11-23;Mortadela;2.37
2025-11-23;Muslo;2.19
2025-11-23;Muslo Especial;1.46
2025-11-23;Pechuga Con Ala;2.47
2025-11-23;Pechuga Especial;3.18
2025-11-23;Pierna Entera;2.41
2025-11-23;Pierna Especial;3.35
2025-11-23;Posta de Cerdo;2.00
2025-11-23;Posta de Corona;2.16
2025-11-23;Posta De Gallina;1.73
2025-11-23;Posta de Pierna;2.68
2025-11-23;Producto de Prueba;2.47
2025-11-23;Punta de Cacho;1.14
2025-11-23;Queso;3.80
2025-11-23;Salchicha;1.02
2025-11-23;Salchichon;1.72
2025-11-23;Sesina;1.69
2025-11-23;Titiles;2.47
2025-11-24;Centrolac leche entera 472 ml;1.94
2025-11-24;"Centrolac milk whole 1000 ml ";2.76
2025-11-24;Chincaca;2.23
2025-11-24;Chorizo Criollo;2.74
2025-11-24;Conito;3.24
2025-11-24;Costilla Alta;1.83
2025-11-24;Costilla de Cerdo;1.43
2025-11-24;Crema Perfecta;1.06
2025-11-24;Higado De Pollo;2.47
2025-11-24;Huesos Corriente;3.80
2025-11-24;Lomo de Cerdo;2.99
2025-11-24;Lomo de Res;1.42
2025-11-24;Medio Pollo;2.91
2025-11-24;Menudo;1.89
2025-11-24;Mortadela;1.62
2025-11-24;Muslo;1.59
2025-11-24;Muslo Especial;2.61
2025-11-24;Pechuga Con Ala;3.00
2025-11-24;Pechuga Especial;1.18
2025-11-24;Pierna Entera;3.09
2025-11-24;Pierna Especial;1.55
2025-11-24;Posta de Cerdo;3.22
2025-11-24;Posta de Corona;2.42
2025-11-24;Posta De Gallina;2.46
2025-11-24;Posta de Pierna;2.37
2025-11-24;Producto de Prueba;3.06
2025-11-24;Punta de Cacho;3.12
2025-11-24;Queso;2.52
2025-11-24;Salchicha;3.85
2025-11-24;Salchichon;1.88
2025-11-24;Sesina;1.35
2025-11-24;Titiles;3.45
2025-11-25;Centrolac leche entera 472 ml;2.08
2025-11-25;"Centrolac milk whole 1000 ml ";1.37
2025-11-25;Chincaca;3.54
2025-11-25;Chorizo Criollo;2.79
2025-11-25;Conito;3.60
2025-11-25;Costilla Alta;3.18
2025-11-25;Costilla de Cerdo;2.83
2025-11-25;Crema Perfecta;3.14
2025-11-25;Higado De Pollo;1.42
2025-11-25;Huesos Corriente;1.50
2025-11-25;Lomo de Cerdo;3.02
2025-11-25;Lomo de Res;2.17
2025-11-25;Medio Pollo;2.01
2025-11-25;Menudo;2.01
2025-11-25;Mortadela;2.54
2025-11-25;Muslo;3.16
2025-11-25;Muslo Especial;2.92
2025-11-25;Pechuga Con Ala;3.33
2025-11-25;Pechuga Especial;1.34
2025-11-25;Pierna Entera;1.91
2025-11-25;Pierna Especial;3.10
2025-11-25;Posta de Cerdo;3.31
2025-11-25;Posta de Corona;1.39
2025-11-25;Posta De Gallina;2.77
2025-11-25;Posta de Pierna;3.14
2025-11-25;Producto de Prueba;1.04
2025-11-25;Punta de Cacho;1.60
2025-11-25;Queso;3.90
2025-11-25;Salchicha;4.70
2025-11-25;Salchichon;3.98
2025-11-25;Sesina;1.91
2025-11-25;Titiles;3.01
2025-12-01;Costilla de Cerdo;3.00
2025-12-01;Medio Pollo;3.00
